<?xml version="1.0" encoding="Windows-1252"?>
<!DOCTYPE POWERMART SYSTEM "powrmart.dtd">
<POWERMART CREATION_DATE="04/03/2020 18:28:41" REPOSITORY_VERSION="182.91">
<REPOSITORY NAME="info_repo" VERSION="182" CODEPAGE="MS1252" DATABASETYPE="Oracle">
<FOLDER NAME="Exe6" GROUP="" OWNER="Administrator" SHARED="NOTSHARED" DESCRIPTION="" PERMISSIONS="rwx---r--" UUID="bbe30e25-4bae-46b9-83dc-c0d2f147bc1c">
    <SOURCE BUSINESSNAME ="" DATABASETYPE ="Oracle" DBDNAME ="DEV_HR" DESCRIPTION ="" NAME ="DIM_JOBS" OBJECTVERSION ="1" OWNERNAME ="DWH" VERSIONNUMBER ="1">
        <SOURCEFIELD BUSINESSNAME ="" DATATYPE ="varchar2" DESCRIPTION ="" FIELDNUMBER ="1" FIELDPROPERTY ="0" FIELDTYPE ="ELEMITEM" HIDDEN ="NO" KEYTYPE ="NOT A KEY" LENGTH ="0" LEVEL ="0" NAME ="JOB_ID" NULLABLE ="NULL" OCCURS ="0" OFFSET ="0" PHYSICALLENGTH ="10" PHYSICALOFFSET ="0" PICTURETEXT ="" PRECISION ="10" SCALE ="0" USAGE_FLAGS =""/>
        <SOURCEFIELD BUSINESSNAME ="" DATATYPE ="varchar2" DESCRIPTION ="" FIELDNUMBER ="2" FIELDPROPERTY ="0" FIELDTYPE ="ELEMITEM" HIDDEN ="NO" KEYTYPE ="NOT A KEY" LENGTH ="0" LEVEL ="0" NAME ="JOB_TITLE" NULLABLE ="NULL" OCCURS ="0" OFFSET ="0" PHYSICALLENGTH ="35" PHYSICALOFFSET ="10" PICTURETEXT ="" PRECISION ="35" SCALE ="0" USAGE_FLAGS =""/>
        <SOURCEFIELD BUSINESSNAME ="" DATATYPE ="number(p,s)" DESCRIPTION ="" FIELDNUMBER ="3" FIELDPROPERTY ="0" FIELDTYPE ="ELEMITEM" HIDDEN ="NO" KEYTYPE ="NOT A KEY" LENGTH ="8" LEVEL ="0" NAME ="MIN_SALARY" NULLABLE ="NULL" OCCURS ="0" OFFSET ="0" PHYSICALLENGTH ="6" PHYSICALOFFSET ="45" PICTURETEXT ="" PRECISION ="6" SCALE ="0" USAGE_FLAGS =""/>
        <SOURCEFIELD BUSINESSNAME ="" DATATYPE ="number(p,s)" DESCRIPTION ="" FIELDNUMBER ="4" FIELDPROPERTY ="0" FIELDTYPE ="ELEMITEM" HIDDEN ="NO" KEYTYPE ="NOT A KEY" LENGTH ="8" LEVEL ="0" NAME ="MAX_SALARY" NULLABLE ="NULL" OCCURS ="0" OFFSET ="8" PHYSICALLENGTH ="6" PHYSICALOFFSET ="51" PICTURETEXT ="" PRECISION ="6" SCALE ="0" USAGE_FLAGS =""/>
        <SOURCEFIELD BUSINESSNAME ="" DATATYPE ="number(p,s)" DESCRIPTION ="" FIELDNUMBER ="5" FIELDPROPERTY ="0" FIELDTYPE ="ELEMITEM" HIDDEN ="NO" KEYTYPE ="NOT A KEY" LENGTH ="8" LEVEL ="0" NAME ="EMPLOYEE_ID" NULLABLE ="NULL" OCCURS ="0" OFFSET ="16" PHYSICALLENGTH ="6" PHYSICALOFFSET ="57" PICTURETEXT ="" PRECISION ="6" SCALE ="0" USAGE_FLAGS =""/>
        <SOURCEFIELD BUSINESSNAME ="" DATATYPE ="date" DESCRIPTION ="" FIELDNUMBER ="6" FIELDPROPERTY ="0" FIELDTYPE ="ELEMITEM" HIDDEN ="NO" KEYTYPE ="NOT A KEY" LENGTH ="19" LEVEL ="0" NAME ="START_DATE" NULLABLE ="NULL" OCCURS ="0" OFFSET ="24" PHYSICALLENGTH ="19" PHYSICALOFFSET ="63" PICTURETEXT ="" PRECISION ="19" SCALE ="0" USAGE_FLAGS =""/>
        <SOURCEFIELD BUSINESSNAME ="" DATATYPE ="date" DESCRIPTION ="" FIELDNUMBER ="7" FIELDPROPERTY ="0" FIELDTYPE ="ELEMITEM" HIDDEN ="NO" KEYTYPE ="NOT A KEY" LENGTH ="19" LEVEL ="0" NAME ="END_DATE" NULLABLE ="NULL" OCCURS ="0" OFFSET ="43" PHYSICALLENGTH ="19" PHYSICALOFFSET ="82" PICTURETEXT ="" PRECISION ="19" SCALE ="0" USAGE_FLAGS =""/>
    </SOURCE>
    <SOURCE BUSINESSNAME ="" DATABASETYPE ="Oracle" DBDNAME ="DEV_HR" DESCRIPTION ="" NAME ="DIM_GEOGRAPHY" OBJECTVERSION ="1" OWNERNAME ="DWH" VERSIONNUMBER ="1">
        <SOURCEFIELD BUSINESSNAME ="" DATATYPE ="number(p,s)" DESCRIPTION ="" FIELDNUMBER ="1" FIELDPROPERTY ="0" FIELDTYPE ="ELEMITEM" HIDDEN ="NO" KEYTYPE ="NOT A KEY" LENGTH ="6" LEVEL ="0" NAME ="LOCATION_ID" NULLABLE ="NULL" OCCURS ="0" OFFSET ="0" PHYSICALLENGTH ="4" PHYSICALOFFSET ="0" PICTURETEXT ="" PRECISION ="4" SCALE ="0" USAGE_FLAGS =""/>
        <SOURCEFIELD BUSINESSNAME ="" DATATYPE ="varchar2" DESCRIPTION ="" FIELDNUMBER ="2" FIELDPROPERTY ="0" FIELDTYPE ="ELEMITEM" HIDDEN ="NO" KEYTYPE ="NOT A KEY" LENGTH ="0" LEVEL ="0" NAME ="STREET_ADDRESS" NULLABLE ="NULL" OCCURS ="0" OFFSET ="6" PHYSICALLENGTH ="40" PHYSICALOFFSET ="4" PICTURETEXT ="" PRECISION ="40" SCALE ="0" USAGE_FLAGS =""/>
        <SOURCEFIELD BUSINESSNAME ="" DATATYPE ="varchar2" DESCRIPTION ="" FIELDNUMBER ="3" FIELDPROPERTY ="0" FIELDTYPE ="ELEMITEM" HIDDEN ="NO" KEYTYPE ="NOT A KEY" LENGTH ="0" LEVEL ="0" NAME ="POSTAL_CODE" NULLABLE ="NULL" OCCURS ="0" OFFSET ="6" PHYSICALLENGTH ="12" PHYSICALOFFSET ="44" PICTURETEXT ="" PRECISION ="12" SCALE ="0" USAGE_FLAGS =""/>
        <SOURCEFIELD BUSINESSNAME ="" DATATYPE ="varchar2" DESCRIPTION ="" FIELDNUMBER ="4" FIELDPROPERTY ="0" FIELDTYPE ="ELEMITEM" HIDDEN ="NO" KEYTYPE ="NOT A KEY" LENGTH ="0" LEVEL ="0" NAME ="CITY" NULLABLE ="NULL" OCCURS ="0" OFFSET ="6" PHYSICALLENGTH ="30" PHYSICALOFFSET ="56" PICTURETEXT ="" PRECISION ="30" SCALE ="0" USAGE_FLAGS =""/>
        <SOURCEFIELD BUSINESSNAME ="" DATATYPE ="varchar2" DESCRIPTION ="" FIELDNUMBER ="5" FIELDPROPERTY ="0" FIELDTYPE ="ELEMITEM" HIDDEN ="NO" KEYTYPE ="NOT A KEY" LENGTH ="0" LEVEL ="0" NAME ="STATE_PROVINCE" NULLABLE ="NULL" OCCURS ="0" OFFSET ="6" PHYSICALLENGTH ="25" PHYSICALOFFSET ="86" PICTURETEXT ="" PRECISION ="25" SCALE ="0" USAGE_FLAGS =""/>
        <SOURCEFIELD BUSINESSNAME ="" DATATYPE ="char" DESCRIPTION ="" FIELDNUMBER ="6" FIELDPROPERTY ="0" FIELDTYPE ="ELEMITEM" HIDDEN ="NO" KEYTYPE ="NOT A KEY" LENGTH ="0" LEVEL ="0" NAME ="COUNTRY_ID" NULLABLE ="NULL" OCCURS ="0" OFFSET ="6" PHYSICALLENGTH ="2" PHYSICALOFFSET ="111" PICTURETEXT ="" PRECISION ="2" SCALE ="0" USAGE_FLAGS =""/>
        <SOURCEFIELD BUSINESSNAME ="" DATATYPE ="varchar2" DESCRIPTION ="" FIELDNUMBER ="7" FIELDPROPERTY ="0" FIELDTYPE ="ELEMITEM" HIDDEN ="NO" KEYTYPE ="NOT A KEY" LENGTH ="0" LEVEL ="0" NAME ="COUNTRY_NAME" NULLABLE ="NULL" OCCURS ="0" OFFSET ="6" PHYSICALLENGTH ="40" PHYSICALOFFSET ="113" PICTURETEXT ="" PRECISION ="40" SCALE ="0" USAGE_FLAGS =""/>
        <SOURCEFIELD BUSINESSNAME ="" DATATYPE ="number(p,s)" DESCRIPTION ="" FIELDNUMBER ="8" FIELDPROPERTY ="0" FIELDTYPE ="ELEMITEM" HIDDEN ="NO" KEYTYPE ="NOT A KEY" LENGTH ="12" LEVEL ="0" NAME ="COUNT_CITY" NULLABLE ="NULL" OCCURS ="0" OFFSET ="6" PHYSICALLENGTH ="10" PHYSICALOFFSET ="153" PICTURETEXT ="" PRECISION ="10" SCALE ="0" USAGE_FLAGS =""/>
    </SOURCE>
    <SOURCE BUSINESSNAME ="" DATABASETYPE ="Oracle" DBDNAME ="DEV_HR" DESCRIPTION ="" NAME ="DIMEMPLOYEE" OBJECTVERSION ="1" OWNERNAME ="DWH" VERSIONNUMBER ="1">
        <SOURCEFIELD BUSINESSNAME ="" DATATYPE ="number(p,s)" DESCRIPTION ="" FIELDNUMBER ="1" FIELDPROPERTY ="0" FIELDTYPE ="ELEMITEM" HIDDEN ="NO" KEYTYPE ="NOT A KEY" LENGTH ="8" LEVEL ="0" NAME ="EMPLOYEEKEY" NULLABLE ="NOTNULL" OCCURS ="0" OFFSET ="0" PHYSICALLENGTH ="6" PHYSICALOFFSET ="0" PICTURETEXT ="" PRECISION ="6" SCALE ="0" USAGE_FLAGS =""/>
        <SOURCEFIELD BUSINESSNAME ="" DATATYPE ="varchar2" DESCRIPTION ="" FIELDNUMBER ="2" FIELDPROPERTY ="0" FIELDTYPE ="ELEMITEM" HIDDEN ="NO" KEYTYPE ="NOT A KEY" LENGTH ="0" LEVEL ="0" NAME ="FIRST_NAME" NULLABLE ="NOTNULL" OCCURS ="0" OFFSET ="8" PHYSICALLENGTH ="20" PHYSICALOFFSET ="6" PICTURETEXT ="" PRECISION ="20" SCALE ="0" USAGE_FLAGS =""/>
        <SOURCEFIELD BUSINESSNAME ="" DATATYPE ="varchar2" DESCRIPTION ="" FIELDNUMBER ="3" FIELDPROPERTY ="0" FIELDTYPE ="ELEMITEM" HIDDEN ="NO" KEYTYPE ="NOT A KEY" LENGTH ="0" LEVEL ="0" NAME ="LAST_NAME" NULLABLE ="NOTNULL" OCCURS ="0" OFFSET ="8" PHYSICALLENGTH ="25" PHYSICALOFFSET ="26" PICTURETEXT ="" PRECISION ="25" SCALE ="0" USAGE_FLAGS =""/>
        <SOURCEFIELD BUSINESSNAME ="" DATATYPE ="varchar2" DESCRIPTION ="" FIELDNUMBER ="4" FIELDPROPERTY ="0" FIELDTYPE ="ELEMITEM" HIDDEN ="NO" KEYTYPE ="NOT A KEY" LENGTH ="0" LEVEL ="0" NAME ="EMAIL" NULLABLE ="NOTNULL" OCCURS ="0" OFFSET ="8" PHYSICALLENGTH ="25" PHYSICALOFFSET ="51" PICTURETEXT ="" PRECISION ="25" SCALE ="0" USAGE_FLAGS =""/>
        <SOURCEFIELD BUSINESSNAME ="" DATATYPE ="varchar2" DESCRIPTION ="" FIELDNUMBER ="5" FIELDPROPERTY ="0" FIELDTYPE ="ELEMITEM" HIDDEN ="NO" KEYTYPE ="NOT A KEY" LENGTH ="0" LEVEL ="0" NAME ="PHONE_NUMBER" NULLABLE ="NULL" OCCURS ="0" OFFSET ="8" PHYSICALLENGTH ="20" PHYSICALOFFSET ="76" PICTURETEXT ="" PRECISION ="20" SCALE ="0" USAGE_FLAGS =""/>
        <SOURCEFIELD BUSINESSNAME ="" DATATYPE ="date" DESCRIPTION ="" FIELDNUMBER ="6" FIELDPROPERTY ="0" FIELDTYPE ="ELEMITEM" HIDDEN ="NO" KEYTYPE ="NOT A KEY" LENGTH ="19" LEVEL ="0" NAME ="HIRE_DATE" NULLABLE ="NOTNULL" OCCURS ="0" OFFSET ="8" PHYSICALLENGTH ="19" PHYSICALOFFSET ="96" PICTURETEXT ="" PRECISION ="19" SCALE ="0" USAGE_FLAGS =""/>
        <SOURCEFIELD BUSINESSNAME ="" DATATYPE ="varchar2" DESCRIPTION ="" FIELDNUMBER ="7" FIELDPROPERTY ="0" FIELDTYPE ="ELEMITEM" HIDDEN ="NO" KEYTYPE ="NOT A KEY" LENGTH ="0" LEVEL ="0" NAME ="JOB_ID" NULLABLE ="NOTNULL" OCCURS ="0" OFFSET ="27" PHYSICALLENGTH ="10" PHYSICALOFFSET ="115" PICTURETEXT ="" PRECISION ="10" SCALE ="0" USAGE_FLAGS =""/>
        <SOURCEFIELD BUSINESSNAME ="" DATATYPE ="number(p,s)" DESCRIPTION ="" FIELDNUMBER ="8" FIELDPROPERTY ="0" FIELDTYPE ="ELEMITEM" HIDDEN ="NO" KEYTYPE ="NOT A KEY" LENGTH ="10" LEVEL ="0" NAME ="SALARY" NULLABLE ="NULL" OCCURS ="0" OFFSET ="27" PHYSICALLENGTH ="8" PHYSICALOFFSET ="125" PICTURETEXT ="" PRECISION ="8" SCALE ="2" USAGE_FLAGS =""/>
        <SOURCEFIELD BUSINESSNAME ="" DATATYPE ="number(p,s)" DESCRIPTION ="" FIELDNUMBER ="9" FIELDPROPERTY ="0" FIELDTYPE ="ELEMITEM" HIDDEN ="NO" KEYTYPE ="NOT A KEY" LENGTH ="4" LEVEL ="0" NAME ="COMMISSION_PCT" NULLABLE ="NULL" OCCURS ="0" OFFSET ="37" PHYSICALLENGTH ="2" PHYSICALOFFSET ="133" PICTURETEXT ="" PRECISION ="2" SCALE ="2" USAGE_FLAGS =""/>
        <SOURCEFIELD BUSINESSNAME ="" DATATYPE ="number(p,s)" DESCRIPTION ="" FIELDNUMBER ="10" FIELDPROPERTY ="0" FIELDTYPE ="ELEMITEM" HIDDEN ="NO" KEYTYPE ="NOT A KEY" LENGTH ="8" LEVEL ="0" NAME ="MANAGER_ID" NULLABLE ="NULL" OCCURS ="0" OFFSET ="41" PHYSICALLENGTH ="6" PHYSICALOFFSET ="135" PICTURETEXT ="" PRECISION ="6" SCALE ="0" USAGE_FLAGS =""/>
        <SOURCEFIELD BUSINESSNAME ="" DATATYPE ="number(p,s)" DESCRIPTION ="" FIELDNUMBER ="11" FIELDPROPERTY ="0" FIELDTYPE ="ELEMITEM" HIDDEN ="NO" KEYTYPE ="NOT A KEY" LENGTH ="6" LEVEL ="0" NAME ="DEPARTMENT_ID" NULLABLE ="NULL" OCCURS ="0" OFFSET ="49" PHYSICALLENGTH ="4" PHYSICALOFFSET ="141" PICTURETEXT ="" PRECISION ="4" SCALE ="0" USAGE_FLAGS =""/>
        <SOURCEFIELD BUSINESSNAME ="" DATATYPE ="varchar2" DESCRIPTION ="" FIELDNUMBER ="12" FIELDPROPERTY ="0" FIELDTYPE ="ELEMITEM" HIDDEN ="NO" KEYTYPE ="NOT A KEY" LENGTH ="0" LEVEL ="0" NAME ="DEPARTMENTNAME" NULLABLE ="NULL" OCCURS ="0" OFFSET ="55" PHYSICALLENGTH ="25" PHYSICALOFFSET ="145" PICTURETEXT ="" PRECISION ="25" SCALE ="0" USAGE_FLAGS =""/>
        <SOURCEFIELD BUSINESSNAME ="" DATATYPE ="char" DESCRIPTION ="" FIELDNUMBER ="13" FIELDPROPERTY ="0" FIELDTYPE ="ELEMITEM" HIDDEN ="NO" KEYTYPE ="NOT A KEY" LENGTH ="0" LEVEL ="0" NAME ="CURRENTFLAG" NULLABLE ="NOTNULL" OCCURS ="0" OFFSET ="55" PHYSICALLENGTH ="1" PHYSICALOFFSET ="170" PICTURETEXT ="" PRECISION ="1" SCALE ="0" USAGE_FLAGS =""/>
        <SOURCEFIELD BUSINESSNAME ="" DATATYPE ="number(p,s)" DESCRIPTION ="" FIELDNUMBER ="14" FIELDPROPERTY ="0" FIELDTYPE ="ELEMITEM" HIDDEN ="NO" KEYTYPE ="NOT A KEY" LENGTH ="10" LEVEL ="0" NAME ="BONUS" NULLABLE ="NULL" OCCURS ="0" OFFSET ="55" PHYSICALLENGTH ="8" PHYSICALOFFSET ="171" PICTURETEXT ="" PRECISION ="8" SCALE ="2" USAGE_FLAGS =""/>
    </SOURCE>
    <SOURCE BUSINESSNAME ="" DATABASETYPE ="Oracle" DBDNAME ="DEV_HR" DESCRIPTION ="" NAME ="JOBS" OBJECTVERSION ="1" OWNERNAME ="HR" VERSIONNUMBER ="1">
        <SOURCEFIELD BUSINESSNAME ="" DATATYPE ="varchar2" DESCRIPTION ="" FIELDNUMBER ="1" FIELDPROPERTY ="0" FIELDTYPE ="ELEMITEM" HIDDEN ="NO" KEYTYPE ="PRIMARY KEY" LENGTH ="0" LEVEL ="0" NAME ="JOB_ID" NULLABLE ="NOTNULL" OCCURS ="0" OFFSET ="0" PHYSICALLENGTH ="10" PHYSICALOFFSET ="0" PICTURETEXT ="" PRECISION ="10" SCALE ="0" USAGE_FLAGS =""/>
        <SOURCEFIELD BUSINESSNAME ="" DATATYPE ="varchar2" DESCRIPTION ="" FIELDNUMBER ="2" FIELDPROPERTY ="0" FIELDTYPE ="ELEMITEM" HIDDEN ="NO" KEYTYPE ="NOT A KEY" LENGTH ="0" LEVEL ="0" NAME ="JOB_TITLE" NULLABLE ="NOTNULL" OCCURS ="0" OFFSET ="0" PHYSICALLENGTH ="35" PHYSICALOFFSET ="10" PICTURETEXT ="" PRECISION ="35" SCALE ="0" USAGE_FLAGS =""/>
        <SOURCEFIELD BUSINESSNAME ="" DATATYPE ="number(p,s)" DESCRIPTION ="" FIELDNUMBER ="3" FIELDPROPERTY ="0" FIELDTYPE ="ELEMITEM" HIDDEN ="NO" KEYTYPE ="NOT A KEY" LENGTH ="8" LEVEL ="0" NAME ="MIN_SALARY" NULLABLE ="NULL" OCCURS ="0" OFFSET ="0" PHYSICALLENGTH ="6" PHYSICALOFFSET ="45" PICTURETEXT ="" PRECISION ="6" SCALE ="0" USAGE_FLAGS =""/>
        <SOURCEFIELD BUSINESSNAME ="" DATATYPE ="number(p,s)" DESCRIPTION ="" FIELDNUMBER ="4" FIELDPROPERTY ="0" FIELDTYPE ="ELEMITEM" HIDDEN ="NO" KEYTYPE ="NOT A KEY" LENGTH ="8" LEVEL ="0" NAME ="MAX_SALARY" NULLABLE ="NULL" OCCURS ="0" OFFSET ="8" PHYSICALLENGTH ="6" PHYSICALOFFSET ="51" PICTURETEXT ="" PRECISION ="6" SCALE ="0" USAGE_FLAGS =""/>
    </SOURCE>
    <SOURCE BUSINESSNAME ="" DATABASETYPE ="Oracle" DBDNAME ="DEV_HR" DESCRIPTION ="" NAME ="LOCATIONS" OBJECTVERSION ="1" OWNERNAME ="HR" VERSIONNUMBER ="1">
        <SOURCEFIELD BUSINESSNAME ="" DATATYPE ="number(p,s)" DESCRIPTION ="" FIELDNUMBER ="1" FIELDPROPERTY ="0" FIELDTYPE ="ELEMITEM" HIDDEN ="NO" KEYTYPE ="PRIMARY KEY" LENGTH ="6" LEVEL ="0" NAME ="LOCATION_ID" NULLABLE ="NOTNULL" OCCURS ="0" OFFSET ="0" PHYSICALLENGTH ="4" PHYSICALOFFSET ="0" PICTURETEXT ="" PRECISION ="4" SCALE ="0" USAGE_FLAGS =""/>
        <SOURCEFIELD BUSINESSNAME ="" DATATYPE ="varchar2" DESCRIPTION ="" FIELDNUMBER ="2" FIELDPROPERTY ="0" FIELDTYPE ="ELEMITEM" HIDDEN ="NO" KEYTYPE ="NOT A KEY" LENGTH ="0" LEVEL ="0" NAME ="STREET_ADDRESS" NULLABLE ="NULL" OCCURS ="0" OFFSET ="6" PHYSICALLENGTH ="40" PHYSICALOFFSET ="4" PICTURETEXT ="" PRECISION ="40" SCALE ="0" USAGE_FLAGS =""/>
        <SOURCEFIELD BUSINESSNAME ="" DATATYPE ="varchar2" DESCRIPTION ="" FIELDNUMBER ="3" FIELDPROPERTY ="0" FIELDTYPE ="ELEMITEM" HIDDEN ="NO" KEYTYPE ="NOT A KEY" LENGTH ="0" LEVEL ="0" NAME ="POSTAL_CODE" NULLABLE ="NULL" OCCURS ="0" OFFSET ="6" PHYSICALLENGTH ="12" PHYSICALOFFSET ="44" PICTURETEXT ="" PRECISION ="12" SCALE ="0" USAGE_FLAGS =""/>
        <SOURCEFIELD BUSINESSNAME ="" DATATYPE ="varchar2" DESCRIPTION ="" FIELDNUMBER ="4" FIELDPROPERTY ="0" FIELDTYPE ="ELEMITEM" HIDDEN ="NO" KEYTYPE ="NOT A KEY" LENGTH ="0" LEVEL ="0" NAME ="CITY" NULLABLE ="NOTNULL" OCCURS ="0" OFFSET ="6" PHYSICALLENGTH ="30" PHYSICALOFFSET ="56" PICTURETEXT ="" PRECISION ="30" SCALE ="0" USAGE_FLAGS =""/>
        <SOURCEFIELD BUSINESSNAME ="" DATATYPE ="varchar2" DESCRIPTION ="" FIELDNUMBER ="5" FIELDPROPERTY ="0" FIELDTYPE ="ELEMITEM" HIDDEN ="NO" KEYTYPE ="NOT A KEY" LENGTH ="0" LEVEL ="0" NAME ="STATE_PROVINCE" NULLABLE ="NULL" OCCURS ="0" OFFSET ="6" PHYSICALLENGTH ="25" PHYSICALOFFSET ="86" PICTURETEXT ="" PRECISION ="25" SCALE ="0" USAGE_FLAGS =""/>
        <SOURCEFIELD BUSINESSNAME ="" DATATYPE ="char" DESCRIPTION ="" FIELDNUMBER ="6" FIELDPROPERTY ="0" FIELDTYPE ="ELEMITEM" HIDDEN ="NO" KEYTYPE ="NOT A KEY" LENGTH ="0" LEVEL ="0" NAME ="COUNTRY_ID" NULLABLE ="NULL" OCCURS ="0" OFFSET ="6" PHYSICALLENGTH ="2" PHYSICALOFFSET ="111" PICTURETEXT ="" PRECISION ="2" SCALE ="0" USAGE_FLAGS =""/>
    </SOURCE>
    <SOURCE BUSINESSNAME ="" DATABASETYPE ="Oracle" DBDNAME ="DEV_HR" DESCRIPTION ="" NAME ="DEPARTMENTS" OBJECTVERSION ="1" OWNERNAME ="HR" VERSIONNUMBER ="1">
        <SOURCEFIELD BUSINESSNAME ="" DATATYPE ="number(p,s)" DESCRIPTION ="" FIELDNUMBER ="1" FIELDPROPERTY ="0" FIELDTYPE ="ELEMITEM" HIDDEN ="NO" KEYTYPE ="PRIMARY KEY" LENGTH ="6" LEVEL ="0" NAME ="DEPARTMENT_ID" NULLABLE ="NOTNULL" OCCURS ="0" OFFSET ="0" PHYSICALLENGTH ="4" PHYSICALOFFSET ="0" PICTURETEXT ="" PRECISION ="4" SCALE ="0" USAGE_FLAGS =""/>
        <SOURCEFIELD BUSINESSNAME ="" DATATYPE ="varchar2" DESCRIPTION ="" FIELDNUMBER ="2" FIELDPROPERTY ="0" FIELDTYPE ="ELEMITEM" HIDDEN ="NO" KEYTYPE ="NOT A KEY" LENGTH ="0" LEVEL ="0" NAME ="DEPARTMENT_NAME" NULLABLE ="NOTNULL" OCCURS ="0" OFFSET ="6" PHYSICALLENGTH ="30" PHYSICALOFFSET ="4" PICTURETEXT ="" PRECISION ="30" SCALE ="0" USAGE_FLAGS =""/>
        <SOURCEFIELD BUSINESSNAME ="" DATATYPE ="number(p,s)" DESCRIPTION ="" FIELDNUMBER ="3" FIELDPROPERTY ="0" FIELDTYPE ="ELEMITEM" HIDDEN ="NO" KEYTYPE ="FOREIGN KEY" LENGTH ="8" LEVEL ="0" NAME ="MANAGER_ID" NULLABLE ="NULL" OCCURS ="0" OFFSET ="6" PHYSICALLENGTH ="6" PHYSICALOFFSET ="34" PICTURETEXT ="" PRECISION ="6" REFERENCEDDBD ="DEV_HR" REFERENCEDFIELD ="EMPLOYEE_ID" REFERENCEDTABLE ="EMPLOYEES" SCALE ="0" USAGE_FLAGS =""/>
        <SOURCEFIELD BUSINESSNAME ="" DATATYPE ="number(p,s)" DESCRIPTION ="" FIELDNUMBER ="4" FIELDPROPERTY ="0" FIELDTYPE ="ELEMITEM" HIDDEN ="NO" KEYTYPE ="FOREIGN KEY" LENGTH ="6" LEVEL ="0" NAME ="LOCATION_ID" NULLABLE ="NULL" OCCURS ="0" OFFSET ="14" PHYSICALLENGTH ="4" PHYSICALOFFSET ="40" PICTURETEXT ="" PRECISION ="4" REFERENCEDDBD ="DEV_HR" REFERENCEDFIELD ="LOCATION_ID" REFERENCEDTABLE ="LOCATIONS" SCALE ="0" USAGE_FLAGS =""/>
    </SOURCE>
    <SOURCE BUSINESSNAME ="" DATABASETYPE ="Oracle" DBDNAME ="DEV_HR" DESCRIPTION ="" NAME ="EMPLOYEES" OBJECTVERSION ="1" OWNERNAME ="HR" VERSIONNUMBER ="1">
        <SOURCEFIELD BUSINESSNAME ="" DATATYPE ="number(p,s)" DESCRIPTION ="" FIELDNUMBER ="1" FIELDPROPERTY ="0" FIELDTYPE ="ELEMITEM" HIDDEN ="NO" KEYTYPE ="PRIMARY KEY" LENGTH ="8" LEVEL ="0" NAME ="EMPLOYEE_ID" NULLABLE ="NOTNULL" OCCURS ="0" OFFSET ="0" PHYSICALLENGTH ="6" PHYSICALOFFSET ="0" PICTURETEXT ="" PRECISION ="6" SCALE ="0" USAGE_FLAGS =""/>
        <SOURCEFIELD BUSINESSNAME ="" DATATYPE ="varchar2" DESCRIPTION ="" FIELDNUMBER ="2" FIELDPROPERTY ="0" FIELDTYPE ="ELEMITEM" HIDDEN ="NO" KEYTYPE ="NOT A KEY" LENGTH ="0" LEVEL ="0" NAME ="FIRST_NAME" NULLABLE ="NULL" OCCURS ="0" OFFSET ="8" PHYSICALLENGTH ="20" PHYSICALOFFSET ="6" PICTURETEXT ="" PRECISION ="20" SCALE ="0" USAGE_FLAGS =""/>
        <SOURCEFIELD BUSINESSNAME ="" DATATYPE ="varchar2" DESCRIPTION ="" FIELDNUMBER ="3" FIELDPROPERTY ="0" FIELDTYPE ="ELEMITEM" HIDDEN ="NO" KEYTYPE ="NOT A KEY" LENGTH ="0" LEVEL ="0" NAME ="LAST_NAME" NULLABLE ="NOTNULL" OCCURS ="0" OFFSET ="8" PHYSICALLENGTH ="25" PHYSICALOFFSET ="26" PICTURETEXT ="" PRECISION ="25" SCALE ="0" USAGE_FLAGS =""/>
        <SOURCEFIELD BUSINESSNAME ="" DATATYPE ="varchar2" DESCRIPTION ="" FIELDNUMBER ="4" FIELDPROPERTY ="0" FIELDTYPE ="ELEMITEM" HIDDEN ="NO" KEYTYPE ="NOT A KEY" LENGTH ="0" LEVEL ="0" NAME ="EMAIL" NULLABLE ="NOTNULL" OCCURS ="0" OFFSET ="8" PHYSICALLENGTH ="25" PHYSICALOFFSET ="51" PICTURETEXT ="" PRECISION ="25" SCALE ="0" USAGE_FLAGS =""/>
        <SOURCEFIELD BUSINESSNAME ="" DATATYPE ="varchar2" DESCRIPTION ="" FIELDNUMBER ="5" FIELDPROPERTY ="0" FIELDTYPE ="ELEMITEM" HIDDEN ="NO" KEYTYPE ="NOT A KEY" LENGTH ="0" LEVEL ="0" NAME ="PHONE_NUMBER" NULLABLE ="NULL" OCCURS ="0" OFFSET ="8" PHYSICALLENGTH ="20" PHYSICALOFFSET ="76" PICTURETEXT ="" PRECISION ="20" SCALE ="0" USAGE_FLAGS =""/>
        <SOURCEFIELD BUSINESSNAME ="" DATATYPE ="date" DESCRIPTION ="" FIELDNUMBER ="6" FIELDPROPERTY ="0" FIELDTYPE ="ELEMITEM" HIDDEN ="NO" KEYTYPE ="NOT A KEY" LENGTH ="19" LEVEL ="0" NAME ="HIRE_DATE" NULLABLE ="NOTNULL" OCCURS ="0" OFFSET ="8" PHYSICALLENGTH ="19" PHYSICALOFFSET ="96" PICTURETEXT ="" PRECISION ="19" SCALE ="0" USAGE_FLAGS =""/>
        <SOURCEFIELD BUSINESSNAME ="" DATATYPE ="varchar2" DESCRIPTION ="" FIELDNUMBER ="7" FIELDPROPERTY ="0" FIELDTYPE ="ELEMITEM" HIDDEN ="NO" KEYTYPE ="FOREIGN KEY" LENGTH ="0" LEVEL ="0" NAME ="JOB_ID" NULLABLE ="NOTNULL" OCCURS ="0" OFFSET ="27" PHYSICALLENGTH ="10" PHYSICALOFFSET ="115" PICTURETEXT ="" PRECISION ="10" REFERENCEDDBD ="DEV_HR" REFERENCEDFIELD ="JOB_ID" REFERENCEDTABLE ="JOBS" SCALE ="0" USAGE_FLAGS =""/>
        <SOURCEFIELD BUSINESSNAME ="" DATATYPE ="number(p,s)" DESCRIPTION ="" FIELDNUMBER ="8" FIELDPROPERTY ="0" FIELDTYPE ="ELEMITEM" HIDDEN ="NO" KEYTYPE ="NOT A KEY" LENGTH ="10" LEVEL ="0" NAME ="SALARY" NULLABLE ="NULL" OCCURS ="0" OFFSET ="27" PHYSICALLENGTH ="8" PHYSICALOFFSET ="125" PICTURETEXT ="" PRECISION ="8" SCALE ="2" USAGE_FLAGS =""/>
        <SOURCEFIELD BUSINESSNAME ="" DATATYPE ="number(p,s)" DESCRIPTION ="" FIELDNUMBER ="9" FIELDPROPERTY ="0" FIELDTYPE ="ELEMITEM" HIDDEN ="NO" KEYTYPE ="NOT A KEY" LENGTH ="4" LEVEL ="0" NAME ="COMMISSION_PCT" NULLABLE ="NULL" OCCURS ="0" OFFSET ="37" PHYSICALLENGTH ="2" PHYSICALOFFSET ="133" PICTURETEXT ="" PRECISION ="2" SCALE ="2" USAGE_FLAGS =""/>
        <SOURCEFIELD BUSINESSNAME ="" DATATYPE ="number(p,s)" DESCRIPTION ="" FIELDNUMBER ="10" FIELDPROPERTY ="0" FIELDTYPE ="ELEMITEM" HIDDEN ="NO" KEYTYPE ="FOREIGN KEY" LENGTH ="8" LEVEL ="0" NAME ="MANAGER_ID" NULLABLE ="NULL" OCCURS ="0" OFFSET ="41" PHYSICALLENGTH ="6" PHYSICALOFFSET ="135" PICTURETEXT ="" PRECISION ="6" REFERENCEDDBD ="DEV_HR" REFERENCEDFIELD ="EMPLOYEE_ID" REFERENCEDTABLE ="EMPLOYEES" SCALE ="0" USAGE_FLAGS =""/>
        <SOURCEFIELD BUSINESSNAME ="" DATATYPE ="number(p,s)" DESCRIPTION ="" FIELDNUMBER ="11" FIELDPROPERTY ="0" FIELDTYPE ="ELEMITEM" HIDDEN ="NO" KEYTYPE ="FOREIGN KEY" LENGTH ="6" LEVEL ="0" NAME ="DEPARTMENT_ID" NULLABLE ="NULL" OCCURS ="0" OFFSET ="49" PHYSICALLENGTH ="4" PHYSICALOFFSET ="141" PICTURETEXT ="" PRECISION ="4" REFERENCEDDBD ="DEV_HR" REFERENCEDFIELD ="DEPARTMENT_ID" REFERENCEDTABLE ="DEPARTMENTS" SCALE ="0" USAGE_FLAGS =""/>
    </SOURCE>
    <TARGET BUSINESSNAME ="" CONSTRAINT ="" DATABASETYPE ="Oracle" DESCRIPTION ="" NAME ="FACT_FINANCE" OBJECTVERSION ="1" TABLEOPTIONS ="" VERSIONNUMBER ="1">
        <TARGETFIELD BUSINESSNAME ="" DATATYPE ="number(p,s)" DESCRIPTION ="" FIELDNUMBER ="1" KEYTYPE ="NOT A KEY" NAME ="EMPLOYEEKEY" NULLABLE ="NULL" PICTURETEXT ="" PRECISION ="6" SCALE ="0"/>
        <TARGETFIELD BUSINESSNAME ="" DATATYPE ="number(p,s)" DESCRIPTION ="" FIELDNUMBER ="2" KEYTYPE ="NOT A KEY" NAME ="GEOGRAPHYKEY" NULLABLE ="NULL" PICTURETEXT ="" PRECISION ="4" SCALE ="0"/>
        <TARGETFIELD BUSINESSNAME ="" DATATYPE ="number(p,s)" DESCRIPTION ="" FIELDNUMBER ="3" KEYTYPE ="NOT A KEY" NAME ="DATEKEY" NULLABLE ="NULL" PICTURETEXT ="" PRECISION ="6" SCALE ="0"/>
        <TARGETFIELD BUSINESSNAME ="" DATATYPE ="date" DESCRIPTION ="" FIELDNUMBER ="4" KEYTYPE ="NOT A KEY" NAME ="DATE_LOAD" NULLABLE ="NULL" PICTURETEXT ="" PRECISION ="19" SCALE ="0"/>
        <TARGETFIELD BUSINESSNAME ="" DATATYPE ="varchar2" DESCRIPTION ="" FIELDNUMBER ="5" KEYTYPE ="NOT A KEY" NAME ="JOB_KEY" NULLABLE ="NULL" PICTURETEXT ="" PRECISION ="10" SCALE ="0"/>
        <TARGETFIELD BUSINESSNAME ="" DATATYPE ="number(p,s)" DESCRIPTION ="" FIELDNUMBER ="6" KEYTYPE ="NOT A KEY" NAME ="SALARY" NULLABLE ="NULL" PICTURETEXT ="" PRECISION ="8" SCALE ="2"/>
    </TARGET>
    <MAPPING DESCRIPTION ="" ISVALID ="YES" NAME ="m_fact_fin" OBJECTVERSION ="1" VERSIONNUMBER ="1">
        <TRANSFORMATION DESCRIPTION ="" NAME ="SQ_EMPLOYEES" OBJECTVERSION ="1" REUSABLE ="NO" TYPE ="Source Qualifier" VERSIONNUMBER ="1">
            <TRANSFORMFIELD DATATYPE ="decimal" DEFAULTVALUE ="" DESCRIPTION ="" NAME ="EMPLOYEE_ID" PICTURETEXT ="" PORTTYPE ="INPUT/OUTPUT" PRECISION ="6" SCALE ="0"/>
            <TRANSFORMFIELD DATATYPE ="decimal" DEFAULTVALUE ="" DESCRIPTION ="" NAME ="EMPLOYEEKEY" PICTURETEXT ="" PORTTYPE ="INPUT/OUTPUT" PRECISION ="6" SCALE ="0"/>
            <TRANSFORMFIELD DATATYPE ="string" DEFAULTVALUE ="" DESCRIPTION ="" NAME ="FIRST_NAME" PICTURETEXT ="" PORTTYPE ="INPUT/OUTPUT" PRECISION ="20" SCALE ="0"/>
            <TRANSFORMFIELD DATATYPE ="string" DEFAULTVALUE ="" DESCRIPTION ="" NAME ="LAST_NAME" PICTURETEXT ="" PORTTYPE ="INPUT/OUTPUT" PRECISION ="25" SCALE ="0"/>
            <TRANSFORMFIELD DATATYPE ="string" DEFAULTVALUE ="" DESCRIPTION ="" NAME ="EMAIL" PICTURETEXT ="" PORTTYPE ="INPUT/OUTPUT" PRECISION ="25" SCALE ="0"/>
            <TRANSFORMFIELD DATATYPE ="string" DEFAULTVALUE ="" DESCRIPTION ="" NAME ="PHONE_NUMBER" PICTURETEXT ="" PORTTYPE ="INPUT/OUTPUT" PRECISION ="20" SCALE ="0"/>
            <TRANSFORMFIELD DATATYPE ="date/time" DEFAULTVALUE ="" DESCRIPTION ="" NAME ="HIRE_DATE" PICTURETEXT ="" PORTTYPE ="INPUT/OUTPUT" PRECISION ="29" SCALE ="9"/>
            <TRANSFORMFIELD DATATYPE ="string" DEFAULTVALUE ="" DESCRIPTION ="" NAME ="JOB_ID" PICTURETEXT ="" PORTTYPE ="INPUT/OUTPUT" PRECISION ="10" SCALE ="0"/>
            <TRANSFORMFIELD DATATYPE ="decimal" DEFAULTVALUE ="" DESCRIPTION ="" NAME ="SALARY" PICTURETEXT ="" PORTTYPE ="INPUT/OUTPUT" PRECISION ="8" SCALE ="2"/>
            <TRANSFORMFIELD DATATYPE ="decimal" DEFAULTVALUE ="" DESCRIPTION ="" NAME ="COMMISSION_PCT" PICTURETEXT ="" PORTTYPE ="INPUT/OUTPUT" PRECISION ="2" SCALE ="2"/>
            <TRANSFORMFIELD DATATYPE ="decimal" DEFAULTVALUE ="" DESCRIPTION ="" NAME ="MANAGER_ID" PICTURETEXT ="" PORTTYPE ="INPUT/OUTPUT" PRECISION ="6" SCALE ="0"/>
            <TRANSFORMFIELD DATATYPE ="decimal" DEFAULTVALUE ="" DESCRIPTION ="" NAME ="DEPARTMENT_ID" PICTURETEXT ="" PORTTYPE ="INPUT/OUTPUT" PRECISION ="4" SCALE ="0"/>
            <TRANSFORMFIELD DATATYPE ="string" DEFAULTVALUE ="" DESCRIPTION ="" NAME ="DEPARTMENTNAME" PICTURETEXT ="" PORTTYPE ="INPUT/OUTPUT" PRECISION ="25" SCALE ="0"/>
            <TABLEATTRIBUTE NAME ="Sql Query" VALUE =""/>
            <TABLEATTRIBUTE NAME ="User Defined Join" VALUE ="DIMEMPLOYEE.EMPLOYEEKEY=EMPLOYEES.EMPLOYEE_ID"/>
            <TABLEATTRIBUTE NAME ="Source Filter" VALUE =""/>
            <TABLEATTRIBUTE NAME ="Number Of Sorted Ports" VALUE ="0"/>
            <TABLEATTRIBUTE NAME ="Tracing Level" VALUE ="Normal"/>
            <TABLEATTRIBUTE NAME ="Select Distinct" VALUE ="NO"/>
            <TABLEATTRIBUTE NAME ="Is Partitionable" VALUE ="NO"/>
            <TABLEATTRIBUTE NAME ="Pre SQL" VALUE =""/>
            <TABLEATTRIBUTE NAME ="Post SQL" VALUE =""/>
            <TABLEATTRIBUTE NAME ="Output is deterministic" VALUE ="NO"/>
            <TABLEATTRIBUTE NAME ="Output is repeatable" VALUE ="Never"/>
        </TRANSFORMATION>
        <TRANSFORMATION DESCRIPTION ="" NAME ="SQ_JOBS" OBJECTVERSION ="1" REUSABLE ="NO" TYPE ="Source Qualifier" VERSIONNUMBER ="1">
            <TRANSFORMFIELD DATATYPE ="string" DEFAULTVALUE ="" DESCRIPTION ="" NAME ="JOB_ID" PICTURETEXT ="" PORTTYPE ="INPUT/OUTPUT" PRECISION ="10" SCALE ="0"/>
            <TRANSFORMFIELD DATATYPE ="string" DEFAULTVALUE ="" DESCRIPTION ="" NAME ="JOB_ID1" PICTURETEXT ="" PORTTYPE ="INPUT/OUTPUT" PRECISION ="10" SCALE ="0"/>
            <TRANSFORMFIELD DATATYPE ="string" DEFAULTVALUE ="" DESCRIPTION ="" NAME ="JOB_TITLE" PICTURETEXT ="" PORTTYPE ="INPUT/OUTPUT" PRECISION ="35" SCALE ="0"/>
            <TRANSFORMFIELD DATATYPE ="decimal" DEFAULTVALUE ="" DESCRIPTION ="" NAME ="MIN_SALARY" PICTURETEXT ="" PORTTYPE ="INPUT/OUTPUT" PRECISION ="6" SCALE ="0"/>
            <TRANSFORMFIELD DATATYPE ="decimal" DEFAULTVALUE ="" DESCRIPTION ="" NAME ="MAX_SALARY" PICTURETEXT ="" PORTTYPE ="INPUT/OUTPUT" PRECISION ="6" SCALE ="0"/>
            <TRANSFORMFIELD DATATYPE ="decimal" DEFAULTVALUE ="" DESCRIPTION ="" NAME ="EMPLOYEE_ID" PICTURETEXT ="" PORTTYPE ="INPUT/OUTPUT" PRECISION ="6" SCALE ="0"/>
            <TRANSFORMFIELD DATATYPE ="date/time" DEFAULTVALUE ="" DESCRIPTION ="" NAME ="START_DATE" PICTURETEXT ="" PORTTYPE ="INPUT/OUTPUT" PRECISION ="29" SCALE ="9"/>
            <TRANSFORMFIELD DATATYPE ="date/time" DEFAULTVALUE ="" DESCRIPTION ="" NAME ="END_DATE" PICTURETEXT ="" PORTTYPE ="INPUT/OUTPUT" PRECISION ="29" SCALE ="9"/>
            <TABLEATTRIBUTE NAME ="Sql Query" VALUE =""/>
            <TABLEATTRIBUTE NAME ="User Defined Join" VALUE ="DIM_JOBS.JOB_ID=JOBS.JOB_ID"/>
            <TABLEATTRIBUTE NAME ="Source Filter" VALUE =""/>
            <TABLEATTRIBUTE NAME ="Number Of Sorted Ports" VALUE ="0"/>
            <TABLEATTRIBUTE NAME ="Tracing Level" VALUE ="Normal"/>
            <TABLEATTRIBUTE NAME ="Select Distinct" VALUE ="NO"/>
            <TABLEATTRIBUTE NAME ="Is Partitionable" VALUE ="NO"/>
            <TABLEATTRIBUTE NAME ="Pre SQL" VALUE =""/>
            <TABLEATTRIBUTE NAME ="Post SQL" VALUE =""/>
            <TABLEATTRIBUTE NAME ="Output is deterministic" VALUE ="NO"/>
            <TABLEATTRIBUTE NAME ="Output is repeatable" VALUE ="Never"/>
        </TRANSFORMATION>
        <TRANSFORMATION DESCRIPTION ="" NAME ="joiner" OBJECTVERSION ="1" REUSABLE ="NO" TYPE ="Joiner" VERSIONNUMBER ="1">
            <TRANSFORMFIELD DATATYPE ="decimal" DEFAULTVALUE ="" DESCRIPTION ="" NAME ="EMPLOYEEKEY" PICTURETEXT ="" PORTTYPE ="INPUT/OUTPUT" PRECISION ="6" SCALE ="0"/>
            <TRANSFORMFIELD DATATYPE ="decimal" DEFAULTVALUE ="" DESCRIPTION ="" NAME ="EMPLOYEE_ID" PICTURETEXT ="" PORTTYPE ="INPUT/OUTPUT" PRECISION ="6" SCALE ="0"/>
            <TRANSFORMFIELD DATATYPE ="string" DEFAULTVALUE ="" DESCRIPTION ="" NAME ="FIRST_NAME" PICTURETEXT ="" PORTTYPE ="INPUT/OUTPUT" PRECISION ="20" SCALE ="0"/>
            <TRANSFORMFIELD DATATYPE ="string" DEFAULTVALUE ="" DESCRIPTION ="" NAME ="LAST_NAME" PICTURETEXT ="" PORTTYPE ="INPUT/OUTPUT" PRECISION ="25" SCALE ="0"/>
            <TRANSFORMFIELD DATATYPE ="string" DEFAULTVALUE ="" DESCRIPTION ="" NAME ="EMAIL" PICTURETEXT ="" PORTTYPE ="INPUT/OUTPUT" PRECISION ="25" SCALE ="0"/>
            <TRANSFORMFIELD DATATYPE ="string" DEFAULTVALUE ="" DESCRIPTION ="" NAME ="PHONE_NUMBER" PICTURETEXT ="" PORTTYPE ="INPUT/OUTPUT" PRECISION ="20" SCALE ="0"/>
            <TRANSFORMFIELD DATATYPE ="date/time" DEFAULTVALUE ="" DESCRIPTION ="" NAME ="HIRE_DATE" PICTURETEXT ="" PORTTYPE ="INPUT/OUTPUT" PRECISION ="29" SCALE ="9"/>
            <TRANSFORMFIELD DATATYPE ="string" DEFAULTVALUE ="" DESCRIPTION ="" NAME ="JOB_ID" PICTURETEXT ="" PORTTYPE ="INPUT/OUTPUT" PRECISION ="10" SCALE ="0"/>
            <TRANSFORMFIELD DATATYPE ="decimal" DEFAULTVALUE ="" DESCRIPTION ="" NAME ="SALARY" PICTURETEXT ="" PORTTYPE ="INPUT/OUTPUT" PRECISION ="8" SCALE ="2"/>
            <TRANSFORMFIELD DATATYPE ="decimal" DEFAULTVALUE ="" DESCRIPTION ="" NAME ="COMMISSION_PCT" PICTURETEXT ="" PORTTYPE ="INPUT/OUTPUT" PRECISION ="2" SCALE ="2"/>
            <TRANSFORMFIELD DATATYPE ="decimal" DEFAULTVALUE ="" DESCRIPTION ="" NAME ="MANAGER_ID" PICTURETEXT ="" PORTTYPE ="INPUT/OUTPUT" PRECISION ="6" SCALE ="0"/>
            <TRANSFORMFIELD DATATYPE ="decimal" DEFAULTVALUE ="" DESCRIPTION ="" NAME ="DEPARTMENT_ID" PICTURETEXT ="" PORTTYPE ="INPUT/OUTPUT" PRECISION ="4" SCALE ="0"/>
            <TRANSFORMFIELD DATATYPE ="string" DEFAULTVALUE ="" DESCRIPTION ="" NAME ="DEPARTMENTNAME" PICTURETEXT ="" PORTTYPE ="INPUT/OUTPUT" PRECISION ="25" SCALE ="0"/>
            <TRANSFORMFIELD DATATYPE ="string" DEFAULTVALUE ="" DESCRIPTION ="" NAME ="JOB_ID1" PICTURETEXT ="" PORTTYPE ="INPUT/OUTPUT/MASTER" PRECISION ="10" SCALE ="0"/>
            <TRANSFORMFIELD DATATYPE ="string" DEFAULTVALUE ="" DESCRIPTION ="" NAME ="JOB_ID11" PICTURETEXT ="" PORTTYPE ="INPUT/OUTPUT/MASTER" PRECISION ="10" SCALE ="0"/>
            <TRANSFORMFIELD DATATYPE ="string" DEFAULTVALUE ="" DESCRIPTION ="" NAME ="JOB_TITLE" PICTURETEXT ="" PORTTYPE ="INPUT/OUTPUT/MASTER" PRECISION ="35" SCALE ="0"/>
            <TRANSFORMFIELD DATATYPE ="decimal" DEFAULTVALUE ="" DESCRIPTION ="" NAME ="MIN_SALARY" PICTURETEXT ="" PORTTYPE ="INPUT/OUTPUT/MASTER" PRECISION ="6" SCALE ="0"/>
            <TRANSFORMFIELD DATATYPE ="decimal" DEFAULTVALUE ="" DESCRIPTION ="" NAME ="MAX_SALARY" PICTURETEXT ="" PORTTYPE ="INPUT/OUTPUT/MASTER" PRECISION ="6" SCALE ="0"/>
            <TRANSFORMFIELD DATATYPE ="decimal" DEFAULTVALUE ="" DESCRIPTION ="" NAME ="EMPLOYEE_ID1" PICTURETEXT ="" PORTTYPE ="INPUT/OUTPUT/MASTER" PRECISION ="6" SCALE ="0"/>
            <TRANSFORMFIELD DATATYPE ="date/time" DEFAULTVALUE ="" DESCRIPTION ="" NAME ="START_DATE" PICTURETEXT ="" PORTTYPE ="INPUT/OUTPUT/MASTER" PRECISION ="29" SCALE ="9"/>
            <TRANSFORMFIELD DATATYPE ="date/time" DEFAULTVALUE ="" DESCRIPTION ="" NAME ="END_DATE" PICTURETEXT ="" PORTTYPE ="INPUT/OUTPUT/MASTER" PRECISION ="29" SCALE ="9"/>
            <TABLEATTRIBUTE NAME ="Case Sensitive String Comparison" VALUE ="YES"/>
            <TABLEATTRIBUTE NAME ="Cache Directory" VALUE ="$PMCacheDir"/>
            <TABLEATTRIBUTE NAME ="Join Condition" VALUE ="EMPLOYEE_ID1 = EMPLOYEE_ID"/>
            <TABLEATTRIBUTE NAME ="Join Type" VALUE ="Normal Join"/>
            <TABLEATTRIBUTE NAME ="Null ordering in master" VALUE ="Null Is Highest Value"/>
            <TABLEATTRIBUTE NAME ="Null ordering in detail" VALUE ="Null Is Highest Value"/>
            <TABLEATTRIBUTE NAME ="Tracing Level" VALUE ="Normal"/>
            <TABLEATTRIBUTE NAME ="Joiner Data Cache Size" VALUE ="Auto"/>
            <TABLEATTRIBUTE NAME ="Joiner Index Cache Size" VALUE ="Auto"/>
            <TABLEATTRIBUTE NAME ="Sorted Input" VALUE ="NO"/>
            <TABLEATTRIBUTE NAME ="Master Sort Order" VALUE ="Auto"/>
            <TABLEATTRIBUTE NAME ="Transformation Scope" VALUE ="All Input"/>
        </TRANSFORMATION>
        <TRANSFORMATION DESCRIPTION ="" NAME ="SQ_LOCATIONS" OBJECTVERSION ="1" REUSABLE ="NO" TYPE ="Source Qualifier" VERSIONNUMBER ="1">
            <TRANSFORMFIELD DATATYPE ="decimal" DEFAULTVALUE ="" DESCRIPTION ="" NAME ="LOCATION_ID" PICTURETEXT ="" PORTTYPE ="INPUT/OUTPUT" PRECISION ="4" SCALE ="0"/>
            <TRANSFORMFIELD DATATYPE ="string" DEFAULTVALUE ="" DESCRIPTION ="" NAME ="STREET_ADDRESS" PICTURETEXT ="" PORTTYPE ="INPUT/OUTPUT" PRECISION ="40" SCALE ="0"/>
            <TRANSFORMFIELD DATATYPE ="string" DEFAULTVALUE ="" DESCRIPTION ="" NAME ="POSTAL_CODE" PICTURETEXT ="" PORTTYPE ="INPUT/OUTPUT" PRECISION ="12" SCALE ="0"/>
            <TRANSFORMFIELD DATATYPE ="string" DEFAULTVALUE ="" DESCRIPTION ="" NAME ="CITY" PICTURETEXT ="" PORTTYPE ="INPUT/OUTPUT" PRECISION ="30" SCALE ="0"/>
            <TRANSFORMFIELD DATATYPE ="string" DEFAULTVALUE ="" DESCRIPTION ="" NAME ="STATE_PROVINCE" PICTURETEXT ="" PORTTYPE ="INPUT/OUTPUT" PRECISION ="25" SCALE ="0"/>
            <TRANSFORMFIELD DATATYPE ="string" DEFAULTVALUE ="" DESCRIPTION ="" NAME ="COUNTRY_ID" PICTURETEXT ="" PORTTYPE ="INPUT/OUTPUT" PRECISION ="2" SCALE ="0"/>
            <TRANSFORMFIELD DATATYPE ="decimal" DEFAULTVALUE ="" DESCRIPTION ="" NAME ="LOCATION_ID1" PICTURETEXT ="" PORTTYPE ="INPUT/OUTPUT" PRECISION ="4" SCALE ="0"/>
            <TRANSFORMFIELD DATATYPE ="string" DEFAULTVALUE ="" DESCRIPTION ="" NAME ="STREET_ADDRESS1" PICTURETEXT ="" PORTTYPE ="INPUT/OUTPUT" PRECISION ="40" SCALE ="0"/>
            <TRANSFORMFIELD DATATYPE ="string" DEFAULTVALUE ="" DESCRIPTION ="" NAME ="POSTAL_CODE1" PICTURETEXT ="" PORTTYPE ="INPUT/OUTPUT" PRECISION ="12" SCALE ="0"/>
            <TRANSFORMFIELD DATATYPE ="string" DEFAULTVALUE ="" DESCRIPTION ="" NAME ="CITY1" PICTURETEXT ="" PORTTYPE ="INPUT/OUTPUT" PRECISION ="30" SCALE ="0"/>
            <TRANSFORMFIELD DATATYPE ="string" DEFAULTVALUE ="" DESCRIPTION ="" NAME ="STATE_PROVINCE1" PICTURETEXT ="" PORTTYPE ="INPUT/OUTPUT" PRECISION ="25" SCALE ="0"/>
            <TRANSFORMFIELD DATATYPE ="string" DEFAULTVALUE ="" DESCRIPTION ="" NAME ="COUNTRY_ID1" PICTURETEXT ="" PORTTYPE ="INPUT/OUTPUT" PRECISION ="2" SCALE ="0"/>
            <TRANSFORMFIELD DATATYPE ="string" DEFAULTVALUE ="" DESCRIPTION ="" NAME ="COUNTRY_NAME" PICTURETEXT ="" PORTTYPE ="INPUT/OUTPUT" PRECISION ="40" SCALE ="0"/>
            <TRANSFORMFIELD DATATYPE ="decimal" DEFAULTVALUE ="" DESCRIPTION ="" NAME ="COUNT_CITY" PICTURETEXT ="" PORTTYPE ="INPUT/OUTPUT" PRECISION ="10" SCALE ="0"/>
            <TABLEATTRIBUTE NAME ="Sql Query" VALUE =""/>
            <TABLEATTRIBUTE NAME ="User Defined Join" VALUE ="DIM_GEOGRAPHY.LOCATION_ID=LOCATIONS.LOCATION_ID"/>
            <TABLEATTRIBUTE NAME ="Source Filter" VALUE =""/>
            <TABLEATTRIBUTE NAME ="Number Of Sorted Ports" VALUE ="0"/>
            <TABLEATTRIBUTE NAME ="Tracing Level" VALUE ="Normal"/>
            <TABLEATTRIBUTE NAME ="Select Distinct" VALUE ="NO"/>
            <TABLEATTRIBUTE NAME ="Is Partitionable" VALUE ="NO"/>
            <TABLEATTRIBUTE NAME ="Pre SQL" VALUE =""/>
            <TABLEATTRIBUTE NAME ="Post SQL" VALUE =""/>
            <TABLEATTRIBUTE NAME ="Output is deterministic" VALUE ="NO"/>
            <TABLEATTRIBUTE NAME ="Output is repeatable" VALUE ="Never"/>
        </TRANSFORMATION>
        <TRANSFORMATION DESCRIPTION ="" NAME ="SQ_DEPARTMENTS" OBJECTVERSION ="1" REUSABLE ="NO" TYPE ="Source Qualifier" VERSIONNUMBER ="1">
            <TRANSFORMFIELD DATATYPE ="decimal" DEFAULTVALUE ="" DESCRIPTION ="" NAME ="DEPARTMENT_ID" PICTURETEXT ="" PORTTYPE ="INPUT/OUTPUT" PRECISION ="4" SCALE ="0"/>
            <TRANSFORMFIELD DATATYPE ="string" DEFAULTVALUE ="" DESCRIPTION ="" NAME ="DEPARTMENT_NAME" PICTURETEXT ="" PORTTYPE ="INPUT/OUTPUT" PRECISION ="30" SCALE ="0"/>
            <TRANSFORMFIELD DATATYPE ="decimal" DEFAULTVALUE ="" DESCRIPTION ="" NAME ="MANAGER_ID" PICTURETEXT ="" PORTTYPE ="INPUT/OUTPUT" PRECISION ="6" SCALE ="0"/>
            <TRANSFORMFIELD DATATYPE ="decimal" DEFAULTVALUE ="" DESCRIPTION ="" NAME ="LOCATION_ID" PICTURETEXT ="" PORTTYPE ="INPUT/OUTPUT" PRECISION ="4" SCALE ="0"/>
            <TABLEATTRIBUTE NAME ="Sql Query" VALUE =""/>
            <TABLEATTRIBUTE NAME ="User Defined Join" VALUE =""/>
            <TABLEATTRIBUTE NAME ="Source Filter" VALUE =""/>
            <TABLEATTRIBUTE NAME ="Number Of Sorted Ports" VALUE ="0"/>
            <TABLEATTRIBUTE NAME ="Tracing Level" VALUE ="Normal"/>
            <TABLEATTRIBUTE NAME ="Select Distinct" VALUE ="NO"/>
            <TABLEATTRIBUTE NAME ="Is Partitionable" VALUE ="NO"/>
            <TABLEATTRIBUTE NAME ="Pre SQL" VALUE =""/>
            <TABLEATTRIBUTE NAME ="Post SQL" VALUE =""/>
            <TABLEATTRIBUTE NAME ="Output is deterministic" VALUE ="NO"/>
            <TABLEATTRIBUTE NAME ="Output is repeatable" VALUE ="Never"/>
        </TRANSFORMATION>
        <TRANSFORMATION DESCRIPTION ="" NAME ="joiner1" OBJECTVERSION ="1" REUSABLE ="NO" TYPE ="Joiner" VERSIONNUMBER ="1">
            <TRANSFORMFIELD DATATYPE ="decimal" DEFAULTVALUE ="" DESCRIPTION ="" NAME ="LOCATION_ID" PICTURETEXT ="" PORTTYPE ="INPUT/OUTPUT" PRECISION ="4" SCALE ="0"/>
            <TRANSFORMFIELD DATATYPE ="string" DEFAULTVALUE ="" DESCRIPTION ="" NAME ="STREET_ADDRESS" PICTURETEXT ="" PORTTYPE ="INPUT/OUTPUT" PRECISION ="40" SCALE ="0"/>
            <TRANSFORMFIELD DATATYPE ="string" DEFAULTVALUE ="" DESCRIPTION ="" NAME ="POSTAL_CODE" PICTURETEXT ="" PORTTYPE ="INPUT/OUTPUT" PRECISION ="12" SCALE ="0"/>
            <TRANSFORMFIELD DATATYPE ="string" DEFAULTVALUE ="" DESCRIPTION ="" NAME ="CITY" PICTURETEXT ="" PORTTYPE ="INPUT/OUTPUT" PRECISION ="30" SCALE ="0"/>
            <TRANSFORMFIELD DATATYPE ="string" DEFAULTVALUE ="" DESCRIPTION ="" NAME ="STATE_PROVINCE" PICTURETEXT ="" PORTTYPE ="INPUT/OUTPUT" PRECISION ="25" SCALE ="0"/>
            <TRANSFORMFIELD DATATYPE ="string" DEFAULTVALUE ="" DESCRIPTION ="" NAME ="COUNTRY_ID" PICTURETEXT ="" PORTTYPE ="INPUT/OUTPUT" PRECISION ="2" SCALE ="0"/>
            <TRANSFORMFIELD DATATYPE ="decimal" DEFAULTVALUE ="" DESCRIPTION ="" NAME ="LOCATION_ID1" PICTURETEXT ="" PORTTYPE ="INPUT/OUTPUT" PRECISION ="4" SCALE ="0"/>
            <TRANSFORMFIELD DATATYPE ="string" DEFAULTVALUE ="" DESCRIPTION ="" NAME ="STREET_ADDRESS1" PICTURETEXT ="" PORTTYPE ="INPUT/OUTPUT" PRECISION ="40" SCALE ="0"/>
            <TRANSFORMFIELD DATATYPE ="string" DEFAULTVALUE ="" DESCRIPTION ="" NAME ="POSTAL_CODE1" PICTURETEXT ="" PORTTYPE ="INPUT/OUTPUT" PRECISION ="12" SCALE ="0"/>
            <TRANSFORMFIELD DATATYPE ="string" DEFAULTVALUE ="" DESCRIPTION ="" NAME ="CITY1" PICTURETEXT ="" PORTTYPE ="INPUT/OUTPUT" PRECISION ="30" SCALE ="0"/>
            <TRANSFORMFIELD DATATYPE ="string" DEFAULTVALUE ="" DESCRIPTION ="" NAME ="STATE_PROVINCE1" PICTURETEXT ="" PORTTYPE ="INPUT/OUTPUT" PRECISION ="25" SCALE ="0"/>
            <TRANSFORMFIELD DATATYPE ="string" DEFAULTVALUE ="" DESCRIPTION ="" NAME ="COUNTRY_ID1" PICTURETEXT ="" PORTTYPE ="INPUT/OUTPUT" PRECISION ="2" SCALE ="0"/>
            <TRANSFORMFIELD DATATYPE ="string" DEFAULTVALUE ="" DESCRIPTION ="" NAME ="COUNTRY_NAME" PICTURETEXT ="" PORTTYPE ="INPUT/OUTPUT" PRECISION ="40" SCALE ="0"/>
            <TRANSFORMFIELD DATATYPE ="decimal" DEFAULTVALUE ="" DESCRIPTION ="" NAME ="COUNT_CITY" PICTURETEXT ="" PORTTYPE ="INPUT/OUTPUT" PRECISION ="10" SCALE ="0"/>
            <TRANSFORMFIELD DATATYPE ="decimal" DEFAULTVALUE ="" DESCRIPTION ="" NAME ="DEPARTMENT_ID" PICTURETEXT ="" PORTTYPE ="INPUT/OUTPUT/MASTER" PRECISION ="4" SCALE ="0"/>
            <TRANSFORMFIELD DATATYPE ="string" DEFAULTVALUE ="" DESCRIPTION ="" NAME ="DEPARTMENT_NAME" PICTURETEXT ="" PORTTYPE ="INPUT/OUTPUT/MASTER" PRECISION ="30" SCALE ="0"/>
            <TRANSFORMFIELD DATATYPE ="decimal" DEFAULTVALUE ="" DESCRIPTION ="" NAME ="MANAGER_ID" PICTURETEXT ="" PORTTYPE ="INPUT/OUTPUT/MASTER" PRECISION ="6" SCALE ="0"/>
            <TRANSFORMFIELD DATATYPE ="decimal" DEFAULTVALUE ="" DESCRIPTION ="" NAME ="LOCATION_ID2" PICTURETEXT ="" PORTTYPE ="INPUT/OUTPUT/MASTER" PRECISION ="4" SCALE ="0"/>
            <TABLEATTRIBUTE NAME ="Case Sensitive String Comparison" VALUE ="YES"/>
            <TABLEATTRIBUTE NAME ="Cache Directory" VALUE ="$PMCacheDir"/>
            <TABLEATTRIBUTE NAME ="Join Condition" VALUE ="LOCATION_ID2 = LOCATION_ID"/>
            <TABLEATTRIBUTE NAME ="Join Type" VALUE ="Normal Join"/>
            <TABLEATTRIBUTE NAME ="Null ordering in master" VALUE ="Null Is Highest Value"/>
            <TABLEATTRIBUTE NAME ="Null ordering in detail" VALUE ="Null Is Highest Value"/>
            <TABLEATTRIBUTE NAME ="Tracing Level" VALUE ="Normal"/>
            <TABLEATTRIBUTE NAME ="Joiner Data Cache Size" VALUE ="Auto"/>
            <TABLEATTRIBUTE NAME ="Joiner Index Cache Size" VALUE ="Auto"/>
            <TABLEATTRIBUTE NAME ="Sorted Input" VALUE ="NO"/>
            <TABLEATTRIBUTE NAME ="Master Sort Order" VALUE ="Auto"/>
            <TABLEATTRIBUTE NAME ="Transformation Scope" VALUE ="All Input"/>
        </TRANSFORMATION>
        <TRANSFORMATION DESCRIPTION ="" NAME ="joiner2" OBJECTVERSION ="1" REUSABLE ="NO" TYPE ="Joiner" VERSIONNUMBER ="1">
            <TRANSFORMFIELD DATATYPE ="decimal" DEFAULTVALUE ="" DESCRIPTION ="" NAME ="EMPLOYEEKEY" PICTURETEXT ="" PORTTYPE ="INPUT/OUTPUT" PRECISION ="6" SCALE ="0"/>
            <TRANSFORMFIELD DATATYPE ="decimal" DEFAULTVALUE ="" DESCRIPTION ="" NAME ="EMPLOYEE_ID" PICTURETEXT ="" PORTTYPE ="INPUT/OUTPUT" PRECISION ="6" SCALE ="0"/>
            <TRANSFORMFIELD DATATYPE ="string" DEFAULTVALUE ="" DESCRIPTION ="" NAME ="FIRST_NAME" PICTURETEXT ="" PORTTYPE ="INPUT/OUTPUT" PRECISION ="20" SCALE ="0"/>
            <TRANSFORMFIELD DATATYPE ="string" DEFAULTVALUE ="" DESCRIPTION ="" NAME ="LAST_NAME" PICTURETEXT ="" PORTTYPE ="INPUT/OUTPUT" PRECISION ="25" SCALE ="0"/>
            <TRANSFORMFIELD DATATYPE ="string" DEFAULTVALUE ="" DESCRIPTION ="" NAME ="EMAIL" PICTURETEXT ="" PORTTYPE ="INPUT/OUTPUT" PRECISION ="25" SCALE ="0"/>
            <TRANSFORMFIELD DATATYPE ="string" DEFAULTVALUE ="" DESCRIPTION ="" NAME ="PHONE_NUMBER" PICTURETEXT ="" PORTTYPE ="INPUT/OUTPUT" PRECISION ="20" SCALE ="0"/>
            <TRANSFORMFIELD DATATYPE ="date/time" DEFAULTVALUE ="" DESCRIPTION ="" NAME ="HIRE_DATE" PICTURETEXT ="" PORTTYPE ="INPUT/OUTPUT" PRECISION ="29" SCALE ="9"/>
            <TRANSFORMFIELD DATATYPE ="string" DEFAULTVALUE ="" DESCRIPTION ="" NAME ="JOB_ID" PICTURETEXT ="" PORTTYPE ="INPUT/OUTPUT" PRECISION ="10" SCALE ="0"/>
            <TRANSFORMFIELD DATATYPE ="decimal" DEFAULTVALUE ="" DESCRIPTION ="" NAME ="SALARY" PICTURETEXT ="" PORTTYPE ="INPUT/OUTPUT" PRECISION ="8" SCALE ="2"/>
            <TRANSFORMFIELD DATATYPE ="decimal" DEFAULTVALUE ="" DESCRIPTION ="" NAME ="COMMISSION_PCT" PICTURETEXT ="" PORTTYPE ="INPUT/OUTPUT" PRECISION ="2" SCALE ="2"/>
            <TRANSFORMFIELD DATATYPE ="decimal" DEFAULTVALUE ="" DESCRIPTION ="" NAME ="MANAGER_ID" PICTURETEXT ="" PORTTYPE ="INPUT/OUTPUT" PRECISION ="6" SCALE ="0"/>
            <TRANSFORMFIELD DATATYPE ="decimal" DEFAULTVALUE ="" DESCRIPTION ="" NAME ="DEPARTMENT_ID" PICTURETEXT ="" PORTTYPE ="INPUT/OUTPUT" PRECISION ="4" SCALE ="0"/>
            <TRANSFORMFIELD DATATYPE ="string" DEFAULTVALUE ="" DESCRIPTION ="" NAME ="DEPARTMENTNAME" PICTURETEXT ="" PORTTYPE ="INPUT/OUTPUT" PRECISION ="25" SCALE ="0"/>
            <TRANSFORMFIELD DATATYPE ="string" DEFAULTVALUE ="" DESCRIPTION ="" NAME ="JOB_ID1" PICTURETEXT ="" PORTTYPE ="INPUT/OUTPUT" PRECISION ="10" SCALE ="0"/>
            <TRANSFORMFIELD DATATYPE ="string" DEFAULTVALUE ="" DESCRIPTION ="" NAME ="JOB_ID11" PICTURETEXT ="" PORTTYPE ="INPUT/OUTPUT" PRECISION ="10" SCALE ="0"/>
            <TRANSFORMFIELD DATATYPE ="string" DEFAULTVALUE ="" DESCRIPTION ="" NAME ="JOB_TITLE" PICTURETEXT ="" PORTTYPE ="INPUT/OUTPUT" PRECISION ="35" SCALE ="0"/>
            <TRANSFORMFIELD DATATYPE ="decimal" DEFAULTVALUE ="" DESCRIPTION ="" NAME ="MIN_SALARY" PICTURETEXT ="" PORTTYPE ="INPUT/OUTPUT" PRECISION ="6" SCALE ="0"/>
            <TRANSFORMFIELD DATATYPE ="decimal" DEFAULTVALUE ="" DESCRIPTION ="" NAME ="MAX_SALARY" PICTURETEXT ="" PORTTYPE ="INPUT/OUTPUT" PRECISION ="6" SCALE ="0"/>
            <TRANSFORMFIELD DATATYPE ="decimal" DEFAULTVALUE ="" DESCRIPTION ="" NAME ="EMPLOYEE_ID1" PICTURETEXT ="" PORTTYPE ="INPUT/OUTPUT" PRECISION ="6" SCALE ="0"/>
            <TRANSFORMFIELD DATATYPE ="date/time" DEFAULTVALUE ="" DESCRIPTION ="" NAME ="START_DATE" PICTURETEXT ="" PORTTYPE ="INPUT/OUTPUT" PRECISION ="29" SCALE ="9"/>
            <TRANSFORMFIELD DATATYPE ="date/time" DEFAULTVALUE ="" DESCRIPTION ="" NAME ="END_DATE" PICTURETEXT ="" PORTTYPE ="INPUT/OUTPUT" PRECISION ="29" SCALE ="9"/>
            <TRANSFORMFIELD DATATYPE ="decimal" DEFAULTVALUE ="" DESCRIPTION ="" NAME ="LOCATION_ID" PICTURETEXT ="" PORTTYPE ="INPUT/OUTPUT/MASTER" PRECISION ="4" SCALE ="0"/>
            <TRANSFORMFIELD DATATYPE ="string" DEFAULTVALUE ="" DESCRIPTION ="" NAME ="STREET_ADDRESS" PICTURETEXT ="" PORTTYPE ="INPUT/OUTPUT/MASTER" PRECISION ="40" SCALE ="0"/>
            <TRANSFORMFIELD DATATYPE ="string" DEFAULTVALUE ="" DESCRIPTION ="" NAME ="POSTAL_CODE" PICTURETEXT ="" PORTTYPE ="INPUT/OUTPUT/MASTER" PRECISION ="12" SCALE ="0"/>
            <TRANSFORMFIELD DATATYPE ="string" DEFAULTVALUE ="" DESCRIPTION ="" NAME ="CITY" PICTURETEXT ="" PORTTYPE ="INPUT/OUTPUT/MASTER" PRECISION ="30" SCALE ="0"/>
            <TRANSFORMFIELD DATATYPE ="string" DEFAULTVALUE ="" DESCRIPTION ="" NAME ="STATE_PROVINCE" PICTURETEXT ="" PORTTYPE ="INPUT/OUTPUT/MASTER" PRECISION ="25" SCALE ="0"/>
            <TRANSFORMFIELD DATATYPE ="string" DEFAULTVALUE ="" DESCRIPTION ="" NAME ="COUNTRY_ID" PICTURETEXT ="" PORTTYPE ="INPUT/OUTPUT/MASTER" PRECISION ="2" SCALE ="0"/>
            <TRANSFORMFIELD DATATYPE ="decimal" DEFAULTVALUE ="" DESCRIPTION ="" NAME ="LOCATION_ID1" PICTURETEXT ="" PORTTYPE ="INPUT/OUTPUT/MASTER" PRECISION ="4" SCALE ="0"/>
            <TRANSFORMFIELD DATATYPE ="string" DEFAULTVALUE ="" DESCRIPTION ="" NAME ="STREET_ADDRESS1" PICTURETEXT ="" PORTTYPE ="INPUT/OUTPUT/MASTER" PRECISION ="40" SCALE ="0"/>
            <TRANSFORMFIELD DATATYPE ="string" DEFAULTVALUE ="" DESCRIPTION ="" NAME ="POSTAL_CODE1" PICTURETEXT ="" PORTTYPE ="INPUT/OUTPUT/MASTER" PRECISION ="12" SCALE ="0"/>
            <TRANSFORMFIELD DATATYPE ="string" DEFAULTVALUE ="" DESCRIPTION ="" NAME ="CITY1" PICTURETEXT ="" PORTTYPE ="INPUT/OUTPUT/MASTER" PRECISION ="30" SCALE ="0"/>
            <TRANSFORMFIELD DATATYPE ="string" DEFAULTVALUE ="" DESCRIPTION ="" NAME ="STATE_PROVINCE1" PICTURETEXT ="" PORTTYPE ="INPUT/OUTPUT/MASTER" PRECISION ="25" SCALE ="0"/>
            <TRANSFORMFIELD DATATYPE ="string" DEFAULTVALUE ="" DESCRIPTION ="" NAME ="COUNTRY_ID1" PICTURETEXT ="" PORTTYPE ="INPUT/OUTPUT/MASTER" PRECISION ="2" SCALE ="0"/>
            <TRANSFORMFIELD DATATYPE ="string" DEFAULTVALUE ="" DESCRIPTION ="" NAME ="COUNTRY_NAME" PICTURETEXT ="" PORTTYPE ="INPUT/OUTPUT/MASTER" PRECISION ="40" SCALE ="0"/>
            <TRANSFORMFIELD DATATYPE ="decimal" DEFAULTVALUE ="" DESCRIPTION ="" NAME ="COUNT_CITY" PICTURETEXT ="" PORTTYPE ="INPUT/OUTPUT/MASTER" PRECISION ="10" SCALE ="0"/>
            <TRANSFORMFIELD DATATYPE ="decimal" DEFAULTVALUE ="" DESCRIPTION ="" NAME ="DEPARTMENT_ID1" PICTURETEXT ="" PORTTYPE ="INPUT/OUTPUT/MASTER" PRECISION ="4" SCALE ="0"/>
            <TRANSFORMFIELD DATATYPE ="string" DEFAULTVALUE ="" DESCRIPTION ="" NAME ="DEPARTMENT_NAME" PICTURETEXT ="" PORTTYPE ="INPUT/OUTPUT/MASTER" PRECISION ="30" SCALE ="0"/>
            <TRANSFORMFIELD DATATYPE ="decimal" DEFAULTVALUE ="" DESCRIPTION ="" NAME ="MANAGER_ID1" PICTURETEXT ="" PORTTYPE ="INPUT/OUTPUT/MASTER" PRECISION ="6" SCALE ="0"/>
            <TRANSFORMFIELD DATATYPE ="decimal" DEFAULTVALUE ="" DESCRIPTION ="" NAME ="LOCATION_ID2" PICTURETEXT ="" PORTTYPE ="INPUT/OUTPUT/MASTER" PRECISION ="4" SCALE ="0"/>
            <TABLEATTRIBUTE NAME ="Case Sensitive String Comparison" VALUE ="YES"/>
            <TABLEATTRIBUTE NAME ="Cache Directory" VALUE ="$PMCacheDir"/>
            <TABLEATTRIBUTE NAME ="Join Condition" VALUE ="DEPARTMENT_ID1 = DEPARTMENT_ID"/>
            <TABLEATTRIBUTE NAME ="Join Type" VALUE ="Normal Join"/>
            <TABLEATTRIBUTE NAME ="Null ordering in master" VALUE ="Null Is Highest Value"/>
            <TABLEATTRIBUTE NAME ="Null ordering in detail" VALUE ="Null Is Highest Value"/>
            <TABLEATTRIBUTE NAME ="Tracing Level" VALUE ="Normal"/>
            <TABLEATTRIBUTE NAME ="Joiner Data Cache Size" VALUE ="Auto"/>
            <TABLEATTRIBUTE NAME ="Joiner Index Cache Size" VALUE ="Auto"/>
            <TABLEATTRIBUTE NAME ="Sorted Input" VALUE ="NO"/>
            <TABLEATTRIBUTE NAME ="Master Sort Order" VALUE ="Auto"/>
            <TABLEATTRIBUTE NAME ="Transformation Scope" VALUE ="All Input"/>
        </TRANSFORMATION>
        <TRANSFORMATION DESCRIPTION ="" NAME ="exp" OBJECTVERSION ="1" REUSABLE ="NO" TYPE ="Expression" VERSIONNUMBER ="1">
            <TRANSFORMFIELD DATATYPE ="decimal" DEFAULTVALUE ="" DESCRIPTION ="" EXPRESSION ="EMPLOYEEKEY" EXPRESSIONTYPE ="GENERAL" NAME ="EMPLOYEEKEY" PICTURETEXT ="" PORTTYPE ="INPUT/OUTPUT" PRECISION ="6" SCALE ="0"/>
            <TRANSFORMFIELD DATATYPE ="string" DEFAULTVALUE ="ERROR(&apos;transformation error&apos;)" DESCRIPTION ="" EXPRESSION ="TO_DECIMAL(02042020)" EXPRESSIONTYPE ="GENERAL" NAME ="DATEKEY" PICTURETEXT ="" PORTTYPE ="OUTPUT" PRECISION ="10" SCALE ="0"/>
            <TRANSFORMFIELD DATATYPE ="date/time" DEFAULTVALUE ="ERROR(&apos;transformation error&apos;)" DESCRIPTION ="" EXPRESSION ="SYSDATE" EXPRESSIONTYPE ="GENERAL" NAME ="DARE_LOAD" PICTURETEXT ="" PORTTYPE ="OUTPUT" PRECISION ="29" SCALE ="9"/>
            <TRANSFORMFIELD DATATYPE ="string" DEFAULTVALUE ="" DESCRIPTION ="" EXPRESSION ="JOB_ID" EXPRESSIONTYPE ="GENERAL" NAME ="JOB_ID" PICTURETEXT ="" PORTTYPE ="INPUT/OUTPUT" PRECISION ="10" SCALE ="0"/>
            <TRANSFORMFIELD DATATYPE ="decimal" DEFAULTVALUE ="" DESCRIPTION ="" EXPRESSION ="LOCATION_ID" EXPRESSIONTYPE ="GENERAL" NAME ="LOCATION_ID" PICTURETEXT ="" PORTTYPE ="INPUT/OUTPUT" PRECISION ="4" SCALE ="0"/>
            <TRANSFORMFIELD DATATYPE ="decimal" DEFAULTVALUE ="" DESCRIPTION ="" EXPRESSION ="SALARY" EXPRESSIONTYPE ="GENERAL" NAME ="SALARY" PICTURETEXT ="" PORTTYPE ="INPUT/OUTPUT" PRECISION ="8" SCALE ="2"/>
            <TABLEATTRIBUTE NAME ="Tracing Level" VALUE ="Normal"/>
        </TRANSFORMATION>
        <INSTANCE DESCRIPTION ="" NAME ="FACT_FINANCE" TRANSFORMATION_NAME ="FACT_FINANCE" TRANSFORMATION_TYPE ="Target Definition" TYPE ="TARGET"/>
        <INSTANCE DBDNAME ="DEV_HR" DESCRIPTION ="" NAME ="EMPLOYEES" TRANSFORMATION_NAME ="EMPLOYEES" TRANSFORMATION_TYPE ="Source Definition" TYPE ="SOURCE"/>
        <INSTANCE DESCRIPTION ="" NAME ="SQ_EMPLOYEES" REUSABLE ="NO" TRANSFORMATION_NAME ="SQ_EMPLOYEES" TRANSFORMATION_TYPE ="Source Qualifier" TYPE ="TRANSFORMATION">
            <ASSOCIATED_SOURCE_INSTANCE NAME ="EMPLOYEES"/>
            <ASSOCIATED_SOURCE_INSTANCE NAME ="DIMEMPLOYEE"/>
        </INSTANCE>
        <INSTANCE DBDNAME ="DEV_HR" DESCRIPTION ="" NAME ="DIMEMPLOYEE" TRANSFORMATION_NAME ="DIMEMPLOYEE" TRANSFORMATION_TYPE ="Source Definition" TYPE ="SOURCE"/>
        <INSTANCE DBDNAME ="DEV_HR" DESCRIPTION ="" NAME ="JOBS" TRANSFORMATION_NAME ="JOBS" TRANSFORMATION_TYPE ="Source Definition" TYPE ="SOURCE"/>
        <INSTANCE DESCRIPTION ="" NAME ="SQ_JOBS" REUSABLE ="NO" TRANSFORMATION_NAME ="SQ_JOBS" TRANSFORMATION_TYPE ="Source Qualifier" TYPE ="TRANSFORMATION">
            <ASSOCIATED_SOURCE_INSTANCE NAME ="JOBS"/>
            <ASSOCIATED_SOURCE_INSTANCE NAME ="DIM_JOBS"/>
        </INSTANCE>
        <INSTANCE DBDNAME ="DEV_HR" DESCRIPTION ="" NAME ="DIM_JOBS" TRANSFORMATION_NAME ="DIM_JOBS" TRANSFORMATION_TYPE ="Source Definition" TYPE ="SOURCE"/>
        <INSTANCE DESCRIPTION ="" NAME ="joiner" REUSABLE ="NO" TRANSFORMATION_NAME ="joiner" TRANSFORMATION_TYPE ="Joiner" TYPE ="TRANSFORMATION"/>
        <INSTANCE DBDNAME ="DEV_HR" DESCRIPTION ="" NAME ="LOCATIONS" TRANSFORMATION_NAME ="LOCATIONS" TRANSFORMATION_TYPE ="Source Definition" TYPE ="SOURCE"/>
        <INSTANCE DESCRIPTION ="" NAME ="SQ_LOCATIONS" REUSABLE ="NO" TRANSFORMATION_NAME ="SQ_LOCATIONS" TRANSFORMATION_TYPE ="Source Qualifier" TYPE ="TRANSFORMATION">
            <ASSOCIATED_SOURCE_INSTANCE NAME ="LOCATIONS"/>
            <ASSOCIATED_SOURCE_INSTANCE NAME ="DIM_GEOGRAPHY"/>
        </INSTANCE>
        <INSTANCE DBDNAME ="DEV_HR" DESCRIPTION ="" NAME ="DIM_GEOGRAPHY" TRANSFORMATION_NAME ="DIM_GEOGRAPHY" TRANSFORMATION_TYPE ="Source Definition" TYPE ="SOURCE"/>
        <INSTANCE DBDNAME ="DEV_HR" DESCRIPTION ="" NAME ="DEPARTMENTS" TRANSFORMATION_NAME ="DEPARTMENTS" TRANSFORMATION_TYPE ="Source Definition" TYPE ="SOURCE"/>
        <INSTANCE DESCRIPTION ="" NAME ="SQ_DEPARTMENTS" REUSABLE ="NO" TRANSFORMATION_NAME ="SQ_DEPARTMENTS" TRANSFORMATION_TYPE ="Source Qualifier" TYPE ="TRANSFORMATION">
            <ASSOCIATED_SOURCE_INSTANCE NAME ="DEPARTMENTS"/>
        </INSTANCE>
        <INSTANCE DESCRIPTION ="" NAME ="joiner1" REUSABLE ="NO" TRANSFORMATION_NAME ="joiner1" TRANSFORMATION_TYPE ="Joiner" TYPE ="TRANSFORMATION"/>
        <INSTANCE DESCRIPTION ="" NAME ="joiner2" REUSABLE ="NO" TRANSFORMATION_NAME ="joiner2" TRANSFORMATION_TYPE ="Joiner" TYPE ="TRANSFORMATION"/>
        <INSTANCE DESCRIPTION ="" NAME ="exp" REUSABLE ="NO" TRANSFORMATION_NAME ="exp" TRANSFORMATION_TYPE ="Expression" TYPE ="TRANSFORMATION"/>
        <CONNECTOR FROMFIELD ="EMPLOYEEKEY" FROMINSTANCE ="exp" FROMINSTANCETYPE ="Expression" TOFIELD ="EMPLOYEEKEY" TOINSTANCE ="FACT_FINANCE" TOINSTANCETYPE ="Target Definition"/>
        <CONNECTOR FROMFIELD ="DATEKEY" FROMINSTANCE ="exp" FROMINSTANCETYPE ="Expression" TOFIELD ="DATEKEY" TOINSTANCE ="FACT_FINANCE" TOINSTANCETYPE ="Target Definition"/>
        <CONNECTOR FROMFIELD ="SALARY" FROMINSTANCE ="exp" FROMINSTANCETYPE ="Expression" TOFIELD ="SALARY" TOINSTANCE ="FACT_FINANCE" TOINSTANCETYPE ="Target Definition"/>
        <CONNECTOR FROMFIELD ="DARE_LOAD" FROMINSTANCE ="exp" FROMINSTANCETYPE ="Expression" TOFIELD ="DATE_LOAD" TOINSTANCE ="FACT_FINANCE" TOINSTANCETYPE ="Target Definition"/>
        <CONNECTOR FROMFIELD ="LOCATION_ID" FROMINSTANCE ="exp" FROMINSTANCETYPE ="Expression" TOFIELD ="GEOGRAPHYKEY" TOINSTANCE ="FACT_FINANCE" TOINSTANCETYPE ="Target Definition"/>
        <CONNECTOR FROMFIELD ="JOB_ID" FROMINSTANCE ="exp" FROMINSTANCETYPE ="Expression" TOFIELD ="JOB_KEY" TOINSTANCE ="FACT_FINANCE" TOINSTANCETYPE ="Target Definition"/>
        <CONNECTOR FROMFIELD ="EMPLOYEE_ID" FROMINSTANCE ="EMPLOYEES" FROMINSTANCETYPE ="Source Definition" TOFIELD ="EMPLOYEE_ID" TOINSTANCE ="SQ_EMPLOYEES" TOINSTANCETYPE ="Source Qualifier"/>
        <CONNECTOR FROMFIELD ="EMPLOYEEKEY" FROMINSTANCE ="DIMEMPLOYEE" FROMINSTANCETYPE ="Source Definition" TOFIELD ="EMPLOYEEKEY" TOINSTANCE ="SQ_EMPLOYEES" TOINSTANCETYPE ="Source Qualifier"/>
        <CONNECTOR FROMFIELD ="FIRST_NAME" FROMINSTANCE ="DIMEMPLOYEE" FROMINSTANCETYPE ="Source Definition" TOFIELD ="FIRST_NAME" TOINSTANCE ="SQ_EMPLOYEES" TOINSTANCETYPE ="Source Qualifier"/>
        <CONNECTOR FROMFIELD ="LAST_NAME" FROMINSTANCE ="DIMEMPLOYEE" FROMINSTANCETYPE ="Source Definition" TOFIELD ="LAST_NAME" TOINSTANCE ="SQ_EMPLOYEES" TOINSTANCETYPE ="Source Qualifier"/>
        <CONNECTOR FROMFIELD ="EMAIL" FROMINSTANCE ="DIMEMPLOYEE" FROMINSTANCETYPE ="Source Definition" TOFIELD ="EMAIL" TOINSTANCE ="SQ_EMPLOYEES" TOINSTANCETYPE ="Source Qualifier"/>
        <CONNECTOR FROMFIELD ="PHONE_NUMBER" FROMINSTANCE ="DIMEMPLOYEE" FROMINSTANCETYPE ="Source Definition" TOFIELD ="PHONE_NUMBER" TOINSTANCE ="SQ_EMPLOYEES" TOINSTANCETYPE ="Source Qualifier"/>
        <CONNECTOR FROMFIELD ="HIRE_DATE" FROMINSTANCE ="DIMEMPLOYEE" FROMINSTANCETYPE ="Source Definition" TOFIELD ="HIRE_DATE" TOINSTANCE ="SQ_EMPLOYEES" TOINSTANCETYPE ="Source Qualifier"/>
        <CONNECTOR FROMFIELD ="JOB_ID" FROMINSTANCE ="DIMEMPLOYEE" FROMINSTANCETYPE ="Source Definition" TOFIELD ="JOB_ID" TOINSTANCE ="SQ_EMPLOYEES" TOINSTANCETYPE ="Source Qualifier"/>
        <CONNECTOR FROMFIELD ="SALARY" FROMINSTANCE ="DIMEMPLOYEE" FROMINSTANCETYPE ="Source Definition" TOFIELD ="SALARY" TOINSTANCE ="SQ_EMPLOYEES" TOINSTANCETYPE ="Source Qualifier"/>
        <CONNECTOR FROMFIELD ="COMMISSION_PCT" FROMINSTANCE ="DIMEMPLOYEE" FROMINSTANCETYPE ="Source Definition" TOFIELD ="COMMISSION_PCT" TOINSTANCE ="SQ_EMPLOYEES" TOINSTANCETYPE ="Source Qualifier"/>
        <CONNECTOR FROMFIELD ="MANAGER_ID" FROMINSTANCE ="DIMEMPLOYEE" FROMINSTANCETYPE ="Source Definition" TOFIELD ="MANAGER_ID" TOINSTANCE ="SQ_EMPLOYEES" TOINSTANCETYPE ="Source Qualifier"/>
        <CONNECTOR FROMFIELD ="DEPARTMENT_ID" FROMINSTANCE ="DIMEMPLOYEE" FROMINSTANCETYPE ="Source Definition" TOFIELD ="DEPARTMENT_ID" TOINSTANCE ="SQ_EMPLOYEES" TOINSTANCETYPE ="Source Qualifier"/>
        <CONNECTOR FROMFIELD ="DEPARTMENTNAME" FROMINSTANCE ="DIMEMPLOYEE" FROMINSTANCETYPE ="Source Definition" TOFIELD ="DEPARTMENTNAME" TOINSTANCE ="SQ_EMPLOYEES" TOINSTANCETYPE ="Source Qualifier"/>
        <CONNECTOR FROMFIELD ="EMPLOYEE_ID" FROMINSTANCE ="SQ_EMPLOYEES" FROMINSTANCETYPE ="Source Qualifier" TOFIELD ="EMPLOYEEKEY" TOINSTANCE ="joiner" TOINSTANCETYPE ="Joiner"/>
        <CONNECTOR FROMFIELD ="EMPLOYEE_ID" FROMINSTANCE ="SQ_EMPLOYEES" FROMINSTANCETYPE ="Source Qualifier" TOFIELD ="EMPLOYEE_ID" TOINSTANCE ="joiner" TOINSTANCETYPE ="Joiner"/>
        <CONNECTOR FROMFIELD ="FIRST_NAME" FROMINSTANCE ="SQ_EMPLOYEES" FROMINSTANCETYPE ="Source Qualifier" TOFIELD ="FIRST_NAME" TOINSTANCE ="joiner" TOINSTANCETYPE ="Joiner"/>
        <CONNECTOR FROMFIELD ="LAST_NAME" FROMINSTANCE ="SQ_EMPLOYEES" FROMINSTANCETYPE ="Source Qualifier" TOFIELD ="LAST_NAME" TOINSTANCE ="joiner" TOINSTANCETYPE ="Joiner"/>
        <CONNECTOR FROMFIELD ="EMAIL" FROMINSTANCE ="SQ_EMPLOYEES" FROMINSTANCETYPE ="Source Qualifier" TOFIELD ="EMAIL" TOINSTANCE ="joiner" TOINSTANCETYPE ="Joiner"/>
        <CONNECTOR FROMFIELD ="PHONE_NUMBER" FROMINSTANCE ="SQ_EMPLOYEES" FROMINSTANCETYPE ="Source Qualifier" TOFIELD ="PHONE_NUMBER" TOINSTANCE ="joiner" TOINSTANCETYPE ="Joiner"/>
        <CONNECTOR FROMFIELD ="HIRE_DATE" FROMINSTANCE ="SQ_EMPLOYEES" FROMINSTANCETYPE ="Source Qualifier" TOFIELD ="HIRE_DATE" TOINSTANCE ="joiner" TOINSTANCETYPE ="Joiner"/>
        <CONNECTOR FROMFIELD ="JOB_ID" FROMINSTANCE ="SQ_EMPLOYEES" FROMINSTANCETYPE ="Source Qualifier" TOFIELD ="JOB_ID" TOINSTANCE ="joiner" TOINSTANCETYPE ="Joiner"/>
        <CONNECTOR FROMFIELD ="SALARY" FROMINSTANCE ="SQ_EMPLOYEES" FROMINSTANCETYPE ="Source Qualifier" TOFIELD ="SALARY" TOINSTANCE ="joiner" TOINSTANCETYPE ="Joiner"/>
        <CONNECTOR FROMFIELD ="COMMISSION_PCT" FROMINSTANCE ="SQ_EMPLOYEES" FROMINSTANCETYPE ="Source Qualifier" TOFIELD ="COMMISSION_PCT" TOINSTANCE ="joiner" TOINSTANCETYPE ="Joiner"/>
        <CONNECTOR FROMFIELD ="MANAGER_ID" FROMINSTANCE ="SQ_EMPLOYEES" FROMINSTANCETYPE ="Source Qualifier" TOFIELD ="MANAGER_ID" TOINSTANCE ="joiner" TOINSTANCETYPE ="Joiner"/>
        <CONNECTOR FROMFIELD ="DEPARTMENT_ID" FROMINSTANCE ="SQ_EMPLOYEES" FROMINSTANCETYPE ="Source Qualifier" TOFIELD ="DEPARTMENT_ID" TOINSTANCE ="joiner" TOINSTANCETYPE ="Joiner"/>
        <CONNECTOR FROMFIELD ="DEPARTMENTNAME" FROMINSTANCE ="SQ_EMPLOYEES" FROMINSTANCETYPE ="Source Qualifier" TOFIELD ="DEPARTMENTNAME" TOINSTANCE ="joiner" TOINSTANCETYPE ="Joiner"/>
        <CONNECTOR FROMFIELD ="JOB_ID" FROMINSTANCE ="JOBS" FROMINSTANCETYPE ="Source Definition" TOFIELD ="JOB_ID" TOINSTANCE ="SQ_JOBS" TOINSTANCETYPE ="Source Qualifier"/>
        <CONNECTOR FROMFIELD ="JOB_ID" FROMINSTANCE ="DIM_JOBS" FROMINSTANCETYPE ="Source Definition" TOFIELD ="JOB_ID1" TOINSTANCE ="SQ_JOBS" TOINSTANCETYPE ="Source Qualifier"/>
        <CONNECTOR FROMFIELD ="JOB_TITLE" FROMINSTANCE ="DIM_JOBS" FROMINSTANCETYPE ="Source Definition" TOFIELD ="JOB_TITLE" TOINSTANCE ="SQ_JOBS" TOINSTANCETYPE ="Source Qualifier"/>
        <CONNECTOR FROMFIELD ="MIN_SALARY" FROMINSTANCE ="DIM_JOBS" FROMINSTANCETYPE ="Source Definition" TOFIELD ="MIN_SALARY" TOINSTANCE ="SQ_JOBS" TOINSTANCETYPE ="Source Qualifier"/>
        <CONNECTOR FROMFIELD ="MAX_SALARY" FROMINSTANCE ="DIM_JOBS" FROMINSTANCETYPE ="Source Definition" TOFIELD ="MAX_SALARY" TOINSTANCE ="SQ_JOBS" TOINSTANCETYPE ="Source Qualifier"/>
        <CONNECTOR FROMFIELD ="EMPLOYEE_ID" FROMINSTANCE ="DIM_JOBS" FROMINSTANCETYPE ="Source Definition" TOFIELD ="EMPLOYEE_ID" TOINSTANCE ="SQ_JOBS" TOINSTANCETYPE ="Source Qualifier"/>
        <CONNECTOR FROMFIELD ="START_DATE" FROMINSTANCE ="DIM_JOBS" FROMINSTANCETYPE ="Source Definition" TOFIELD ="START_DATE" TOINSTANCE ="SQ_JOBS" TOINSTANCETYPE ="Source Qualifier"/>
        <CONNECTOR FROMFIELD ="END_DATE" FROMINSTANCE ="DIM_JOBS" FROMINSTANCETYPE ="Source Definition" TOFIELD ="END_DATE" TOINSTANCE ="SQ_JOBS" TOINSTANCETYPE ="Source Qualifier"/>
        <CONNECTOR FROMFIELD ="JOB_ID" FROMINSTANCE ="SQ_JOBS" FROMINSTANCETYPE ="Source Qualifier" TOFIELD ="JOB_ID1" TOINSTANCE ="joiner" TOINSTANCETYPE ="Joiner"/>
        <CONNECTOR FROMFIELD ="JOB_ID1" FROMINSTANCE ="SQ_JOBS" FROMINSTANCETYPE ="Source Qualifier" TOFIELD ="JOB_ID11" TOINSTANCE ="joiner" TOINSTANCETYPE ="Joiner"/>
        <CONNECTOR FROMFIELD ="JOB_TITLE" FROMINSTANCE ="SQ_JOBS" FROMINSTANCETYPE ="Source Qualifier" TOFIELD ="JOB_TITLE" TOINSTANCE ="joiner" TOINSTANCETYPE ="Joiner"/>
        <CONNECTOR FROMFIELD ="MIN_SALARY" FROMINSTANCE ="SQ_JOBS" FROMINSTANCETYPE ="Source Qualifier" TOFIELD ="MIN_SALARY" TOINSTANCE ="joiner" TOINSTANCETYPE ="Joiner"/>
        <CONNECTOR FROMFIELD ="MAX_SALARY" FROMINSTANCE ="SQ_JOBS" FROMINSTANCETYPE ="Source Qualifier" TOFIELD ="MAX_SALARY" TOINSTANCE ="joiner" TOINSTANCETYPE ="Joiner"/>
        <CONNECTOR FROMFIELD ="EMPLOYEE_ID" FROMINSTANCE ="SQ_JOBS" FROMINSTANCETYPE ="Source Qualifier" TOFIELD ="EMPLOYEE_ID1" TOINSTANCE ="joiner" TOINSTANCETYPE ="Joiner"/>
        <CONNECTOR FROMFIELD ="START_DATE" FROMINSTANCE ="SQ_JOBS" FROMINSTANCETYPE ="Source Qualifier" TOFIELD ="START_DATE" TOINSTANCE ="joiner" TOINSTANCETYPE ="Joiner"/>
        <CONNECTOR FROMFIELD ="END_DATE" FROMINSTANCE ="SQ_JOBS" FROMINSTANCETYPE ="Source Qualifier" TOFIELD ="END_DATE" TOINSTANCE ="joiner" TOINSTANCETYPE ="Joiner"/>
        <CONNECTOR FROMFIELD ="EMPLOYEEKEY" FROMINSTANCE ="joiner" FROMINSTANCETYPE ="Joiner" TOFIELD ="EMPLOYEEKEY" TOINSTANCE ="joiner2" TOINSTANCETYPE ="Joiner"/>
        <CONNECTOR FROMFIELD ="EMPLOYEE_ID" FROMINSTANCE ="joiner" FROMINSTANCETYPE ="Joiner" TOFIELD ="EMPLOYEE_ID" TOINSTANCE ="joiner2" TOINSTANCETYPE ="Joiner"/>
        <CONNECTOR FROMFIELD ="FIRST_NAME" FROMINSTANCE ="joiner" FROMINSTANCETYPE ="Joiner" TOFIELD ="FIRST_NAME" TOINSTANCE ="joiner2" TOINSTANCETYPE ="Joiner"/>
        <CONNECTOR FROMFIELD ="LAST_NAME" FROMINSTANCE ="joiner" FROMINSTANCETYPE ="Joiner" TOFIELD ="LAST_NAME" TOINSTANCE ="joiner2" TOINSTANCETYPE ="Joiner"/>
        <CONNECTOR FROMFIELD ="EMAIL" FROMINSTANCE ="joiner" FROMINSTANCETYPE ="Joiner" TOFIELD ="EMAIL" TOINSTANCE ="joiner2" TOINSTANCETYPE ="Joiner"/>
        <CONNECTOR FROMFIELD ="PHONE_NUMBER" FROMINSTANCE ="joiner" FROMINSTANCETYPE ="Joiner" TOFIELD ="PHONE_NUMBER" TOINSTANCE ="joiner2" TOINSTANCETYPE ="Joiner"/>
        <CONNECTOR FROMFIELD ="HIRE_DATE" FROMINSTANCE ="joiner" FROMINSTANCETYPE ="Joiner" TOFIELD ="HIRE_DATE" TOINSTANCE ="joiner2" TOINSTANCETYPE ="Joiner"/>
        <CONNECTOR FROMFIELD ="JOB_ID" FROMINSTANCE ="joiner" FROMINSTANCETYPE ="Joiner" TOFIELD ="JOB_ID" TOINSTANCE ="joiner2" TOINSTANCETYPE ="Joiner"/>
        <CONNECTOR FROMFIELD ="SALARY" FROMINSTANCE ="joiner" FROMINSTANCETYPE ="Joiner" TOFIELD ="SALARY" TOINSTANCE ="joiner2" TOINSTANCETYPE ="Joiner"/>
        <CONNECTOR FROMFIELD ="COMMISSION_PCT" FROMINSTANCE ="joiner" FROMINSTANCETYPE ="Joiner" TOFIELD ="COMMISSION_PCT" TOINSTANCE ="joiner2" TOINSTANCETYPE ="Joiner"/>
        <CONNECTOR FROMFIELD ="MANAGER_ID" FROMINSTANCE ="joiner" FROMINSTANCETYPE ="Joiner" TOFIELD ="MANAGER_ID" TOINSTANCE ="joiner2" TOINSTANCETYPE ="Joiner"/>
        <CONNECTOR FROMFIELD ="DEPARTMENT_ID" FROMINSTANCE ="joiner" FROMINSTANCETYPE ="Joiner" TOFIELD ="DEPARTMENT_ID" TOINSTANCE ="joiner2" TOINSTANCETYPE ="Joiner"/>
        <CONNECTOR FROMFIELD ="DEPARTMENTNAME" FROMINSTANCE ="joiner" FROMINSTANCETYPE ="Joiner" TOFIELD ="DEPARTMENTNAME" TOINSTANCE ="joiner2" TOINSTANCETYPE ="Joiner"/>
        <CONNECTOR FROMFIELD ="JOB_ID1" FROMINSTANCE ="joiner" FROMINSTANCETYPE ="Joiner" TOFIELD ="JOB_ID1" TOINSTANCE ="joiner2" TOINSTANCETYPE ="Joiner"/>
        <CONNECTOR FROMFIELD ="JOB_ID11" FROMINSTANCE ="joiner" FROMINSTANCETYPE ="Joiner" TOFIELD ="JOB_ID11" TOINSTANCE ="joiner2" TOINSTANCETYPE ="Joiner"/>
        <CONNECTOR FROMFIELD ="JOB_TITLE" FROMINSTANCE ="joiner" FROMINSTANCETYPE ="Joiner" TOFIELD ="JOB_TITLE" TOINSTANCE ="joiner2" TOINSTANCETYPE ="Joiner"/>
        <CONNECTOR FROMFIELD ="MIN_SALARY" FROMINSTANCE ="joiner" FROMINSTANCETYPE ="Joiner" TOFIELD ="MIN_SALARY" TOINSTANCE ="joiner2" TOINSTANCETYPE ="Joiner"/>
        <CONNECTOR FROMFIELD ="MAX_SALARY" FROMINSTANCE ="joiner" FROMINSTANCETYPE ="Joiner" TOFIELD ="MAX_SALARY" TOINSTANCE ="joiner2" TOINSTANCETYPE ="Joiner"/>
        <CONNECTOR FROMFIELD ="EMPLOYEE_ID1" FROMINSTANCE ="joiner" FROMINSTANCETYPE ="Joiner" TOFIELD ="EMPLOYEE_ID1" TOINSTANCE ="joiner2" TOINSTANCETYPE ="Joiner"/>
        <CONNECTOR FROMFIELD ="START_DATE" FROMINSTANCE ="joiner" FROMINSTANCETYPE ="Joiner" TOFIELD ="START_DATE" TOINSTANCE ="joiner2" TOINSTANCETYPE ="Joiner"/>
        <CONNECTOR FROMFIELD ="END_DATE" FROMINSTANCE ="joiner" FROMINSTANCETYPE ="Joiner" TOFIELD ="END_DATE" TOINSTANCE ="joiner2" TOINSTANCETYPE ="Joiner"/>
        <CONNECTOR FROMFIELD ="LOCATION_ID" FROMINSTANCE ="LOCATIONS" FROMINSTANCETYPE ="Source Definition" TOFIELD ="LOCATION_ID" TOINSTANCE ="SQ_LOCATIONS" TOINSTANCETYPE ="Source Qualifier"/>
        <CONNECTOR FROMFIELD ="STREET_ADDRESS" FROMINSTANCE ="LOCATIONS" FROMINSTANCETYPE ="Source Definition" TOFIELD ="STREET_ADDRESS" TOINSTANCE ="SQ_LOCATIONS" TOINSTANCETYPE ="Source Qualifier"/>
        <CONNECTOR FROMFIELD ="POSTAL_CODE" FROMINSTANCE ="LOCATIONS" FROMINSTANCETYPE ="Source Definition" TOFIELD ="POSTAL_CODE" TOINSTANCE ="SQ_LOCATIONS" TOINSTANCETYPE ="Source Qualifier"/>
        <CONNECTOR FROMFIELD ="CITY" FROMINSTANCE ="LOCATIONS" FROMINSTANCETYPE ="Source Definition" TOFIELD ="CITY" TOINSTANCE ="SQ_LOCATIONS" TOINSTANCETYPE ="Source Qualifier"/>
        <CONNECTOR FROMFIELD ="STATE_PROVINCE" FROMINSTANCE ="LOCATIONS" FROMINSTANCETYPE ="Source Definition" TOFIELD ="STATE_PROVINCE" TOINSTANCE ="SQ_LOCATIONS" TOINSTANCETYPE ="Source Qualifier"/>
        <CONNECTOR FROMFIELD ="COUNTRY_ID" FROMINSTANCE ="LOCATIONS" FROMINSTANCETYPE ="Source Definition" TOFIELD ="COUNTRY_ID" TOINSTANCE ="SQ_LOCATIONS" TOINSTANCETYPE ="Source Qualifier"/>
        <CONNECTOR FROMFIELD ="LOCATION_ID" FROMINSTANCE ="DIM_GEOGRAPHY" FROMINSTANCETYPE ="Source Definition" TOFIELD ="LOCATION_ID1" TOINSTANCE ="SQ_LOCATIONS" TOINSTANCETYPE ="Source Qualifier"/>
        <CONNECTOR FROMFIELD ="STREET_ADDRESS" FROMINSTANCE ="DIM_GEOGRAPHY" FROMINSTANCETYPE ="Source Definition" TOFIELD ="STREET_ADDRESS1" TOINSTANCE ="SQ_LOCATIONS" TOINSTANCETYPE ="Source Qualifier"/>
        <CONNECTOR FROMFIELD ="POSTAL_CODE" FROMINSTANCE ="DIM_GEOGRAPHY" FROMINSTANCETYPE ="Source Definition" TOFIELD ="POSTAL_CODE1" TOINSTANCE ="SQ_LOCATIONS" TOINSTANCETYPE ="Source Qualifier"/>
        <CONNECTOR FROMFIELD ="CITY" FROMINSTANCE ="DIM_GEOGRAPHY" FROMINSTANCETYPE ="Source Definition" TOFIELD ="CITY1" TOINSTANCE ="SQ_LOCATIONS" TOINSTANCETYPE ="Source Qualifier"/>
        <CONNECTOR FROMFIELD ="STATE_PROVINCE" FROMINSTANCE ="DIM_GEOGRAPHY" FROMINSTANCETYPE ="Source Definition" TOFIELD ="STATE_PROVINCE1" TOINSTANCE ="SQ_LOCATIONS" TOINSTANCETYPE ="Source Qualifier"/>
        <CONNECTOR FROMFIELD ="COUNTRY_ID" FROMINSTANCE ="DIM_GEOGRAPHY" FROMINSTANCETYPE ="Source Definition" TOFIELD ="COUNTRY_ID1" TOINSTANCE ="SQ_LOCATIONS" TOINSTANCETYPE ="Source Qualifier"/>
        <CONNECTOR FROMFIELD ="COUNTRY_NAME" FROMINSTANCE ="DIM_GEOGRAPHY" FROMINSTANCETYPE ="Source Definition" TOFIELD ="COUNTRY_NAME" TOINSTANCE ="SQ_LOCATIONS" TOINSTANCETYPE ="Source Qualifier"/>
        <CONNECTOR FROMFIELD ="COUNT_CITY" FROMINSTANCE ="DIM_GEOGRAPHY" FROMINSTANCETYPE ="Source Definition" TOFIELD ="COUNT_CITY" TOINSTANCE ="SQ_LOCATIONS" TOINSTANCETYPE ="Source Qualifier"/>
        <CONNECTOR FROMFIELD ="LOCATION_ID" FROMINSTANCE ="SQ_LOCATIONS" FROMINSTANCETYPE ="Source Qualifier" TOFIELD ="LOCATION_ID" TOINSTANCE ="joiner1" TOINSTANCETYPE ="Joiner"/>
        <CONNECTOR FROMFIELD ="STREET_ADDRESS" FROMINSTANCE ="SQ_LOCATIONS" FROMINSTANCETYPE ="Source Qualifier" TOFIELD ="STREET_ADDRESS" TOINSTANCE ="joiner1" TOINSTANCETYPE ="Joiner"/>
        <CONNECTOR FROMFIELD ="POSTAL_CODE" FROMINSTANCE ="SQ_LOCATIONS" FROMINSTANCETYPE ="Source Qualifier" TOFIELD ="POSTAL_CODE" TOINSTANCE ="joiner1" TOINSTANCETYPE ="Joiner"/>
        <CONNECTOR FROMFIELD ="CITY" FROMINSTANCE ="SQ_LOCATIONS" FROMINSTANCETYPE ="Source Qualifier" TOFIELD ="CITY" TOINSTANCE ="joiner1" TOINSTANCETYPE ="Joiner"/>
        <CONNECTOR FROMFIELD ="STATE_PROVINCE" FROMINSTANCE ="SQ_LOCATIONS" FROMINSTANCETYPE ="Source Qualifier" TOFIELD ="STATE_PROVINCE" TOINSTANCE ="joiner1" TOINSTANCETYPE ="Joiner"/>
        <CONNECTOR FROMFIELD ="COUNTRY_ID" FROMINSTANCE ="SQ_LOCATIONS" FROMINSTANCETYPE ="Source Qualifier" TOFIELD ="COUNTRY_ID" TOINSTANCE ="joiner1" TOINSTANCETYPE ="Joiner"/>
        <CONNECTOR FROMFIELD ="LOCATION_ID1" FROMINSTANCE ="SQ_LOCATIONS" FROMINSTANCETYPE ="Source Qualifier" TOFIELD ="LOCATION_ID1" TOINSTANCE ="joiner1" TOINSTANCETYPE ="Joiner"/>
        <CONNECTOR FROMFIELD ="STREET_ADDRESS1" FROMINSTANCE ="SQ_LOCATIONS" FROMINSTANCETYPE ="Source Qualifier" TOFIELD ="STREET_ADDRESS1" TOINSTANCE ="joiner1" TOINSTANCETYPE ="Joiner"/>
        <CONNECTOR FROMFIELD ="POSTAL_CODE1" FROMINSTANCE ="SQ_LOCATIONS" FROMINSTANCETYPE ="Source Qualifier" TOFIELD ="POSTAL_CODE1" TOINSTANCE ="joiner1" TOINSTANCETYPE ="Joiner"/>
        <CONNECTOR FROMFIELD ="CITY1" FROMINSTANCE ="SQ_LOCATIONS" FROMINSTANCETYPE ="Source Qualifier" TOFIELD ="CITY1" TOINSTANCE ="joiner1" TOINSTANCETYPE ="Joiner"/>
        <CONNECTOR FROMFIELD ="STATE_PROVINCE1" FROMINSTANCE ="SQ_LOCATIONS" FROMINSTANCETYPE ="Source Qualifier" TOFIELD ="STATE_PROVINCE1" TOINSTANCE ="joiner1" TOINSTANCETYPE ="Joiner"/>
        <CONNECTOR FROMFIELD ="COUNTRY_ID1" FROMINSTANCE ="SQ_LOCATIONS" FROMINSTANCETYPE ="Source Qualifier" TOFIELD ="COUNTRY_ID1" TOINSTANCE ="joiner1" TOINSTANCETYPE ="Joiner"/>
        <CONNECTOR FROMFIELD ="COUNTRY_NAME" FROMINSTANCE ="SQ_LOCATIONS" FROMINSTANCETYPE ="Source Qualifier" TOFIELD ="COUNTRY_NAME" TOINSTANCE ="joiner1" TOINSTANCETYPE ="Joiner"/>
        <CONNECTOR FROMFIELD ="COUNT_CITY" FROMINSTANCE ="SQ_LOCATIONS" FROMINSTANCETYPE ="Source Qualifier" TOFIELD ="COUNT_CITY" TOINSTANCE ="joiner1" TOINSTANCETYPE ="Joiner"/>
        <CONNECTOR FROMFIELD ="DEPARTMENT_ID" FROMINSTANCE ="DEPARTMENTS" FROMINSTANCETYPE ="Source Definition" TOFIELD ="DEPARTMENT_ID" TOINSTANCE ="SQ_DEPARTMENTS" TOINSTANCETYPE ="Source Qualifier"/>
        <CONNECTOR FROMFIELD ="DEPARTMENT_NAME" FROMINSTANCE ="DEPARTMENTS" FROMINSTANCETYPE ="Source Definition" TOFIELD ="DEPARTMENT_NAME" TOINSTANCE ="SQ_DEPARTMENTS" TOINSTANCETYPE ="Source Qualifier"/>
        <CONNECTOR FROMFIELD ="MANAGER_ID" FROMINSTANCE ="DEPARTMENTS" FROMINSTANCETYPE ="Source Definition" TOFIELD ="MANAGER_ID" TOINSTANCE ="SQ_DEPARTMENTS" TOINSTANCETYPE ="Source Qualifier"/>
        <CONNECTOR FROMFIELD ="LOCATION_ID" FROMINSTANCE ="DEPARTMENTS" FROMINSTANCETYPE ="Source Definition" TOFIELD ="LOCATION_ID" TOINSTANCE ="SQ_DEPARTMENTS" TOINSTANCETYPE ="Source Qualifier"/>
        <CONNECTOR FROMFIELD ="DEPARTMENT_ID" FROMINSTANCE ="SQ_DEPARTMENTS" FROMINSTANCETYPE ="Source Qualifier" TOFIELD ="DEPARTMENT_ID" TOINSTANCE ="joiner1" TOINSTANCETYPE ="Joiner"/>
        <CONNECTOR FROMFIELD ="DEPARTMENT_NAME" FROMINSTANCE ="SQ_DEPARTMENTS" FROMINSTANCETYPE ="Source Qualifier" TOFIELD ="DEPARTMENT_NAME" TOINSTANCE ="joiner1" TOINSTANCETYPE ="Joiner"/>
        <CONNECTOR FROMFIELD ="MANAGER_ID" FROMINSTANCE ="SQ_DEPARTMENTS" FROMINSTANCETYPE ="Source Qualifier" TOFIELD ="MANAGER_ID" TOINSTANCE ="joiner1" TOINSTANCETYPE ="Joiner"/>
        <CONNECTOR FROMFIELD ="LOCATION_ID" FROMINSTANCE ="SQ_DEPARTMENTS" FROMINSTANCETYPE ="Source Qualifier" TOFIELD ="LOCATION_ID2" TOINSTANCE ="joiner1" TOINSTANCETYPE ="Joiner"/>
        <CONNECTOR FROMFIELD ="LOCATION_ID" FROMINSTANCE ="joiner1" FROMINSTANCETYPE ="Joiner" TOFIELD ="LOCATION_ID" TOINSTANCE ="joiner2" TOINSTANCETYPE ="Joiner"/>
        <CONNECTOR FROMFIELD ="STREET_ADDRESS" FROMINSTANCE ="joiner1" FROMINSTANCETYPE ="Joiner" TOFIELD ="STREET_ADDRESS" TOINSTANCE ="joiner2" TOINSTANCETYPE ="Joiner"/>
        <CONNECTOR FROMFIELD ="POSTAL_CODE" FROMINSTANCE ="joiner1" FROMINSTANCETYPE ="Joiner" TOFIELD ="POSTAL_CODE" TOINSTANCE ="joiner2" TOINSTANCETYPE ="Joiner"/>
        <CONNECTOR FROMFIELD ="CITY" FROMINSTANCE ="joiner1" FROMINSTANCETYPE ="Joiner" TOFIELD ="CITY" TOINSTANCE ="joiner2" TOINSTANCETYPE ="Joiner"/>
        <CONNECTOR FROMFIELD ="STATE_PROVINCE" FROMINSTANCE ="joiner1" FROMINSTANCETYPE ="Joiner" TOFIELD ="STATE_PROVINCE" TOINSTANCE ="joiner2" TOINSTANCETYPE ="Joiner"/>
        <CONNECTOR FROMFIELD ="COUNTRY_ID" FROMINSTANCE ="joiner1" FROMINSTANCETYPE ="Joiner" TOFIELD ="COUNTRY_ID" TOINSTANCE ="joiner2" TOINSTANCETYPE ="Joiner"/>
        <CONNECTOR FROMFIELD ="LOCATION_ID1" FROMINSTANCE ="joiner1" FROMINSTANCETYPE ="Joiner" TOFIELD ="LOCATION_ID1" TOINSTANCE ="joiner2" TOINSTANCETYPE ="Joiner"/>
        <CONNECTOR FROMFIELD ="STREET_ADDRESS1" FROMINSTANCE ="joiner1" FROMINSTANCETYPE ="Joiner" TOFIELD ="STREET_ADDRESS1" TOINSTANCE ="joiner2" TOINSTANCETYPE ="Joiner"/>
        <CONNECTOR FROMFIELD ="POSTAL_CODE1" FROMINSTANCE ="joiner1" FROMINSTANCETYPE ="Joiner" TOFIELD ="POSTAL_CODE1" TOINSTANCE ="joiner2" TOINSTANCETYPE ="Joiner"/>
        <CONNECTOR FROMFIELD ="CITY1" FROMINSTANCE ="joiner1" FROMINSTANCETYPE ="Joiner" TOFIELD ="CITY1" TOINSTANCE ="joiner2" TOINSTANCETYPE ="Joiner"/>
        <CONNECTOR FROMFIELD ="STATE_PROVINCE1" FROMINSTANCE ="joiner1" FROMINSTANCETYPE ="Joiner" TOFIELD ="STATE_PROVINCE1" TOINSTANCE ="joiner2" TOINSTANCETYPE ="Joiner"/>
        <CONNECTOR FROMFIELD ="COUNTRY_ID1" FROMINSTANCE ="joiner1" FROMINSTANCETYPE ="Joiner" TOFIELD ="COUNTRY_ID1" TOINSTANCE ="joiner2" TOINSTANCETYPE ="Joiner"/>
        <CONNECTOR FROMFIELD ="COUNTRY_NAME" FROMINSTANCE ="joiner1" FROMINSTANCETYPE ="Joiner" TOFIELD ="COUNTRY_NAME" TOINSTANCE ="joiner2" TOINSTANCETYPE ="Joiner"/>
        <CONNECTOR FROMFIELD ="COUNT_CITY" FROMINSTANCE ="joiner1" FROMINSTANCETYPE ="Joiner" TOFIELD ="COUNT_CITY" TOINSTANCE ="joiner2" TOINSTANCETYPE ="Joiner"/>
        <CONNECTOR FROMFIELD ="DEPARTMENT_ID" FROMINSTANCE ="joiner1" FROMINSTANCETYPE ="Joiner" TOFIELD ="DEPARTMENT_ID1" TOINSTANCE ="joiner2" TOINSTANCETYPE ="Joiner"/>
        <CONNECTOR FROMFIELD ="DEPARTMENT_NAME" FROMINSTANCE ="joiner1" FROMINSTANCETYPE ="Joiner" TOFIELD ="DEPARTMENT_NAME" TOINSTANCE ="joiner2" TOINSTANCETYPE ="Joiner"/>
        <CONNECTOR FROMFIELD ="MANAGER_ID" FROMINSTANCE ="joiner1" FROMINSTANCETYPE ="Joiner" TOFIELD ="MANAGER_ID1" TOINSTANCE ="joiner2" TOINSTANCETYPE ="Joiner"/>
        <CONNECTOR FROMFIELD ="LOCATION_ID2" FROMINSTANCE ="joiner1" FROMINSTANCETYPE ="Joiner" TOFIELD ="LOCATION_ID2" TOINSTANCE ="joiner2" TOINSTANCETYPE ="Joiner"/>
        <CONNECTOR FROMFIELD ="EMPLOYEEKEY" FROMINSTANCE ="joiner2" FROMINSTANCETYPE ="Joiner" TOFIELD ="EMPLOYEEKEY" TOINSTANCE ="exp" TOINSTANCETYPE ="Expression"/>
        <CONNECTOR FROMFIELD ="JOB_ID" FROMINSTANCE ="joiner2" FROMINSTANCETYPE ="Joiner" TOFIELD ="JOB_ID" TOINSTANCE ="exp" TOINSTANCETYPE ="Expression"/>
        <CONNECTOR FROMFIELD ="LOCATION_ID" FROMINSTANCE ="joiner2" FROMINSTANCETYPE ="Joiner" TOFIELD ="LOCATION_ID" TOINSTANCE ="exp" TOINSTANCETYPE ="Expression"/>
        <CONNECTOR FROMFIELD ="SALARY" FROMINSTANCE ="joiner2" FROMINSTANCETYPE ="Joiner" TOFIELD ="SALARY" TOINSTANCE ="exp" TOINSTANCETYPE ="Expression"/>
        <TARGETLOADORDER ORDER ="1" TARGETINSTANCE ="FACT_FINANCE"/>
        <ERPINFO/>
    </MAPPING>
    <CONFIG DESCRIPTION ="Default session configuration object" ISDEFAULT ="YES" NAME ="default_session_config" VERSIONNUMBER ="1">
        <ATTRIBUTE NAME ="Advanced" VALUE =""/>
        <ATTRIBUTE NAME ="Constraint based load ordering" VALUE ="NO"/>
        <ATTRIBUTE NAME ="Cache LOOKUP() function" VALUE ="YES"/>
        <ATTRIBUTE NAME ="Default buffer block size" VALUE ="Auto"/>
        <ATTRIBUTE NAME ="Line Sequential buffer length" VALUE ="1024"/>
        <ATTRIBUTE NAME ="Maximum Memory Allowed For Auto Memory Attributes" VALUE ="512MB"/>
        <ATTRIBUTE NAME ="Maximum Percentage of Total Memory Allowed For Auto Memory Attributes" VALUE ="5"/>
        <ATTRIBUTE NAME ="Additional Concurrent Pipelines for Lookup Cache Creation" VALUE ="Auto"/>
        <ATTRIBUTE NAME ="Custom Properties" VALUE =""/>
        <ATTRIBUTE NAME ="Pre-build lookup cache" VALUE ="Auto"/>
        <ATTRIBUTE NAME ="Optimization Level" VALUE ="Medium"/>
        <ATTRIBUTE NAME ="DateTime Format String" VALUE ="MM/DD/YYYY HH24:MI:SS.US"/>
        <ATTRIBUTE NAME ="Pre 85 Timestamp Compatibility" VALUE ="NO"/>
        <ATTRIBUTE NAME ="Log Options" VALUE ="0"/>
        <ATTRIBUTE NAME ="Save session log by" VALUE ="Session runs"/>
        <ATTRIBUTE NAME ="Save session log for these runs" VALUE ="0"/>
        <ATTRIBUTE NAME ="Session Log File Max Size" VALUE ="0"/>
        <ATTRIBUTE NAME ="Session Log File Max Time Period" VALUE ="0"/>
        <ATTRIBUTE NAME ="Maximum Partial Session Log Files" VALUE ="1"/>
        <ATTRIBUTE NAME ="Writer Commit Statistics Log Frequency" VALUE ="1"/>
        <ATTRIBUTE NAME ="Writer Commit Statistics Log Interval" VALUE ="0"/>
        <ATTRIBUTE NAME ="Error handling" VALUE =""/>
        <ATTRIBUTE NAME ="Stop on errors" VALUE ="0"/>
        <ATTRIBUTE NAME ="Override tracing" VALUE ="None"/>
        <ATTRIBUTE NAME ="On Stored Procedure error" VALUE ="Stop"/>
        <ATTRIBUTE NAME ="On Pre-session command task error" VALUE ="Stop"/>
        <ATTRIBUTE NAME ="On Pre-Post SQL error" VALUE ="Stop"/>
        <ATTRIBUTE NAME ="Enable Recovery" VALUE ="NO"/>
        <ATTRIBUTE NAME ="Error Log Type" VALUE ="None"/>
        <ATTRIBUTE NAME ="Error Log Table Name Prefix" VALUE =""/>
        <ATTRIBUTE NAME ="Error Log File Name" VALUE ="PMError.log"/>
        <ATTRIBUTE NAME ="Log Source Row Data" VALUE ="NO"/>
        <ATTRIBUTE NAME ="Data Column Delimiter" VALUE ="|"/>
        <ATTRIBUTE NAME ="Partitioning Options" VALUE =""/>
        <ATTRIBUTE NAME ="Dynamic Partitioning" VALUE ="Disabled"/>
        <ATTRIBUTE NAME ="Number of Partitions" VALUE ="1"/>
        <ATTRIBUTE NAME ="Multiplication Factor" VALUE ="Auto"/>
        <ATTRIBUTE NAME ="Session on Grid" VALUE =""/>
        <ATTRIBUTE NAME ="Is Enabled" VALUE ="NO"/>
    </CONFIG>
    <WORKFLOW DESCRIPTION ="" ISENABLED ="YES" ISRUNNABLESERVICE ="NO" ISSERVICE ="NO" ISVALID ="YES" NAME ="wkf_fact_fin" REUSABLE_SCHEDULER ="NO" SCHEDULERNAME ="Scheduler" SERVERNAME ="info" SERVER_DOMAINNAME ="Domain_DESKTOP-1DQHOSP" SUSPEND_ON_ERROR ="NO" TASKS_MUST_RUN_ON_SERVER ="NO" VERSIONNUMBER ="1">
        <SCHEDULER DESCRIPTION ="" NAME ="Scheduler" REUSABLE ="NO" VERSIONNUMBER ="1">
            <SCHEDULEINFO SCHEDULETYPE ="ONDEMAND"/>
        </SCHEDULER>
        <TASK DESCRIPTION ="" NAME ="Start" REUSABLE ="NO" TYPE ="Start" VERSIONNUMBER ="1"/>
        <SESSION DESCRIPTION ="" ISVALID ="YES" MAPPINGNAME ="m_fact_fin" NAME ="s_fact" REUSABLE ="NO" SORTORDER ="Binary" VERSIONNUMBER ="1">
            <SESSTRANSFORMATIONINST ISREPARTITIONPOINT ="YES" PARTITIONTYPE ="PASS THROUGH" PIPELINE ="1" SINSTANCENAME ="FACT_FINANCE" STAGE ="1" TRANSFORMATIONNAME ="FACT_FINANCE" TRANSFORMATIONTYPE ="Target Definition"/>
            <SESSTRANSFORMATIONINST ISREPARTITIONPOINT ="YES" PARTITIONTYPE ="PASS THROUGH" PIPELINE ="1" SINSTANCENAME ="SQ_EMPLOYEES" STAGE ="2" TRANSFORMATIONNAME ="SQ_EMPLOYEES" TRANSFORMATIONTYPE ="Source Qualifier"/>
            <SESSTRANSFORMATIONINST ISREPARTITIONPOINT ="NO" PIPELINE ="0" SINSTANCENAME ="DIMEMPLOYEE" STAGE ="0" TRANSFORMATIONNAME ="DIMEMPLOYEE" TRANSFORMATIONTYPE ="Source Definition"/>
            <SESSTRANSFORMATIONINST ISREPARTITIONPOINT ="NO" PIPELINE ="0" SINSTANCENAME ="JOBS" STAGE ="0" TRANSFORMATIONNAME ="JOBS" TRANSFORMATIONTYPE ="Source Definition"/>
            <SESSTRANSFORMATIONINST ISREPARTITIONPOINT ="YES" PARTITIONTYPE ="PASS THROUGH" PIPELINE ="2" SINSTANCENAME ="SQ_JOBS" STAGE ="3" TRANSFORMATIONNAME ="SQ_JOBS" TRANSFORMATIONTYPE ="Source Qualifier"/>
            <SESSTRANSFORMATIONINST ISREPARTITIONPOINT ="NO" PIPELINE ="0" SINSTANCENAME ="EMPLOYEES" STAGE ="0" TRANSFORMATIONNAME ="EMPLOYEES" TRANSFORMATIONTYPE ="Source Definition"/>
            <SESSTRANSFORMATIONINST ISREPARTITIONPOINT ="NO" PIPELINE ="0" SINSTANCENAME ="DIM_JOBS" STAGE ="0" TRANSFORMATIONNAME ="DIM_JOBS" TRANSFORMATIONTYPE ="Source Definition"/>
            <SESSTRANSFORMATIONINST ISREPARTITIONPOINT ="NO" PIPELINE ="1" SINSTANCENAME ="joiner" STAGE ="2" TRANSFORMATIONNAME ="joiner" TRANSFORMATIONTYPE ="Joiner">
                <PARTITION DESCRIPTION ="" NAME ="Partition #1"/>
            </SESSTRANSFORMATIONINST>
            <SESSTRANSFORMATIONINST ISREPARTITIONPOINT ="NO" PIPELINE ="0" SINSTANCENAME ="LOCATIONS" STAGE ="0" TRANSFORMATIONNAME ="LOCATIONS" TRANSFORMATIONTYPE ="Source Definition"/>
            <SESSTRANSFORMATIONINST ISREPARTITIONPOINT ="YES" PARTITIONTYPE ="PASS THROUGH" PIPELINE ="3" SINSTANCENAME ="SQ_LOCATIONS" STAGE ="4" TRANSFORMATIONNAME ="SQ_LOCATIONS" TRANSFORMATIONTYPE ="Source Qualifier"/>
            <SESSTRANSFORMATIONINST ISREPARTITIONPOINT ="NO" PIPELINE ="0" SINSTANCENAME ="DIM_GEOGRAPHY" STAGE ="0" TRANSFORMATIONNAME ="DIM_GEOGRAPHY" TRANSFORMATIONTYPE ="Source Definition"/>
            <SESSTRANSFORMATIONINST ISREPARTITIONPOINT ="NO" PIPELINE ="0" SINSTANCENAME ="DEPARTMENTS" STAGE ="0" TRANSFORMATIONNAME ="DEPARTMENTS" TRANSFORMATIONTYPE ="Source Definition"/>
            <SESSTRANSFORMATIONINST ISREPARTITIONPOINT ="YES" PARTITIONTYPE ="PASS THROUGH" PIPELINE ="4" SINSTANCENAME ="SQ_DEPARTMENTS" STAGE ="5" TRANSFORMATIONNAME ="SQ_DEPARTMENTS" TRANSFORMATIONTYPE ="Source Qualifier"/>
            <SESSTRANSFORMATIONINST ISREPARTITIONPOINT ="NO" PIPELINE ="3" SINSTANCENAME ="joiner1" STAGE ="4" TRANSFORMATIONNAME ="joiner1" TRANSFORMATIONTYPE ="Joiner">
                <PARTITION DESCRIPTION ="" NAME ="Partition #1"/>
            </SESSTRANSFORMATIONINST>
            <SESSTRANSFORMATIONINST ISREPARTITIONPOINT ="NO" PIPELINE ="1" SINSTANCENAME ="joiner2" STAGE ="2" TRANSFORMATIONNAME ="joiner2" TRANSFORMATIONTYPE ="Joiner">
                <PARTITION DESCRIPTION ="" NAME ="Partition #1"/>
            </SESSTRANSFORMATIONINST>
            <SESSTRANSFORMATIONINST ISREPARTITIONPOINT ="NO" PIPELINE ="1" SINSTANCENAME ="exp" STAGE ="2" TRANSFORMATIONNAME ="exp" TRANSFORMATIONTYPE ="Expression">
                <PARTITION DESCRIPTION ="" NAME ="Partition #1"/>
            </SESSTRANSFORMATIONINST>
            <CONFIGREFERENCE REFOBJECTNAME ="default_session_config" TYPE ="Session config"/>
            <SESSIONEXTENSION NAME ="Relational Writer" SINSTANCENAME ="FACT_FINANCE" SUBTYPE ="Relational Writer" TRANSFORMATIONTYPE ="Target Definition" TYPE ="WRITER">
                <CONNECTIONREFERENCE CNXREFNAME ="DB Connection" CONNECTIONNAME ="Target" CONNECTIONNUMBER ="1" CONNECTIONSUBTYPE ="Oracle" CONNECTIONTYPE ="Relational" VARIABLE =""/>
                <ATTRIBUTE NAME ="Target load type" VALUE ="Bulk"/>
                <ATTRIBUTE NAME ="Insert" VALUE ="YES"/>
                <ATTRIBUTE NAME ="Update as Update" VALUE ="YES"/>
                <ATTRIBUTE NAME ="Update as Insert" VALUE ="NO"/>
                <ATTRIBUTE NAME ="Update else Insert" VALUE ="NO"/>
                <ATTRIBUTE NAME ="Delete" VALUE ="YES"/>
                <ATTRIBUTE NAME ="Truncate target table option" VALUE ="YES"/>
                <ATTRIBUTE NAME ="Reject file directory" VALUE ="$PMBadFileDir&#x5c;"/>
                <ATTRIBUTE NAME ="Reject filename" VALUE ="factfinance1.bad"/>
            </SESSIONEXTENSION>
            <SESSIONEXTENSION NAME ="Relational Reader" SINSTANCENAME ="SQ_EMPLOYEES" SUBTYPE ="Relational Reader" TRANSFORMATIONTYPE ="Source Qualifier" TYPE ="READER">
                <CONNECTIONREFERENCE CNXREFNAME ="DB Connection" CONNECTIONNAME ="Source" CONNECTIONNUMBER ="1" CONNECTIONSUBTYPE ="Oracle" CONNECTIONTYPE ="Relational" VARIABLE =""/>
            </SESSIONEXTENSION>
            <SESSIONEXTENSION DSQINSTNAME ="SQ_EMPLOYEES" DSQINSTTYPE ="Source Qualifier" NAME ="Relational Reader" SINSTANCENAME ="DIMEMPLOYEE" SUBTYPE ="Relational Reader" TRANSFORMATIONTYPE ="Source Definition" TYPE ="READER"/>
            <SESSIONEXTENSION DSQINSTNAME ="SQ_JOBS" DSQINSTTYPE ="Source Qualifier" NAME ="Relational Reader" SINSTANCENAME ="JOBS" SUBTYPE ="Relational Reader" TRANSFORMATIONTYPE ="Source Definition" TYPE ="READER"/>
            <SESSIONEXTENSION NAME ="Relational Reader" SINSTANCENAME ="SQ_JOBS" SUBTYPE ="Relational Reader" TRANSFORMATIONTYPE ="Source Qualifier" TYPE ="READER">
                <CONNECTIONREFERENCE CNXREFNAME ="DB Connection" CONNECTIONNAME ="Source" CONNECTIONNUMBER ="1" CONNECTIONSUBTYPE ="Oracle" CONNECTIONTYPE ="Relational" VARIABLE =""/>
            </SESSIONEXTENSION>
            <SESSIONEXTENSION DSQINSTNAME ="SQ_EMPLOYEES" DSQINSTTYPE ="Source Qualifier" NAME ="Relational Reader" SINSTANCENAME ="EMPLOYEES" SUBTYPE ="Relational Reader" TRANSFORMATIONTYPE ="Source Definition" TYPE ="READER"/>
            <SESSIONEXTENSION DSQINSTNAME ="SQ_JOBS" DSQINSTTYPE ="Source Qualifier" NAME ="Relational Reader" SINSTANCENAME ="DIM_JOBS" SUBTYPE ="Relational Reader" TRANSFORMATIONTYPE ="Source Definition" TYPE ="READER"/>
            <SESSIONEXTENSION DSQINSTNAME ="SQ_LOCATIONS" DSQINSTTYPE ="Source Qualifier" NAME ="Relational Reader" SINSTANCENAME ="LOCATIONS" SUBTYPE ="Relational Reader" TRANSFORMATIONTYPE ="Source Definition" TYPE ="READER"/>
            <SESSIONEXTENSION NAME ="Relational Reader" SINSTANCENAME ="SQ_LOCATIONS" SUBTYPE ="Relational Reader" TRANSFORMATIONTYPE ="Source Qualifier" TYPE ="READER">
                <CONNECTIONREFERENCE CNXREFNAME ="DB Connection" CONNECTIONNAME ="Source" CONNECTIONNUMBER ="1" CONNECTIONSUBTYPE ="Oracle" CONNECTIONTYPE ="Relational" VARIABLE =""/>
            </SESSIONEXTENSION>
            <SESSIONEXTENSION DSQINSTNAME ="SQ_LOCATIONS" DSQINSTTYPE ="Source Qualifier" NAME ="Relational Reader" SINSTANCENAME ="DIM_GEOGRAPHY" SUBTYPE ="Relational Reader" TRANSFORMATIONTYPE ="Source Definition" TYPE ="READER"/>
            <SESSIONEXTENSION DSQINSTNAME ="SQ_DEPARTMENTS" DSQINSTTYPE ="Source Qualifier" NAME ="Relational Reader" SINSTANCENAME ="DEPARTMENTS" SUBTYPE ="Relational Reader" TRANSFORMATIONTYPE ="Source Definition" TYPE ="READER"/>
            <SESSIONEXTENSION NAME ="Relational Reader" SINSTANCENAME ="SQ_DEPARTMENTS" SUBTYPE ="Relational Reader" TRANSFORMATIONTYPE ="Source Qualifier" TYPE ="READER">
                <CONNECTIONREFERENCE CNXREFNAME ="DB Connection" CONNECTIONNAME ="Source" CONNECTIONNUMBER ="1" CONNECTIONSUBTYPE ="Oracle" CONNECTIONTYPE ="Relational" VARIABLE =""/>
            </SESSIONEXTENSION>
            <ATTRIBUTE NAME ="General Options" VALUE =""/>
            <ATTRIBUTE NAME ="Write Backward Compatible Session Log File" VALUE ="NO"/>
            <ATTRIBUTE NAME ="Session Log File Name" VALUE ="s_fact.log"/>
            <ATTRIBUTE NAME ="Session Log File directory" VALUE ="$PMSessionLogDir&#x5c;"/>
            <ATTRIBUTE NAME ="Parameter Filename" VALUE =""/>
            <ATTRIBUTE NAME ="Enable Test Load" VALUE ="NO"/>
            <ATTRIBUTE NAME ="$Source connection value" VALUE =""/>
            <ATTRIBUTE NAME ="$Target connection value" VALUE =""/>
            <ATTRIBUTE NAME ="Treat source rows as" VALUE ="Insert"/>
            <ATTRIBUTE NAME ="Commit Type" VALUE ="Target"/>
            <ATTRIBUTE NAME ="Commit Interval" VALUE ="10000"/>
            <ATTRIBUTE NAME ="Commit On End Of File" VALUE ="YES"/>
            <ATTRIBUTE NAME ="Rollback Transactions on Errors" VALUE ="NO"/>
            <ATTRIBUTE NAME ="Recovery Strategy" VALUE ="Fail task and continue workflow"/>
            <ATTRIBUTE NAME ="Java Classpath" VALUE =""/>
            <ATTRIBUTE NAME ="Performance" VALUE =""/>
            <ATTRIBUTE NAME ="DTM buffer size" VALUE ="Auto"/>
            <ATTRIBUTE NAME ="Collect performance data" VALUE ="NO"/>
            <ATTRIBUTE NAME ="Write performance data to repository" VALUE ="NO"/>
            <ATTRIBUTE NAME ="Incremental Aggregation" VALUE ="NO"/>
            <ATTRIBUTE NAME ="Enable high precision" VALUE ="NO"/>
            <ATTRIBUTE NAME ="Session retry on deadlock" VALUE ="NO"/>
            <ATTRIBUTE NAME ="Pushdown Optimization" VALUE ="None"/>
            <ATTRIBUTE NAME ="Allow Temporary View for Pushdown" VALUE ="NO"/>
            <ATTRIBUTE NAME ="Allow Temporary Sequence for Pushdown" VALUE ="NO"/>
            <ATTRIBUTE NAME ="Allow Pushdown for User Incompatible Connections" VALUE ="NO"/>
        </SESSION>
        <TASKINSTANCE DESCRIPTION ="" ISENABLED ="YES" NAME ="Start" REUSABLE ="NO" TASKNAME ="Start" TASKTYPE ="Start"/>
        <TASKINSTANCE DESCRIPTION ="" FAIL_PARENT_IF_INSTANCE_DID_NOT_RUN ="NO" FAIL_PARENT_IF_INSTANCE_FAILS ="NO" ISENABLED ="YES" NAME ="s_fact" REUSABLE ="NO" TASKNAME ="s_fact" TASKTYPE ="Session" TREAT_INPUTLINK_AS_AND ="YES"/>
        <WORKFLOWLINK CONDITION ="" FROMTASK ="Start" TOTASK ="s_fact"/>
        <WORKFLOWVARIABLE DATATYPE ="date/time" DEFAULTVALUE ="" DESCRIPTION ="The time this task started" ISNULL ="NO" ISPERSISTENT ="NO" NAME ="$Start.StartTime" USERDEFINED ="NO"/>
        <WORKFLOWVARIABLE DATATYPE ="date/time" DEFAULTVALUE ="" DESCRIPTION ="The time this task completed" ISNULL ="NO" ISPERSISTENT ="NO" NAME ="$Start.EndTime" USERDEFINED ="NO"/>
        <WORKFLOWVARIABLE DATATYPE ="integer" DEFAULTVALUE ="" DESCRIPTION ="Status of this task&apos;s execution" ISNULL ="NO" ISPERSISTENT ="NO" NAME ="$Start.Status" USERDEFINED ="NO"/>
        <WORKFLOWVARIABLE DATATYPE ="integer" DEFAULTVALUE ="" DESCRIPTION ="Status of the previous task that is not disabled" ISNULL ="NO" ISPERSISTENT ="NO" NAME ="$Start.PrevTaskStatus" USERDEFINED ="NO"/>
        <WORKFLOWVARIABLE DATATYPE ="integer" DEFAULTVALUE ="" DESCRIPTION ="Error code for this task&apos;s execution" ISNULL ="NO" ISPERSISTENT ="NO" NAME ="$Start.ErrorCode" USERDEFINED ="NO"/>
        <WORKFLOWVARIABLE DATATYPE ="string" DEFAULTVALUE ="" DESCRIPTION ="Error message for this task&apos;s execution" ISNULL ="NO" ISPERSISTENT ="NO" NAME ="$Start.ErrorMsg" USERDEFINED ="NO"/>
        <WORKFLOWVARIABLE DATATYPE ="date/time" DEFAULTVALUE ="" DESCRIPTION ="The time this task started" ISNULL ="NO" ISPERSISTENT ="NO" NAME ="$s_fact.StartTime" USERDEFINED ="NO"/>
        <WORKFLOWVARIABLE DATATYPE ="date/time" DEFAULTVALUE ="" DESCRIPTION ="The time this task completed" ISNULL ="NO" ISPERSISTENT ="NO" NAME ="$s_fact.EndTime" USERDEFINED ="NO"/>
        <WORKFLOWVARIABLE DATATYPE ="integer" DEFAULTVALUE ="" DESCRIPTION ="Status of this task&apos;s execution" ISNULL ="NO" ISPERSISTENT ="NO" NAME ="$s_fact.Status" USERDEFINED ="NO"/>
        <WORKFLOWVARIABLE DATATYPE ="integer" DEFAULTVALUE ="" DESCRIPTION ="Status of the previous task that is not disabled" ISNULL ="NO" ISPERSISTENT ="NO" NAME ="$s_fact.PrevTaskStatus" USERDEFINED ="NO"/>
        <WORKFLOWVARIABLE DATATYPE ="integer" DEFAULTVALUE ="" DESCRIPTION ="Error code for this task&apos;s execution" ISNULL ="NO" ISPERSISTENT ="NO" NAME ="$s_fact.ErrorCode" USERDEFINED ="NO"/>
        <WORKFLOWVARIABLE DATATYPE ="string" DEFAULTVALUE ="" DESCRIPTION ="Error message for this task&apos;s execution" ISNULL ="NO" ISPERSISTENT ="NO" NAME ="$s_fact.ErrorMsg" USERDEFINED ="NO"/>
        <WORKFLOWVARIABLE DATATYPE ="integer" DEFAULTVALUE ="" DESCRIPTION ="Rows successfully read" ISNULL ="NO" ISPERSISTENT ="NO" NAME ="$s_fact.SrcSuccessRows" USERDEFINED ="NO"/>
        <WORKFLOWVARIABLE DATATYPE ="integer" DEFAULTVALUE ="" DESCRIPTION ="Rows failed to read" ISNULL ="NO" ISPERSISTENT ="NO" NAME ="$s_fact.SrcFailedRows" USERDEFINED ="NO"/>
        <WORKFLOWVARIABLE DATATYPE ="integer" DEFAULTVALUE ="" DESCRIPTION ="Rows successfully loaded" ISNULL ="NO" ISPERSISTENT ="NO" NAME ="$s_fact.TgtSuccessRows" USERDEFINED ="NO"/>
        <WORKFLOWVARIABLE DATATYPE ="integer" DEFAULTVALUE ="" DESCRIPTION ="Rows failed to load" ISNULL ="NO" ISPERSISTENT ="NO" NAME ="$s_fact.TgtFailedRows" USERDEFINED ="NO"/>
        <WORKFLOWVARIABLE DATATYPE ="integer" DEFAULTVALUE ="" DESCRIPTION ="Total number of transformation errors" ISNULL ="NO" ISPERSISTENT ="NO" NAME ="$s_fact.TotalTransErrors" USERDEFINED ="NO"/>
        <WORKFLOWVARIABLE DATATYPE ="integer" DEFAULTVALUE ="" DESCRIPTION ="First error code" ISNULL ="NO" ISPERSISTENT ="NO" NAME ="$s_fact.FirstErrorCode" USERDEFINED ="NO"/>
        <WORKFLOWVARIABLE DATATYPE ="string" DEFAULTVALUE ="" DESCRIPTION ="First error message" ISNULL ="NO" ISPERSISTENT ="NO" NAME ="$s_fact.FirstErrorMsg" USERDEFINED ="NO"/>
        <ATTRIBUTE NAME ="Parameter Filename" VALUE =""/>
        <ATTRIBUTE NAME ="Write Backward Compatible Workflow Log File" VALUE ="NO"/>
        <ATTRIBUTE NAME ="Workflow Log File Name" VALUE ="wkf_fact_fin.log"/>
        <ATTRIBUTE NAME ="Workflow Log File Directory" VALUE ="$PMWorkflowLogDir&#x5c;"/>
        <ATTRIBUTE NAME ="Save Workflow log by" VALUE ="By runs"/>
        <ATTRIBUTE NAME ="Save workflow log for these runs" VALUE ="0"/>
        <ATTRIBUTE NAME ="Service Name" VALUE =""/>
        <ATTRIBUTE NAME ="Service Timeout" VALUE ="0"/>
        <ATTRIBUTE NAME ="Is Service Visible" VALUE ="NO"/>
        <ATTRIBUTE NAME ="Is Service Protected" VALUE ="NO"/>
        <ATTRIBUTE NAME ="Fail task after wait time" VALUE ="0"/>
        <ATTRIBUTE NAME ="Enable HA recovery" VALUE ="NO"/>
        <ATTRIBUTE NAME ="Automatically recover terminated tasks" VALUE ="NO"/>
        <ATTRIBUTE NAME ="Service Level Name" VALUE ="Default"/>
        <ATTRIBUTE NAME ="Allow concurrent run with unique run instance name" VALUE ="NO"/>
        <ATTRIBUTE NAME ="Allow concurrent run with same run instance name" VALUE ="NO"/>
        <ATTRIBUTE NAME ="Maximum number of concurrent runs" VALUE ="0"/>
        <ATTRIBUTE NAME ="Assigned Web Services Hubs" VALUE =""/>
        <ATTRIBUTE NAME ="Maximum number of concurrent runs per Hub" VALUE ="1000"/>
        <ATTRIBUTE NAME ="Expected Service Time" VALUE ="1"/>
    </WORKFLOW>
</FOLDER>
</REPOSITORY>
</POWERMART>