<?xml version="1.0" encoding="Windows-1252"?>
<!DOCTYPE POWERMART SYSTEM "powrmart.dtd">
<POWERMART CREATION_DATE="04/03/2020 17:15:00" REPOSITORY_VERSION="182.91">
<REPOSITORY NAME="info_repo" VERSION="182" CODEPAGE="MS1252" DATABASETYPE="Oracle">
<FOLDER NAME="EXERCICE2_28/3" GROUP="" OWNER="Administrator" SHARED="NOTSHARED" DESCRIPTION="" PERMISSIONS="rwx---r--" UUID="4d7fc6e9-c506-4c91-8a07-518bd7ec369f">
    <SOURCE BUSINESSNAME ="" DATABASETYPE ="Oracle" DBDNAME ="ODBC_HR" DESCRIPTION ="" NAME ="LOCATIONS" OBJECTVERSION ="1" OWNERNAME ="HR" VERSIONNUMBER ="1">
        <SOURCEFIELD BUSINESSNAME ="" DATATYPE ="number(p,s)" DESCRIPTION ="" FIELDNUMBER ="1" FIELDPROPERTY ="0" FIELDTYPE ="ELEMITEM" HIDDEN ="NO" KEYTYPE ="PRIMARY KEY" LENGTH ="6" LEVEL ="0" NAME ="LOCATION_ID" NULLABLE ="NOTNULL" OCCURS ="0" OFFSET ="0" PHYSICALLENGTH ="4" PHYSICALOFFSET ="0" PICTURETEXT ="" PRECISION ="4" SCALE ="0" USAGE_FLAGS =""/>
        <SOURCEFIELD BUSINESSNAME ="" DATATYPE ="varchar2" DESCRIPTION ="" FIELDNUMBER ="2" FIELDPROPERTY ="0" FIELDTYPE ="ELEMITEM" HIDDEN ="NO" KEYTYPE ="NOT A KEY" LENGTH ="0" LEVEL ="0" NAME ="STREET_ADDRESS" NULLABLE ="NULL" OCCURS ="0" OFFSET ="6" PHYSICALLENGTH ="40" PHYSICALOFFSET ="4" PICTURETEXT ="" PRECISION ="40" SCALE ="0" USAGE_FLAGS =""/>
        <SOURCEFIELD BUSINESSNAME ="" DATATYPE ="varchar2" DESCRIPTION ="" FIELDNUMBER ="3" FIELDPROPERTY ="0" FIELDTYPE ="ELEMITEM" HIDDEN ="NO" KEYTYPE ="NOT A KEY" LENGTH ="0" LEVEL ="0" NAME ="POSTAL_CODE" NULLABLE ="NULL" OCCURS ="0" OFFSET ="6" PHYSICALLENGTH ="12" PHYSICALOFFSET ="44" PICTURETEXT ="" PRECISION ="12" SCALE ="0" USAGE_FLAGS =""/>
        <SOURCEFIELD BUSINESSNAME ="" DATATYPE ="varchar2" DESCRIPTION ="" FIELDNUMBER ="4" FIELDPROPERTY ="0" FIELDTYPE ="ELEMITEM" HIDDEN ="NO" KEYTYPE ="NOT A KEY" LENGTH ="0" LEVEL ="0" NAME ="CITY" NULLABLE ="NOTNULL" OCCURS ="0" OFFSET ="6" PHYSICALLENGTH ="30" PHYSICALOFFSET ="56" PICTURETEXT ="" PRECISION ="30" SCALE ="0" USAGE_FLAGS =""/>
        <SOURCEFIELD BUSINESSNAME ="" DATATYPE ="varchar2" DESCRIPTION ="" FIELDNUMBER ="5" FIELDPROPERTY ="0" FIELDTYPE ="ELEMITEM" HIDDEN ="NO" KEYTYPE ="NOT A KEY" LENGTH ="0" LEVEL ="0" NAME ="STATE_PROVINCE" NULLABLE ="NULL" OCCURS ="0" OFFSET ="6" PHYSICALLENGTH ="25" PHYSICALOFFSET ="86" PICTURETEXT ="" PRECISION ="25" SCALE ="0" USAGE_FLAGS =""/>
        <SOURCEFIELD BUSINESSNAME ="" DATATYPE ="char" DESCRIPTION ="" FIELDNUMBER ="6" FIELDPROPERTY ="0" FIELDTYPE ="ELEMITEM" HIDDEN ="NO" KEYTYPE ="FOREIGN KEY" LENGTH ="0" LEVEL ="0" NAME ="COUNTRY_ID" NULLABLE ="NULL" OCCURS ="0" OFFSET ="6" PHYSICALLENGTH ="2" PHYSICALOFFSET ="111" PICTURETEXT ="" PRECISION ="2" REFERENCEDDBD ="ODBC_HR" REFERENCEDFIELD ="COUNTRY_ID" REFERENCEDTABLE ="COUNTRIES" SCALE ="0" USAGE_FLAGS =""/>
    </SOURCE>
    <SOURCE BUSINESSNAME ="" DATABASETYPE ="Oracle" DBDNAME ="ODBC_HR" DESCRIPTION ="" NAME ="COUNTRIES" OBJECTVERSION ="1" OWNERNAME ="HR" VERSIONNUMBER ="1">
        <SOURCEFIELD BUSINESSNAME ="" DATATYPE ="char" DESCRIPTION ="" FIELDNUMBER ="1" FIELDPROPERTY ="0" FIELDTYPE ="ELEMITEM" HIDDEN ="NO" KEYTYPE ="PRIMARY KEY" LENGTH ="0" LEVEL ="0" NAME ="COUNTRY_ID" NULLABLE ="NOTNULL" OCCURS ="0" OFFSET ="0" PHYSICALLENGTH ="2" PHYSICALOFFSET ="0" PICTURETEXT ="" PRECISION ="2" SCALE ="0" USAGE_FLAGS =""/>
        <SOURCEFIELD BUSINESSNAME ="" DATATYPE ="varchar2" DESCRIPTION ="" FIELDNUMBER ="2" FIELDPROPERTY ="0" FIELDTYPE ="ELEMITEM" HIDDEN ="NO" KEYTYPE ="NOT A KEY" LENGTH ="0" LEVEL ="0" NAME ="COUNTRY_NAME" NULLABLE ="NULL" OCCURS ="0" OFFSET ="0" PHYSICALLENGTH ="40" PHYSICALOFFSET ="2" PICTURETEXT ="" PRECISION ="40" SCALE ="0" USAGE_FLAGS =""/>
        <SOURCEFIELD BUSINESSNAME ="" DATATYPE ="number" DESCRIPTION ="" FIELDNUMBER ="3" FIELDPROPERTY ="0" FIELDTYPE ="ELEMITEM" HIDDEN ="NO" KEYTYPE ="NOT A KEY" LENGTH ="24" LEVEL ="0" NAME ="REGION_ID" NULLABLE ="NULL" OCCURS ="0" OFFSET ="0" PHYSICALLENGTH ="15" PHYSICALOFFSET ="42" PICTURETEXT ="" PRECISION ="15" SCALE ="0" USAGE_FLAGS =""/>
    </SOURCE>
    <TARGET BUSINESSNAME ="" CONSTRAINT ="" DATABASETYPE ="Oracle" DESCRIPTION ="" NAME ="T2ITALY" OBJECTVERSION ="1" TABLEOPTIONS ="" VERSIONNUMBER ="1">
        <TARGETFIELD BUSINESSNAME ="" DATATYPE ="number(p,s)" DESCRIPTION ="" FIELDNUMBER ="1" KEYTYPE ="NOT A KEY" NAME ="GEOGRAPHYKEY" NULLABLE ="NOTNULL" PICTURETEXT ="" PRECISION ="4" SCALE ="0"/>
        <TARGETFIELD BUSINESSNAME ="" DATATYPE ="varchar2" DESCRIPTION ="" FIELDNUMBER ="2" KEYTYPE ="NOT A KEY" NAME ="STREET_ADDRESS" NULLABLE ="NULL" PICTURETEXT ="" PRECISION ="40" SCALE ="0"/>
        <TARGETFIELD BUSINESSNAME ="" DATATYPE ="varchar2" DESCRIPTION ="" FIELDNUMBER ="3" KEYTYPE ="NOT A KEY" NAME ="POSTAL_CODE" NULLABLE ="NULL" PICTURETEXT ="" PRECISION ="12" SCALE ="0"/>
        <TARGETFIELD BUSINESSNAME ="" DATATYPE ="varchar2" DESCRIPTION ="" FIELDNUMBER ="4" KEYTYPE ="NOT A KEY" NAME ="CITY" NULLABLE ="NOTNULL" PICTURETEXT ="" PRECISION ="30" SCALE ="0"/>
        <TARGETFIELD BUSINESSNAME ="" DATATYPE ="varchar2" DESCRIPTION ="" FIELDNUMBER ="5" KEYTYPE ="NOT A KEY" NAME ="STATE_PROVINCE" NULLABLE ="NULL" PICTURETEXT ="" PRECISION ="25" SCALE ="0"/>
        <TARGETFIELD BUSINESSNAME ="" DATATYPE ="char" DESCRIPTION ="" FIELDNUMBER ="6" KEYTYPE ="NOT A KEY" NAME ="COUNTRY_ID" NULLABLE ="NULL" PICTURETEXT ="" PRECISION ="2" SCALE ="0"/>
        <TARGETFIELD BUSINESSNAME ="" DATATYPE ="varchar2" DESCRIPTION ="" FIELDNUMBER ="7" KEYTYPE ="NOT A KEY" NAME ="COUNTRY_NAME" NULLABLE ="NULL" PICTURETEXT ="" PRECISION ="40" SCALE ="0"/>
    </TARGET>
    <TARGET BUSINESSNAME ="" CONSTRAINT ="" DATABASETYPE ="Oracle" DESCRIPTION ="" NAME ="T1INDIA" OBJECTVERSION ="1" TABLEOPTIONS ="" VERSIONNUMBER ="1">
        <TARGETFIELD BUSINESSNAME ="" DATATYPE ="number(p,s)" DESCRIPTION ="" FIELDNUMBER ="1" KEYTYPE ="NOT A KEY" NAME ="GEOGRAPHYKEY" NULLABLE ="NOTNULL" PICTURETEXT ="" PRECISION ="4" SCALE ="0"/>
        <TARGETFIELD BUSINESSNAME ="" DATATYPE ="varchar2" DESCRIPTION ="" FIELDNUMBER ="2" KEYTYPE ="NOT A KEY" NAME ="STREET_ADDRESS" NULLABLE ="NULL" PICTURETEXT ="" PRECISION ="40" SCALE ="0"/>
        <TARGETFIELD BUSINESSNAME ="" DATATYPE ="varchar2" DESCRIPTION ="" FIELDNUMBER ="3" KEYTYPE ="NOT A KEY" NAME ="POSTAL_CODE" NULLABLE ="NULL" PICTURETEXT ="" PRECISION ="12" SCALE ="0"/>
        <TARGETFIELD BUSINESSNAME ="" DATATYPE ="varchar2" DESCRIPTION ="" FIELDNUMBER ="4" KEYTYPE ="NOT A KEY" NAME ="CITY" NULLABLE ="NOTNULL" PICTURETEXT ="" PRECISION ="30" SCALE ="0"/>
        <TARGETFIELD BUSINESSNAME ="" DATATYPE ="varchar2" DESCRIPTION ="" FIELDNUMBER ="5" KEYTYPE ="NOT A KEY" NAME ="STATE_PROVINCE" NULLABLE ="NULL" PICTURETEXT ="" PRECISION ="25" SCALE ="0"/>
        <TARGETFIELD BUSINESSNAME ="" DATATYPE ="char" DESCRIPTION ="" FIELDNUMBER ="6" KEYTYPE ="NOT A KEY" NAME ="COUNTRY_ID" NULLABLE ="NULL" PICTURETEXT ="" PRECISION ="2" SCALE ="0"/>
        <TARGETFIELD BUSINESSNAME ="" DATATYPE ="varchar2" DESCRIPTION ="" FIELDNUMBER ="7" KEYTYPE ="NOT A KEY" NAME ="COUNTRY_NAME" NULLABLE ="NULL" PICTURETEXT ="" PRECISION ="40" SCALE ="0"/>
    </TARGET>
    <MAPPING DESCRIPTION ="" ISVALID ="YES" NAME ="m_geo_rou" OBJECTVERSION ="1" VERSIONNUMBER ="1">
        <TRANSFORMATION DESCRIPTION ="" NAME ="ROT_CONLKP" OBJECTVERSION ="1" REUSABLE ="NO" TYPE ="Router" VERSIONNUMBER ="1">
            <GROUP DESCRIPTION ="" NAME ="INPUT" ORDER ="1" TYPE ="INPUT"/>
            <GROUP DESCRIPTION ="" EXPRESSION ="COUNTRY_NAME=&apos;INDIA&apos;" NAME ="INDIA" ORDER ="2" TYPE ="OUTPUT"/>
            <GROUP DESCRIPTION ="Path for the data when none of the group conditions are satisfied." NAME ="DEFAULT1" ORDER ="3" TYPE ="OUTPUT/DEFAULT"/>
            <GROUP DESCRIPTION ="" EXPRESSION ="COUNTRY_NAME=&apos;ITALY&apos;" NAME ="ITALY" ORDER ="4" TYPE ="OUTPUT"/>
            <TRANSFORMFIELD DATATYPE ="decimal" DEFAULTVALUE ="" DESCRIPTION ="" GROUP ="INPUT" NAME ="LOCATION_ID" PICTURETEXT ="" PORTTYPE ="INPUT" PRECISION ="4" SCALE ="0"/>
            <TRANSFORMFIELD DATATYPE ="string" DEFAULTVALUE ="" DESCRIPTION ="" GROUP ="INPUT" NAME ="STREET_ADDRESS" PICTURETEXT ="" PORTTYPE ="INPUT" PRECISION ="40" SCALE ="0"/>
            <TRANSFORMFIELD DATATYPE ="string" DEFAULTVALUE ="" DESCRIPTION ="" GROUP ="INPUT" NAME ="POSTAL_CODE" PICTURETEXT ="" PORTTYPE ="INPUT" PRECISION ="12" SCALE ="0"/>
            <TRANSFORMFIELD DATATYPE ="string" DEFAULTVALUE ="" DESCRIPTION ="" GROUP ="INPUT" NAME ="CITY" PICTURETEXT ="" PORTTYPE ="INPUT" PRECISION ="30" SCALE ="0"/>
            <TRANSFORMFIELD DATATYPE ="string" DEFAULTVALUE ="" DESCRIPTION ="" GROUP ="INPUT" NAME ="STATE_PROVINCE" PICTURETEXT ="" PORTTYPE ="INPUT" PRECISION ="25" SCALE ="0"/>
            <TRANSFORMFIELD DATATYPE ="string" DEFAULTVALUE ="" DESCRIPTION ="" GROUP ="INPUT" NAME ="COUNTRY_ID" PICTURETEXT ="" PORTTYPE ="INPUT" PRECISION ="2" SCALE ="0"/>
            <TRANSFORMFIELD DATATYPE ="string" DEFAULTVALUE ="" DESCRIPTION ="" GROUP ="INPUT" NAME ="COUNTRY_NAME" PICTURETEXT ="" PORTTYPE ="INPUT" PRECISION ="40" SCALE ="0"/>
            <TRANSFORMFIELD DATATYPE ="decimal" DEFAULTVALUE ="" DESCRIPTION ="" GROUP ="INDIA" NAME ="LOCATION_ID1" PICTURETEXT ="" PORTTYPE ="OUTPUT" PRECISION ="4" REF_FIELD ="LOCATION_ID" SCALE ="0"/>
            <TRANSFORMFIELD DATATYPE ="string" DEFAULTVALUE ="" DESCRIPTION ="" GROUP ="INDIA" NAME ="STREET_ADDRESS1" PICTURETEXT ="" PORTTYPE ="OUTPUT" PRECISION ="40" REF_FIELD ="STREET_ADDRESS" SCALE ="0"/>
            <TRANSFORMFIELD DATATYPE ="string" DEFAULTVALUE ="" DESCRIPTION ="" GROUP ="INDIA" NAME ="POSTAL_CODE1" PICTURETEXT ="" PORTTYPE ="OUTPUT" PRECISION ="12" REF_FIELD ="POSTAL_CODE" SCALE ="0"/>
            <TRANSFORMFIELD DATATYPE ="string" DEFAULTVALUE ="" DESCRIPTION ="" GROUP ="INDIA" NAME ="CITY1" PICTURETEXT ="" PORTTYPE ="OUTPUT" PRECISION ="30" REF_FIELD ="CITY" SCALE ="0"/>
            <TRANSFORMFIELD DATATYPE ="string" DEFAULTVALUE ="" DESCRIPTION ="" GROUP ="INDIA" NAME ="STATE_PROVINCE1" PICTURETEXT ="" PORTTYPE ="OUTPUT" PRECISION ="25" REF_FIELD ="STATE_PROVINCE" SCALE ="0"/>
            <TRANSFORMFIELD DATATYPE ="string" DEFAULTVALUE ="" DESCRIPTION ="" GROUP ="INDIA" NAME ="COUNTRY_ID1" PICTURETEXT ="" PORTTYPE ="OUTPUT" PRECISION ="2" REF_FIELD ="COUNTRY_ID" SCALE ="0"/>
            <TRANSFORMFIELD DATATYPE ="string" DEFAULTVALUE ="" DESCRIPTION ="" GROUP ="INDIA" NAME ="COUNTRY_NAME1" PICTURETEXT ="" PORTTYPE ="OUTPUT" PRECISION ="40" REF_FIELD ="COUNTRY_NAME" SCALE ="0"/>
            <TRANSFORMFIELD DATATYPE ="decimal" DEFAULTVALUE ="" DESCRIPTION ="" GROUP ="DEFAULT1" NAME ="LOCATION_ID2" PICTURETEXT ="" PORTTYPE ="OUTPUT" PRECISION ="4" REF_FIELD ="LOCATION_ID" SCALE ="0"/>
            <TRANSFORMFIELD DATATYPE ="string" DEFAULTVALUE ="" DESCRIPTION ="" GROUP ="DEFAULT1" NAME ="STREET_ADDRESS2" PICTURETEXT ="" PORTTYPE ="OUTPUT" PRECISION ="40" REF_FIELD ="STREET_ADDRESS" SCALE ="0"/>
            <TRANSFORMFIELD DATATYPE ="string" DEFAULTVALUE ="" DESCRIPTION ="" GROUP ="DEFAULT1" NAME ="POSTAL_CODE2" PICTURETEXT ="" PORTTYPE ="OUTPUT" PRECISION ="12" REF_FIELD ="POSTAL_CODE" SCALE ="0"/>
            <TRANSFORMFIELD DATATYPE ="string" DEFAULTVALUE ="" DESCRIPTION ="" GROUP ="DEFAULT1" NAME ="CITY2" PICTURETEXT ="" PORTTYPE ="OUTPUT" PRECISION ="30" REF_FIELD ="CITY" SCALE ="0"/>
            <TRANSFORMFIELD DATATYPE ="string" DEFAULTVALUE ="" DESCRIPTION ="" GROUP ="DEFAULT1" NAME ="STATE_PROVINCE2" PICTURETEXT ="" PORTTYPE ="OUTPUT" PRECISION ="25" REF_FIELD ="STATE_PROVINCE" SCALE ="0"/>
            <TRANSFORMFIELD DATATYPE ="string" DEFAULTVALUE ="" DESCRIPTION ="" GROUP ="DEFAULT1" NAME ="COUNTRY_ID2" PICTURETEXT ="" PORTTYPE ="OUTPUT" PRECISION ="2" REF_FIELD ="COUNTRY_ID" SCALE ="0"/>
            <TRANSFORMFIELD DATATYPE ="string" DEFAULTVALUE ="" DESCRIPTION ="" GROUP ="DEFAULT1" NAME ="COUNTRY_NAME2" PICTURETEXT ="" PORTTYPE ="OUTPUT" PRECISION ="40" REF_FIELD ="COUNTRY_NAME" SCALE ="0"/>
            <TRANSFORMFIELD DATATYPE ="decimal" DEFAULTVALUE ="" DESCRIPTION ="" GROUP ="ITALY" NAME ="LOCATION_ID3" PICTURETEXT ="" PORTTYPE ="OUTPUT" PRECISION ="4" REF_FIELD ="LOCATION_ID" SCALE ="0"/>
            <TRANSFORMFIELD DATATYPE ="string" DEFAULTVALUE ="" DESCRIPTION ="" GROUP ="ITALY" NAME ="STREET_ADDRESS3" PICTURETEXT ="" PORTTYPE ="OUTPUT" PRECISION ="40" REF_FIELD ="STREET_ADDRESS" SCALE ="0"/>
            <TRANSFORMFIELD DATATYPE ="string" DEFAULTVALUE ="" DESCRIPTION ="" GROUP ="ITALY" NAME ="POSTAL_CODE3" PICTURETEXT ="" PORTTYPE ="OUTPUT" PRECISION ="12" REF_FIELD ="POSTAL_CODE" SCALE ="0"/>
            <TRANSFORMFIELD DATATYPE ="string" DEFAULTVALUE ="" DESCRIPTION ="" GROUP ="ITALY" NAME ="CITY3" PICTURETEXT ="" PORTTYPE ="OUTPUT" PRECISION ="30" REF_FIELD ="CITY" SCALE ="0"/>
            <TRANSFORMFIELD DATATYPE ="string" DEFAULTVALUE ="" DESCRIPTION ="" GROUP ="ITALY" NAME ="STATE_PROVINCE3" PICTURETEXT ="" PORTTYPE ="OUTPUT" PRECISION ="25" REF_FIELD ="STATE_PROVINCE" SCALE ="0"/>
            <TRANSFORMFIELD DATATYPE ="string" DEFAULTVALUE ="" DESCRIPTION ="" GROUP ="ITALY" NAME ="COUNTRY_ID3" PICTURETEXT ="" PORTTYPE ="OUTPUT" PRECISION ="2" REF_FIELD ="COUNTRY_ID" SCALE ="0"/>
            <TRANSFORMFIELD DATATYPE ="string" DEFAULTVALUE ="" DESCRIPTION ="" GROUP ="ITALY" NAME ="COUNTRY_NAME3" PICTURETEXT ="" PORTTYPE ="OUTPUT" PRECISION ="40" REF_FIELD ="COUNTRY_NAME" SCALE ="0"/>
            <TABLEATTRIBUTE NAME ="Tracing Level" VALUE ="Normal"/>
        </TRANSFORMATION>
        <TRANSFORMATION DESCRIPTION ="" NAME ="sq_loc_con" OBJECTVERSION ="1" REUSABLE ="NO" TYPE ="Source Qualifier" VERSIONNUMBER ="1">
            <TRANSFORMFIELD DATATYPE ="string" DEFAULTVALUE ="" DESCRIPTION ="" NAME ="COUNTRY_ID" PICTURETEXT ="" PORTTYPE ="INPUT/OUTPUT" PRECISION ="2" SCALE ="0"/>
            <TRANSFORMFIELD DATATYPE ="string" DEFAULTVALUE ="" DESCRIPTION ="" NAME ="COUNTRY_NAME" PICTURETEXT ="" PORTTYPE ="INPUT/OUTPUT" PRECISION ="40" SCALE ="0"/>
            <TRANSFORMFIELD DATATYPE ="double" DEFAULTVALUE ="" DESCRIPTION ="" NAME ="REGION_ID" PICTURETEXT ="" PORTTYPE ="INPUT/OUTPUT" PRECISION ="15" SCALE ="0"/>
            <TRANSFORMFIELD DATATYPE ="decimal" DEFAULTVALUE ="" DESCRIPTION ="" NAME ="LOCATION_ID" PICTURETEXT ="" PORTTYPE ="INPUT/OUTPUT" PRECISION ="4" SCALE ="0"/>
            <TRANSFORMFIELD DATATYPE ="string" DEFAULTVALUE ="" DESCRIPTION ="" NAME ="STREET_ADDRESS" PICTURETEXT ="" PORTTYPE ="INPUT/OUTPUT" PRECISION ="40" SCALE ="0"/>
            <TRANSFORMFIELD DATATYPE ="string" DEFAULTVALUE ="" DESCRIPTION ="" NAME ="POSTAL_CODE" PICTURETEXT ="" PORTTYPE ="INPUT/OUTPUT" PRECISION ="12" SCALE ="0"/>
            <TRANSFORMFIELD DATATYPE ="string" DEFAULTVALUE ="" DESCRIPTION ="" NAME ="CITY" PICTURETEXT ="" PORTTYPE ="INPUT/OUTPUT" PRECISION ="30" SCALE ="0"/>
            <TRANSFORMFIELD DATATYPE ="string" DEFAULTVALUE ="" DESCRIPTION ="" NAME ="STATE_PROVINCE" PICTURETEXT ="" PORTTYPE ="INPUT/OUTPUT" PRECISION ="25" SCALE ="0"/>
            <TRANSFORMFIELD DATATYPE ="string" DEFAULTVALUE ="" DESCRIPTION ="" NAME ="COUNTRY_ID1" PICTURETEXT ="" PORTTYPE ="INPUT/OUTPUT" PRECISION ="2" SCALE ="0"/>
            <TABLEATTRIBUTE NAME ="Sql Query" VALUE =""/>
            <TABLEATTRIBUTE NAME ="User Defined Join" VALUE ="COUNTRIES.COUNTRY_ID=LOCATIONS.COUNTRY_ID"/>
            <TABLEATTRIBUTE NAME ="Source Filter" VALUE =""/>
            <TABLEATTRIBUTE NAME ="Number Of Sorted Ports" VALUE ="0"/>
            <TABLEATTRIBUTE NAME ="Tracing Level" VALUE ="Normal"/>
            <TABLEATTRIBUTE NAME ="Select Distinct" VALUE ="NO"/>
            <TABLEATTRIBUTE NAME ="Is Partitionable" VALUE ="NO"/>
            <TABLEATTRIBUTE NAME ="Pre SQL" VALUE =""/>
            <TABLEATTRIBUTE NAME ="Post SQL" VALUE =""/>
            <TABLEATTRIBUTE NAME ="Output is deterministic" VALUE ="NO"/>
            <TABLEATTRIBUTE NAME ="Output is repeatable" VALUE ="Never"/>
        </TRANSFORMATION>
        <INSTANCE DESCRIPTION ="" NAME ="T1INDIA" TRANSFORMATION_NAME ="T1INDIA" TRANSFORMATION_TYPE ="Target Definition" TYPE ="TARGET"/>
        <INSTANCE DESCRIPTION ="" NAME ="T2ITALY" TRANSFORMATION_NAME ="T2ITALY" TRANSFORMATION_TYPE ="Target Definition" TYPE ="TARGET"/>
        <INSTANCE DBDNAME ="ODBC_HR" DESCRIPTION ="" NAME ="COUNTRIES" TRANSFORMATION_NAME ="COUNTRIES" TRANSFORMATION_TYPE ="Source Definition" TYPE ="SOURCE"/>
        <INSTANCE DESCRIPTION ="" NAME ="ROT_CONLKP" REUSABLE ="NO" TRANSFORMATION_NAME ="ROT_CONLKP" TRANSFORMATION_TYPE ="Router" TYPE ="TRANSFORMATION"/>
        <INSTANCE DESCRIPTION ="" NAME ="sq_loc_con" REUSABLE ="NO" TRANSFORMATION_NAME ="sq_loc_con" TRANSFORMATION_TYPE ="Source Qualifier" TYPE ="TRANSFORMATION">
            <ASSOCIATED_SOURCE_INSTANCE NAME ="COUNTRIES"/>
            <ASSOCIATED_SOURCE_INSTANCE NAME ="LOCATIONS"/>
        </INSTANCE>
        <INSTANCE DBDNAME ="ODBC_HR" DESCRIPTION ="" NAME ="LOCATIONS" TRANSFORMATION_NAME ="LOCATIONS" TRANSFORMATION_TYPE ="Source Definition" TYPE ="SOURCE"/>
        <CONNECTOR FROMFIELD ="COUNTRY_NAME1" FROMINSTANCE ="ROT_CONLKP" FROMINSTANCETYPE ="Router" TOFIELD ="COUNTRY_NAME" TOINSTANCE ="T1INDIA" TOINSTANCETYPE ="Target Definition"/>
        <CONNECTOR FROMFIELD ="COUNTRY_ID1" FROMINSTANCE ="ROT_CONLKP" FROMINSTANCETYPE ="Router" TOFIELD ="COUNTRY_ID" TOINSTANCE ="T1INDIA" TOINSTANCETYPE ="Target Definition"/>
        <CONNECTOR FROMFIELD ="STATE_PROVINCE1" FROMINSTANCE ="ROT_CONLKP" FROMINSTANCETYPE ="Router" TOFIELD ="STATE_PROVINCE" TOINSTANCE ="T1INDIA" TOINSTANCETYPE ="Target Definition"/>
        <CONNECTOR FROMFIELD ="CITY1" FROMINSTANCE ="ROT_CONLKP" FROMINSTANCETYPE ="Router" TOFIELD ="CITY" TOINSTANCE ="T1INDIA" TOINSTANCETYPE ="Target Definition"/>
        <CONNECTOR FROMFIELD ="POSTAL_CODE1" FROMINSTANCE ="ROT_CONLKP" FROMINSTANCETYPE ="Router" TOFIELD ="POSTAL_CODE" TOINSTANCE ="T1INDIA" TOINSTANCETYPE ="Target Definition"/>
        <CONNECTOR FROMFIELD ="STREET_ADDRESS1" FROMINSTANCE ="ROT_CONLKP" FROMINSTANCETYPE ="Router" TOFIELD ="STREET_ADDRESS" TOINSTANCE ="T1INDIA" TOINSTANCETYPE ="Target Definition"/>
        <CONNECTOR FROMFIELD ="LOCATION_ID1" FROMINSTANCE ="ROT_CONLKP" FROMINSTANCETYPE ="Router" TOFIELD ="GEOGRAPHYKEY" TOINSTANCE ="T1INDIA" TOINSTANCETYPE ="Target Definition"/>
        <CONNECTOR FROMFIELD ="LOCATION_ID3" FROMINSTANCE ="ROT_CONLKP" FROMINSTANCETYPE ="Router" TOFIELD ="GEOGRAPHYKEY" TOINSTANCE ="T2ITALY" TOINSTANCETYPE ="Target Definition"/>
        <CONNECTOR FROMFIELD ="STREET_ADDRESS3" FROMINSTANCE ="ROT_CONLKP" FROMINSTANCETYPE ="Router" TOFIELD ="STREET_ADDRESS" TOINSTANCE ="T2ITALY" TOINSTANCETYPE ="Target Definition"/>
        <CONNECTOR FROMFIELD ="POSTAL_CODE3" FROMINSTANCE ="ROT_CONLKP" FROMINSTANCETYPE ="Router" TOFIELD ="POSTAL_CODE" TOINSTANCE ="T2ITALY" TOINSTANCETYPE ="Target Definition"/>
        <CONNECTOR FROMFIELD ="CITY3" FROMINSTANCE ="ROT_CONLKP" FROMINSTANCETYPE ="Router" TOFIELD ="CITY" TOINSTANCE ="T2ITALY" TOINSTANCETYPE ="Target Definition"/>
        <CONNECTOR FROMFIELD ="STATE_PROVINCE3" FROMINSTANCE ="ROT_CONLKP" FROMINSTANCETYPE ="Router" TOFIELD ="STATE_PROVINCE" TOINSTANCE ="T2ITALY" TOINSTANCETYPE ="Target Definition"/>
        <CONNECTOR FROMFIELD ="COUNTRY_ID3" FROMINSTANCE ="ROT_CONLKP" FROMINSTANCETYPE ="Router" TOFIELD ="COUNTRY_ID" TOINSTANCE ="T2ITALY" TOINSTANCETYPE ="Target Definition"/>
        <CONNECTOR FROMFIELD ="COUNTRY_NAME3" FROMINSTANCE ="ROT_CONLKP" FROMINSTANCETYPE ="Router" TOFIELD ="COUNTRY_NAME" TOINSTANCE ="T2ITALY" TOINSTANCETYPE ="Target Definition"/>
        <CONNECTOR FROMFIELD ="COUNTRY_ID" FROMINSTANCE ="COUNTRIES" FROMINSTANCETYPE ="Source Definition" TOFIELD ="COUNTRY_ID" TOINSTANCE ="sq_loc_con" TOINSTANCETYPE ="Source Qualifier"/>
        <CONNECTOR FROMFIELD ="COUNTRY_NAME" FROMINSTANCE ="COUNTRIES" FROMINSTANCETYPE ="Source Definition" TOFIELD ="COUNTRY_NAME" TOINSTANCE ="sq_loc_con" TOINSTANCETYPE ="Source Qualifier"/>
        <CONNECTOR FROMFIELD ="REGION_ID" FROMINSTANCE ="COUNTRIES" FROMINSTANCETYPE ="Source Definition" TOFIELD ="REGION_ID" TOINSTANCE ="sq_loc_con" TOINSTANCETYPE ="Source Qualifier"/>
        <CONNECTOR FROMFIELD ="LOCATION_ID" FROMINSTANCE ="sq_loc_con" FROMINSTANCETYPE ="Source Qualifier" TOFIELD ="LOCATION_ID" TOINSTANCE ="ROT_CONLKP" TOINSTANCETYPE ="Router"/>
        <CONNECTOR FROMFIELD ="STREET_ADDRESS" FROMINSTANCE ="sq_loc_con" FROMINSTANCETYPE ="Source Qualifier" TOFIELD ="STREET_ADDRESS" TOINSTANCE ="ROT_CONLKP" TOINSTANCETYPE ="Router"/>
        <CONNECTOR FROMFIELD ="POSTAL_CODE" FROMINSTANCE ="sq_loc_con" FROMINSTANCETYPE ="Source Qualifier" TOFIELD ="POSTAL_CODE" TOINSTANCE ="ROT_CONLKP" TOINSTANCETYPE ="Router"/>
        <CONNECTOR FROMFIELD ="CITY" FROMINSTANCE ="sq_loc_con" FROMINSTANCETYPE ="Source Qualifier" TOFIELD ="CITY" TOINSTANCE ="ROT_CONLKP" TOINSTANCETYPE ="Router"/>
        <CONNECTOR FROMFIELD ="STATE_PROVINCE" FROMINSTANCE ="sq_loc_con" FROMINSTANCETYPE ="Source Qualifier" TOFIELD ="STATE_PROVINCE" TOINSTANCE ="ROT_CONLKP" TOINSTANCETYPE ="Router"/>
        <CONNECTOR FROMFIELD ="COUNTRY_ID" FROMINSTANCE ="sq_loc_con" FROMINSTANCETYPE ="Source Qualifier" TOFIELD ="COUNTRY_ID" TOINSTANCE ="ROT_CONLKP" TOINSTANCETYPE ="Router"/>
        <CONNECTOR FROMFIELD ="COUNTRY_NAME" FROMINSTANCE ="sq_loc_con" FROMINSTANCETYPE ="Source Qualifier" TOFIELD ="COUNTRY_NAME" TOINSTANCE ="ROT_CONLKP" TOINSTANCETYPE ="Router"/>
        <CONNECTOR FROMFIELD ="LOCATION_ID" FROMINSTANCE ="LOCATIONS" FROMINSTANCETYPE ="Source Definition" TOFIELD ="LOCATION_ID" TOINSTANCE ="sq_loc_con" TOINSTANCETYPE ="Source Qualifier"/>
        <CONNECTOR FROMFIELD ="STREET_ADDRESS" FROMINSTANCE ="LOCATIONS" FROMINSTANCETYPE ="Source Definition" TOFIELD ="STREET_ADDRESS" TOINSTANCE ="sq_loc_con" TOINSTANCETYPE ="Source Qualifier"/>
        <CONNECTOR FROMFIELD ="POSTAL_CODE" FROMINSTANCE ="LOCATIONS" FROMINSTANCETYPE ="Source Definition" TOFIELD ="POSTAL_CODE" TOINSTANCE ="sq_loc_con" TOINSTANCETYPE ="Source Qualifier"/>
        <CONNECTOR FROMFIELD ="CITY" FROMINSTANCE ="LOCATIONS" FROMINSTANCETYPE ="Source Definition" TOFIELD ="CITY" TOINSTANCE ="sq_loc_con" TOINSTANCETYPE ="Source Qualifier"/>
        <CONNECTOR FROMFIELD ="STATE_PROVINCE" FROMINSTANCE ="LOCATIONS" FROMINSTANCETYPE ="Source Definition" TOFIELD ="STATE_PROVINCE" TOINSTANCE ="sq_loc_con" TOINSTANCETYPE ="Source Qualifier"/>
        <CONNECTOR FROMFIELD ="COUNTRY_ID" FROMINSTANCE ="LOCATIONS" FROMINSTANCETYPE ="Source Definition" TOFIELD ="COUNTRY_ID1" TOINSTANCE ="sq_loc_con" TOINSTANCETYPE ="Source Qualifier"/>
        <TARGETLOADORDER ORDER ="1" TARGETINSTANCE ="T1INDIA"/>
        <TARGETLOADORDER ORDER ="1" TARGETINSTANCE ="T2ITALY"/>
        <ERPINFO/>
    </MAPPING>
</FOLDER>
</REPOSITORY>
</POWERMART>