<?xml version="1.0" encoding="Windows-1252"?>
<!DOCTYPE POWERMART SYSTEM "powrmart.dtd">
<POWERMART CREATION_DATE="04/03/2020 17:20:08" REPOSITORY_VERSION="182.91">
<REPOSITORY NAME="info_repo" VERSION="182" CODEPAGE="MS1252" DATABASETYPE="Oracle">
<FOLDER NAME="EXERCISE-4" GROUP="" OWNER="Administrator" SHARED="NOTSHARED" DESCRIPTION="" PERMISSIONS="rwx---r--" UUID="4c6ba996-4241-4f2b-a4eb-3ababa9e5997">
    <SOURCE BUSINESSNAME ="" DATABASETYPE ="Flat File" DBDNAME ="FlatFile" DESCRIPTION ="" NAME ="Datedimension" OBJECTVERSION ="1" OWNERNAME ="" VERSIONNUMBER ="1">
        <FLATFILE CODEPAGE ="MS1252" CONSECDELIMITERSASONE ="NO" DELIMITED ="YES" DELIMITERS ="," ESCAPE_CHARACTER ="" KEEPESCAPECHAR ="NO" LINESEQUENTIAL ="NO" MULTIDELIMITERSASAND ="YES" NULLCHARTYPE ="ASCII" NULL_CHARACTER ="*" PADBYTES ="1" QUOTE_CHARACTER ="DOUBLE" REPEATABLE ="NO" ROWDELIMITER ="0" SHIFTSENSITIVEDATA ="NO" SKIPROWS ="1" STRIPTRAILINGBLANKS ="NO"/>
        <TABLEATTRIBUTE NAME ="Base Table Name" VALUE =""/>
        <TABLEATTRIBUTE NAME ="Search Specification" VALUE =""/>
        <TABLEATTRIBUTE NAME ="Sort Specification" VALUE =""/>
        <TABLEATTRIBUTE NAME ="Datetime Format" VALUE ="A  19 mm/dd/yyyy hh24:mi:ss"/>
        <TABLEATTRIBUTE NAME ="Thousand Separator" VALUE ="None"/>
        <TABLEATTRIBUTE NAME ="Decimal Separator" VALUE ="."/>
        <TABLEATTRIBUTE NAME ="Add Currently Processed Flat File Name Port" VALUE ="NO"/>
        <SOURCEFIELD BUSINESSNAME ="" DATATYPE ="number" DESCRIPTION ="" FIELDNUMBER ="1" FIELDPROPERTY ="0" FIELDTYPE ="ELEMITEM" HIDDEN ="NO" KEYTYPE ="NOT A KEY" LENGTH ="8" LEVEL ="0" NAME ="DimDateKey" NULLABLE ="NULL" OCCURS ="0" OFFSET ="0" PHYSICALLENGTH ="8" PHYSICALOFFSET ="0" PICTURETEXT ="" PRECISION ="8" SCALE ="0" USAGE_FLAGS =""/>
        <SOURCEFIELD BUSINESSNAME ="" DATATYPE ="string" DESCRIPTION ="" FIELDNUMBER ="2" FIELDPROPERTY ="0" FIELDTYPE ="ELEMITEM" HIDDEN ="NO" KEYTYPE ="NOT A KEY" LENGTH ="256" LEVEL ="0" NAME ="FullDate" NULLABLE ="NULL" OCCURS ="0" OFFSET ="8" PHYSICALLENGTH ="256" PHYSICALOFFSET ="8" PICTURETEXT ="" PRECISION ="256" SCALE ="0" USAGE_FLAGS =""/>
        <SOURCEFIELD BUSINESSNAME ="" DATATYPE ="string" DESCRIPTION ="" FIELDNUMBER ="3" FIELDPROPERTY ="0" FIELDTYPE ="ELEMITEM" HIDDEN ="NO" KEYTYPE ="NOT A KEY" LENGTH ="256" LEVEL ="0" NAME ="DateName" NULLABLE ="NULL" OCCURS ="0" OFFSET ="264" PHYSICALLENGTH ="256" PHYSICALOFFSET ="264" PICTURETEXT ="" PRECISION ="256" SCALE ="0" USAGE_FLAGS =""/>
        <SOURCEFIELD BUSINESSNAME ="" DATATYPE ="number" DESCRIPTION ="" FIELDNUMBER ="4" FIELDPROPERTY ="0" FIELDTYPE ="ELEMITEM" HIDDEN ="NO" KEYTYPE ="NOT A KEY" LENGTH ="1" LEVEL ="0" NAME ="DayOfWeek" NULLABLE ="NULL" OCCURS ="0" OFFSET ="520" PHYSICALLENGTH ="1" PHYSICALOFFSET ="520" PICTURETEXT ="" PRECISION ="1" SCALE ="0" USAGE_FLAGS =""/>
        <SOURCEFIELD BUSINESSNAME ="" DATATYPE ="string" DESCRIPTION ="" FIELDNUMBER ="5" FIELDPROPERTY ="0" FIELDTYPE ="ELEMITEM" HIDDEN ="NO" KEYTYPE ="NOT A KEY" LENGTH ="256" LEVEL ="0" NAME ="DayNameAbbreviation" NULLABLE ="NULL" OCCURS ="0" OFFSET ="521" PHYSICALLENGTH ="256" PHYSICALOFFSET ="521" PICTURETEXT ="" PRECISION ="256" SCALE ="0" USAGE_FLAGS =""/>
        <SOURCEFIELD BUSINESSNAME ="" DATATYPE ="string" DESCRIPTION ="" FIELDNUMBER ="6" FIELDPROPERTY ="0" FIELDTYPE ="ELEMITEM" HIDDEN ="NO" KEYTYPE ="NOT A KEY" LENGTH ="256" LEVEL ="0" NAME ="DayNameOfWeek" NULLABLE ="NULL" OCCURS ="0" OFFSET ="777" PHYSICALLENGTH ="256" PHYSICALOFFSET ="777" PICTURETEXT ="" PRECISION ="256" SCALE ="0" USAGE_FLAGS =""/>
        <SOURCEFIELD BUSINESSNAME ="" DATATYPE ="number" DESCRIPTION ="" FIELDNUMBER ="7" FIELDPROPERTY ="0" FIELDTYPE ="ELEMITEM" HIDDEN ="NO" KEYTYPE ="NOT A KEY" LENGTH ="2" LEVEL ="0" NAME ="DayOfMonth" NULLABLE ="NULL" OCCURS ="0" OFFSET ="1033" PHYSICALLENGTH ="2" PHYSICALOFFSET ="1033" PICTURETEXT ="" PRECISION ="2" SCALE ="0" USAGE_FLAGS =""/>
        <SOURCEFIELD BUSINESSNAME ="" DATATYPE ="number" DESCRIPTION ="" FIELDNUMBER ="8" FIELDPROPERTY ="0" FIELDTYPE ="ELEMITEM" HIDDEN ="NO" KEYTYPE ="NOT A KEY" LENGTH ="3" LEVEL ="0" NAME ="DayOfYear" NULLABLE ="NULL" OCCURS ="0" OFFSET ="1035" PHYSICALLENGTH ="3" PHYSICALOFFSET ="1035" PICTURETEXT ="" PRECISION ="3" SCALE ="0" USAGE_FLAGS =""/>
        <SOURCEFIELD BUSINESSNAME ="" DATATYPE ="string" DESCRIPTION ="" FIELDNUMBER ="9" FIELDPROPERTY ="0" FIELDTYPE ="ELEMITEM" HIDDEN ="NO" KEYTYPE ="NOT A KEY" LENGTH ="256" LEVEL ="0" NAME ="WeekdayWeekend" NULLABLE ="NULL" OCCURS ="0" OFFSET ="1038" PHYSICALLENGTH ="256" PHYSICALOFFSET ="1038" PICTURETEXT ="" PRECISION ="256" SCALE ="0" USAGE_FLAGS =""/>
        <SOURCEFIELD BUSINESSNAME ="" DATATYPE ="number" DESCRIPTION ="" FIELDNUMBER ="10" FIELDPROPERTY ="0" FIELDTYPE ="ELEMITEM" HIDDEN ="NO" KEYTYPE ="NOT A KEY" LENGTH ="1" LEVEL ="0" NAME ="WeekOfMonth" NULLABLE ="NULL" OCCURS ="0" OFFSET ="1294" PHYSICALLENGTH ="1" PHYSICALOFFSET ="1294" PICTURETEXT ="" PRECISION ="1" SCALE ="0" USAGE_FLAGS =""/>
        <SOURCEFIELD BUSINESSNAME ="" DATATYPE ="string" DESCRIPTION ="" FIELDNUMBER ="11" FIELDPROPERTY ="0" FIELDTYPE ="ELEMITEM" HIDDEN ="NO" KEYTYPE ="NOT A KEY" LENGTH ="256" LEVEL ="0" NAME ="WeekOfMonthName" NULLABLE ="NULL" OCCURS ="0" OFFSET ="1295" PHYSICALLENGTH ="256" PHYSICALOFFSET ="1295" PICTURETEXT ="" PRECISION ="256" SCALE ="0" USAGE_FLAGS =""/>
        <SOURCEFIELD BUSINESSNAME ="" DATATYPE ="number" DESCRIPTION ="" FIELDNUMBER ="12" FIELDPROPERTY ="0" FIELDTYPE ="ELEMITEM" HIDDEN ="NO" KEYTYPE ="NOT A KEY" LENGTH ="1" LEVEL ="0" NAME ="WeekOfMonthSPOT" NULLABLE ="NULL" OCCURS ="0" OFFSET ="1551" PHYSICALLENGTH ="1" PHYSICALOFFSET ="1551" PICTURETEXT ="" PRECISION ="1" SCALE ="0" USAGE_FLAGS =""/>
        <SOURCEFIELD BUSINESSNAME ="" DATATYPE ="string" DESCRIPTION ="" FIELDNUMBER ="13" FIELDPROPERTY ="0" FIELDTYPE ="ELEMITEM" HIDDEN ="NO" KEYTYPE ="NOT A KEY" LENGTH ="256" LEVEL ="0" NAME ="WeekOfMonthSPOTName" NULLABLE ="NULL" OCCURS ="0" OFFSET ="1552" PHYSICALLENGTH ="256" PHYSICALOFFSET ="1552" PICTURETEXT ="" PRECISION ="256" SCALE ="0" USAGE_FLAGS =""/>
        <SOURCEFIELD BUSINESSNAME ="" DATATYPE ="number" DESCRIPTION ="" FIELDNUMBER ="14" FIELDPROPERTY ="0" FIELDTYPE ="ELEMITEM" HIDDEN ="NO" KEYTYPE ="NOT A KEY" LENGTH ="2" LEVEL ="0" NAME ="WeekOfYear" NULLABLE ="NULL" OCCURS ="0" OFFSET ="1808" PHYSICALLENGTH ="2" PHYSICALOFFSET ="1808" PICTURETEXT ="" PRECISION ="2" SCALE ="0" USAGE_FLAGS =""/>
        <SOURCEFIELD BUSINESSNAME ="" DATATYPE ="string" DESCRIPTION ="" FIELDNUMBER ="15" FIELDPROPERTY ="0" FIELDTYPE ="ELEMITEM" HIDDEN ="NO" KEYTYPE ="NOT A KEY" LENGTH ="256" LEVEL ="0" NAME ="WeekOfYearName" NULLABLE ="NULL" OCCURS ="0" OFFSET ="1810" PHYSICALLENGTH ="256" PHYSICALOFFSET ="1810" PICTURETEXT ="" PRECISION ="256" SCALE ="0" USAGE_FLAGS =""/>
        <SOURCEFIELD BUSINESSNAME ="" DATATYPE ="string" DESCRIPTION ="" FIELDNUMBER ="16" FIELDPROPERTY ="0" FIELDTYPE ="ELEMITEM" HIDDEN ="NO" KEYTYPE ="NOT A KEY" LENGTH ="256" LEVEL ="0" NAME ="MonthName" NULLABLE ="NULL" OCCURS ="0" OFFSET ="2066" PHYSICALLENGTH ="256" PHYSICALOFFSET ="2066" PICTURETEXT ="" PRECISION ="256" SCALE ="0" USAGE_FLAGS =""/>
        <SOURCEFIELD BUSINESSNAME ="" DATATYPE ="string" DESCRIPTION ="" FIELDNUMBER ="17" FIELDPROPERTY ="0" FIELDTYPE ="ELEMITEM" HIDDEN ="NO" KEYTYPE ="NOT A KEY" LENGTH ="256" LEVEL ="0" NAME ="MonthAbbreviation" NULLABLE ="NULL" OCCURS ="0" OFFSET ="2322" PHYSICALLENGTH ="256" PHYSICALOFFSET ="2322" PICTURETEXT ="" PRECISION ="256" SCALE ="0" USAGE_FLAGS =""/>
        <SOURCEFIELD BUSINESSNAME ="" DATATYPE ="number" DESCRIPTION ="" FIELDNUMBER ="18" FIELDPROPERTY ="0" FIELDTYPE ="ELEMITEM" HIDDEN ="NO" KEYTYPE ="NOT A KEY" LENGTH ="2" LEVEL ="0" NAME ="MonthOfYear" NULLABLE ="NULL" OCCURS ="0" OFFSET ="2578" PHYSICALLENGTH ="2" PHYSICALOFFSET ="2578" PICTURETEXT ="" PRECISION ="2" SCALE ="0" USAGE_FLAGS =""/>
        <SOURCEFIELD BUSINESSNAME ="" DATATYPE ="string" DESCRIPTION ="" FIELDNUMBER ="19" FIELDPROPERTY ="0" FIELDTYPE ="ELEMITEM" HIDDEN ="NO" KEYTYPE ="NOT A KEY" LENGTH ="256" LEVEL ="0" NAME ="IsLastDayOfMonth" NULLABLE ="NULL" OCCURS ="0" OFFSET ="2580" PHYSICALLENGTH ="256" PHYSICALOFFSET ="2580" PICTURETEXT ="" PRECISION ="256" SCALE ="0" USAGE_FLAGS =""/>
        <SOURCEFIELD BUSINESSNAME ="" DATATYPE ="number" DESCRIPTION ="" FIELDNUMBER ="20" FIELDPROPERTY ="0" FIELDTYPE ="ELEMITEM" HIDDEN ="NO" KEYTYPE ="NOT A KEY" LENGTH ="1" LEVEL ="0" NAME ="Quarter" NULLABLE ="NULL" OCCURS ="0" OFFSET ="2836" PHYSICALLENGTH ="1" PHYSICALOFFSET ="2836" PICTURETEXT ="" PRECISION ="1" SCALE ="0" USAGE_FLAGS =""/>
        <SOURCEFIELD BUSINESSNAME ="" DATATYPE ="string" DESCRIPTION ="" FIELDNUMBER ="21" FIELDPROPERTY ="0" FIELDTYPE ="ELEMITEM" HIDDEN ="NO" KEYTYPE ="NOT A KEY" LENGTH ="256" LEVEL ="0" NAME ="QuarterName" NULLABLE ="NULL" OCCURS ="0" OFFSET ="2837" PHYSICALLENGTH ="256" PHYSICALOFFSET ="2837" PICTURETEXT ="" PRECISION ="256" SCALE ="0" USAGE_FLAGS =""/>
        <SOURCEFIELD BUSINESSNAME ="" DATATYPE ="number" DESCRIPTION ="" FIELDNUMBER ="22" FIELDPROPERTY ="0" FIELDTYPE ="ELEMITEM" HIDDEN ="NO" KEYTYPE ="NOT A KEY" LENGTH ="4" LEVEL ="0" NAME ="Year" NULLABLE ="NULL" OCCURS ="0" OFFSET ="3093" PHYSICALLENGTH ="4" PHYSICALOFFSET ="3093" PICTURETEXT ="" PRECISION ="4" SCALE ="0" USAGE_FLAGS =""/>
        <SOURCEFIELD BUSINESSNAME ="" DATATYPE ="number" DESCRIPTION ="" FIELDNUMBER ="23" FIELDPROPERTY ="0" FIELDTYPE ="ELEMITEM" HIDDEN ="NO" KEYTYPE ="NOT A KEY" LENGTH ="6" LEVEL ="0" NAME ="YearMonth" NULLABLE ="NULL" OCCURS ="0" OFFSET ="3097" PHYSICALLENGTH ="6" PHYSICALOFFSET ="3097" PICTURETEXT ="" PRECISION ="6" SCALE ="0" USAGE_FLAGS =""/>
        <SOURCEFIELD BUSINESSNAME ="" DATATYPE ="number" DESCRIPTION ="" FIELDNUMBER ="24" FIELDPROPERTY ="0" FIELDTYPE ="ELEMITEM" HIDDEN ="NO" KEYTYPE ="NOT A KEY" LENGTH ="5" LEVEL ="0" NAME ="YearQuarter" NULLABLE ="NULL" OCCURS ="0" OFFSET ="3103" PHYSICALLENGTH ="5" PHYSICALOFFSET ="3103" PICTURETEXT ="" PRECISION ="5" SCALE ="0" USAGE_FLAGS =""/>
        <SOURCEFIELD BUSINESSNAME ="" DATATYPE ="number" DESCRIPTION ="" FIELDNUMBER ="25" FIELDPROPERTY ="0" FIELDTYPE ="ELEMITEM" HIDDEN ="NO" KEYTYPE ="NOT A KEY" LENGTH ="7" LEVEL ="0" NAME ="YearWeekOfMonth" NULLABLE ="NULL" OCCURS ="0" OFFSET ="3108" PHYSICALLENGTH ="7" PHYSICALOFFSET ="3108" PICTURETEXT ="" PRECISION ="7" SCALE ="0" USAGE_FLAGS =""/>
        <SOURCEFIELD BUSINESSNAME ="" DATATYPE ="number" DESCRIPTION ="" FIELDNUMBER ="26" FIELDPROPERTY ="0" FIELDTYPE ="ELEMITEM" HIDDEN ="NO" KEYTYPE ="NOT A KEY" LENGTH ="6" LEVEL ="0" NAME ="YearWeekOfYear" NULLABLE ="NULL" OCCURS ="0" OFFSET ="3115" PHYSICALLENGTH ="6" PHYSICALOFFSET ="3115" PICTURETEXT ="" PRECISION ="6" SCALE ="0" USAGE_FLAGS =""/>
        <SOURCEFIELD BUSINESSNAME ="" DATATYPE ="number" DESCRIPTION ="" FIELDNUMBER ="27" FIELDPROPERTY ="0" FIELDTYPE ="ELEMITEM" HIDDEN ="NO" KEYTYPE ="NOT A KEY" LENGTH ="4" LEVEL ="0" NAME ="FiscalYear" NULLABLE ="NULL" OCCURS ="0" OFFSET ="3121" PHYSICALLENGTH ="4" PHYSICALOFFSET ="3121" PICTURETEXT ="" PRECISION ="4" SCALE ="0" USAGE_FLAGS =""/>
        <SOURCEFIELD BUSINESSNAME ="" DATATYPE ="number" DESCRIPTION ="" FIELDNUMBER ="28" FIELDPROPERTY ="0" FIELDTYPE ="ELEMITEM" HIDDEN ="NO" KEYTYPE ="NOT A KEY" LENGTH ="1" LEVEL ="0" NAME ="FiscalQuarter" NULLABLE ="NULL" OCCURS ="0" OFFSET ="3125" PHYSICALLENGTH ="1" PHYSICALOFFSET ="3125" PICTURETEXT ="" PRECISION ="1" SCALE ="0" USAGE_FLAGS =""/>
        <SOURCEFIELD BUSINESSNAME ="" DATATYPE ="string" DESCRIPTION ="" FIELDNUMBER ="29" FIELDPROPERTY ="0" FIELDTYPE ="ELEMITEM" HIDDEN ="NO" KEYTYPE ="NOT A KEY" LENGTH ="256" LEVEL ="0" NAME ="FiscalQuarterName" NULLABLE ="NULL" OCCURS ="0" OFFSET ="3126" PHYSICALLENGTH ="256" PHYSICALOFFSET ="3126" PICTURETEXT ="" PRECISION ="256" SCALE ="0" USAGE_FLAGS =""/>
        <SOURCEFIELD BUSINESSNAME ="" DATATYPE ="number" DESCRIPTION ="" FIELDNUMBER ="30" FIELDPROPERTY ="0" FIELDTYPE ="ELEMITEM" HIDDEN ="NO" KEYTYPE ="NOT A KEY" LENGTH ="5" LEVEL ="0" NAME ="FiscalYearQuarter" NULLABLE ="NULL" OCCURS ="0" OFFSET ="3382" PHYSICALLENGTH ="5" PHYSICALOFFSET ="3382" PICTURETEXT ="" PRECISION ="5" SCALE ="0" USAGE_FLAGS =""/>
        <SOURCEFIELD BUSINESSNAME ="" DATATYPE ="number" DESCRIPTION ="" FIELDNUMBER ="31" FIELDPROPERTY ="0" FIELDTYPE ="ELEMITEM" HIDDEN ="NO" KEYTYPE ="NOT A KEY" LENGTH ="2" LEVEL ="0" NAME ="FiscalPeriod" NULLABLE ="NULL" OCCURS ="0" OFFSET ="3387" PHYSICALLENGTH ="2" PHYSICALOFFSET ="3387" PICTURETEXT ="" PRECISION ="2" SCALE ="0" USAGE_FLAGS =""/>
        <SOURCEFIELD BUSINESSNAME ="" DATATYPE ="string" DESCRIPTION ="" FIELDNUMBER ="32" FIELDPROPERTY ="0" FIELDTYPE ="ELEMITEM" HIDDEN ="NO" KEYTYPE ="NOT A KEY" LENGTH ="256" LEVEL ="0" NAME ="FiscalPeriodName" NULLABLE ="NULL" OCCURS ="0" OFFSET ="3389" PHYSICALLENGTH ="256" PHYSICALOFFSET ="3389" PICTURETEXT ="" PRECISION ="256" SCALE ="0" USAGE_FLAGS =""/>
        <SOURCEFIELD BUSINESSNAME ="" DATATYPE ="number" DESCRIPTION ="" FIELDNUMBER ="33" FIELDPROPERTY ="0" FIELDTYPE ="ELEMITEM" HIDDEN ="NO" KEYTYPE ="NOT A KEY" LENGTH ="6" LEVEL ="0" NAME ="FiscalYearPeriod" NULLABLE ="NULL" OCCURS ="0" OFFSET ="3645" PHYSICALLENGTH ="6" PHYSICALOFFSET ="3645" PICTURETEXT ="" PRECISION ="6" SCALE ="0" USAGE_FLAGS =""/>
        <SOURCEFIELD BUSINESSNAME ="" DATATYPE ="number" DESCRIPTION ="" FIELDNUMBER ="34" FIELDPROPERTY ="0" FIELDTYPE ="ELEMITEM" HIDDEN ="NO" KEYTYPE ="NOT A KEY" LENGTH ="2" LEVEL ="0" NAME ="FiscalWeek" NULLABLE ="NULL" OCCURS ="0" OFFSET ="3651" PHYSICALLENGTH ="2" PHYSICALOFFSET ="3651" PICTURETEXT ="" PRECISION ="2" SCALE ="0" USAGE_FLAGS =""/>
        <SOURCEFIELD BUSINESSNAME ="" DATATYPE ="string" DESCRIPTION ="" FIELDNUMBER ="35" FIELDPROPERTY ="0" FIELDTYPE ="ELEMITEM" HIDDEN ="NO" KEYTYPE ="NOT A KEY" LENGTH ="256" LEVEL ="0" NAME ="FiscalWeekName" NULLABLE ="NULL" OCCURS ="0" OFFSET ="3653" PHYSICALLENGTH ="256" PHYSICALOFFSET ="3653" PICTURETEXT ="" PRECISION ="256" SCALE ="0" USAGE_FLAGS =""/>
        <SOURCEFIELD BUSINESSNAME ="" DATATYPE ="number" DESCRIPTION ="" FIELDNUMBER ="36" FIELDPROPERTY ="0" FIELDTYPE ="ELEMITEM" HIDDEN ="NO" KEYTYPE ="NOT A KEY" LENGTH ="6" LEVEL ="0" NAME ="FiscalYearWeek" NULLABLE ="NULL" OCCURS ="0" OFFSET ="3909" PHYSICALLENGTH ="6" PHYSICALOFFSET ="3909" PICTURETEXT ="" PRECISION ="6" SCALE ="0" USAGE_FLAGS =""/>
        <SOURCEFIELD BUSINESSNAME ="" DATATYPE ="number" DESCRIPTION ="" FIELDNUMBER ="37" FIELDPROPERTY ="0" FIELDTYPE ="ELEMITEM" HIDDEN ="NO" KEYTYPE ="NOT A KEY" LENGTH ="4" LEVEL ="0" NAME ="PayrollYear" NULLABLE ="NULL" OCCURS ="0" OFFSET ="3915" PHYSICALLENGTH ="4" PHYSICALOFFSET ="3915" PICTURETEXT ="" PRECISION ="4" SCALE ="0" USAGE_FLAGS =""/>
        <SOURCEFIELD BUSINESSNAME ="" DATATYPE ="number" DESCRIPTION ="" FIELDNUMBER ="38" FIELDPROPERTY ="0" FIELDTYPE ="ELEMITEM" HIDDEN ="NO" KEYTYPE ="NOT A KEY" LENGTH ="2" LEVEL ="0" NAME ="PayrollWeek" NULLABLE ="NULL" OCCURS ="0" OFFSET ="3919" PHYSICALLENGTH ="2" PHYSICALOFFSET ="3919" PICTURETEXT ="" PRECISION ="2" SCALE ="0" USAGE_FLAGS =""/>
        <SOURCEFIELD BUSINESSNAME ="" DATATYPE ="string" DESCRIPTION ="" FIELDNUMBER ="39" FIELDPROPERTY ="0" FIELDTYPE ="ELEMITEM" HIDDEN ="NO" KEYTYPE ="NOT A KEY" LENGTH ="256" LEVEL ="0" NAME ="PayrollWeekName" NULLABLE ="NULL" OCCURS ="0" OFFSET ="3921" PHYSICALLENGTH ="256" PHYSICALOFFSET ="3921" PICTURETEXT ="" PRECISION ="256" SCALE ="0" USAGE_FLAGS =""/>
        <SOURCEFIELD BUSINESSNAME ="" DATATYPE ="number" DESCRIPTION ="" FIELDNUMBER ="40" FIELDPROPERTY ="0" FIELDTYPE ="ELEMITEM" HIDDEN ="NO" KEYTYPE ="NOT A KEY" LENGTH ="6" LEVEL ="0" NAME ="PayrollYearWeek" NULLABLE ="NULL" OCCURS ="0" OFFSET ="4177" PHYSICALLENGTH ="6" PHYSICALOFFSET ="4177" PICTURETEXT ="" PRECISION ="6" SCALE ="0" USAGE_FLAGS =""/>
        <SOURCEFIELD BUSINESSNAME ="" DATATYPE ="number" DESCRIPTION ="" FIELDNUMBER ="41" FIELDPROPERTY ="0" FIELDTYPE ="ELEMITEM" HIDDEN ="NO" KEYTYPE ="NOT A KEY" LENGTH ="6" LEVEL ="0" NAME ="UpdateAuditKey" NULLABLE ="NULL" OCCURS ="0" OFFSET ="4183" PHYSICALLENGTH ="6" PHYSICALOFFSET ="4183" PICTURETEXT ="" PRECISION ="6" SCALE ="0" USAGE_FLAGS =""/>
    </SOURCE>
    <TARGET BUSINESSNAME ="" CONSTRAINT ="" DATABASETYPE ="Oracle" DESCRIPTION ="" NAME ="DIMDATE_846" OBJECTVERSION ="1" TABLEOPTIONS ="" VERSIONNUMBER ="1">
        <TARGETFIELD BUSINESSNAME ="" DATATYPE ="varchar2" DESCRIPTION ="" FIELDNUMBER ="1" KEYTYPE ="NOT A KEY" NAME ="DATEKEY" NULLABLE ="NOTNULL" PICTURETEXT ="" PRECISION ="26" SCALE ="0"/>
        <TARGETFIELD BUSINESSNAME ="" DATATYPE ="varchar2" DESCRIPTION ="" FIELDNUMBER ="2" KEYTYPE ="NOT A KEY" NAME ="D_DATE" NULLABLE ="NOTNULL" PICTURETEXT ="" PRECISION ="128" SCALE ="0"/>
        <TARGETFIELD BUSINESSNAME ="" DATATYPE ="varchar2" DESCRIPTION ="" FIELDNUMBER ="3" KEYTYPE ="NOT A KEY" NAME ="DAYOFMONTH" NULLABLE ="NULL" PICTURETEXT ="" PRECISION ="128" SCALE ="0"/>
        <TARGETFIELD BUSINESSNAME ="" DATATYPE ="varchar2" DESCRIPTION ="" FIELDNUMBER ="4" KEYTYPE ="NOT A KEY" NAME ="DAYNAME" NULLABLE ="NULL" PICTURETEXT ="" PRECISION ="128" SCALE ="0"/>
        <TARGETFIELD BUSINESSNAME ="" DATATYPE ="varchar2" DESCRIPTION ="" FIELDNUMBER ="5" KEYTYPE ="NOT A KEY" NAME ="DAYOFQUARTER" NULLABLE ="NULL" PICTURETEXT ="" PRECISION ="128" SCALE ="0"/>
        <TARGETFIELD BUSINESSNAME ="" DATATYPE ="varchar2" DESCRIPTION ="" FIELDNUMBER ="6" KEYTYPE ="NOT A KEY" NAME ="DAYOFYEAR" NULLABLE ="NULL" PICTURETEXT ="" PRECISION ="128" SCALE ="0"/>
        <TARGETFIELD BUSINESSNAME ="" DATATYPE ="varchar2" DESCRIPTION ="" FIELDNUMBER ="7" KEYTYPE ="NOT A KEY" NAME ="MONTH" NULLABLE ="NULL" PICTURETEXT ="" PRECISION ="128" SCALE ="0"/>
        <TARGETFIELD BUSINESSNAME ="" DATATYPE ="varchar2" DESCRIPTION ="" FIELDNUMBER ="8" KEYTYPE ="NOT A KEY" NAME ="MONTHNAME" NULLABLE ="NULL" PICTURETEXT ="" PRECISION ="128" SCALE ="0"/>
        <TARGETFIELD BUSINESSNAME ="" DATATYPE ="varchar2" DESCRIPTION ="" FIELDNUMBER ="9" KEYTYPE ="NOT A KEY" NAME ="MONTHOFQUARTER" NULLABLE ="NULL" PICTURETEXT ="" PRECISION ="128" SCALE ="0"/>
        <TARGETFIELD BUSINESSNAME ="" DATATYPE ="varchar2" DESCRIPTION ="" FIELDNUMBER ="10" KEYTYPE ="NOT A KEY" NAME ="QUARTER" NULLABLE ="NULL" PICTURETEXT ="" PRECISION ="128" SCALE ="0"/>
        <TARGETFIELD BUSINESSNAME ="" DATATYPE ="varchar2" DESCRIPTION ="" FIELDNUMBER ="11" KEYTYPE ="NOT A KEY" NAME ="QUARTERNAME" NULLABLE ="NULL" PICTURETEXT ="" PRECISION ="128" SCALE ="0"/>
        <TARGETFIELD BUSINESSNAME ="" DATATYPE ="varchar2" DESCRIPTION ="" FIELDNUMBER ="12" KEYTYPE ="NOT A KEY" NAME ="YEARNAME" NULLABLE ="NULL" PICTURETEXT ="" PRECISION ="128" SCALE ="0"/>
        <TARGETFIELD BUSINESSNAME ="" DATATYPE ="varchar2" DESCRIPTION ="" FIELDNUMBER ="13" KEYTYPE ="NOT A KEY" NAME ="MONTHYEAR" NULLABLE ="NULL" PICTURETEXT ="" PRECISION ="128" SCALE ="0"/>
    </TARGET>
    <MAPPING DESCRIPTION ="" ISVALID ="YES" NAME ="m_date_exp" OBJECTVERSION ="1" VERSIONNUMBER ="1">
        <TRANSFORMATION DESCRIPTION ="" NAME ="SQ_Datedimension" OBJECTVERSION ="1" REUSABLE ="NO" TYPE ="Source Qualifier" VERSIONNUMBER ="1">
            <TRANSFORMFIELD DATATYPE ="decimal" DEFAULTVALUE ="" DESCRIPTION ="" NAME ="DimDateKey" PICTURETEXT ="" PORTTYPE ="INPUT/OUTPUT" PRECISION ="8" SCALE ="0"/>
            <TRANSFORMFIELD DATATYPE ="string" DEFAULTVALUE ="" DESCRIPTION ="" NAME ="FullDate" PICTURETEXT ="" PORTTYPE ="INPUT/OUTPUT" PRECISION ="256" SCALE ="0"/>
            <TRANSFORMFIELD DATATYPE ="string" DEFAULTVALUE ="" DESCRIPTION ="" NAME ="DateName" PICTURETEXT ="" PORTTYPE ="INPUT/OUTPUT" PRECISION ="256" SCALE ="0"/>
            <TRANSFORMFIELD DATATYPE ="decimal" DEFAULTVALUE ="" DESCRIPTION ="" NAME ="DayOfWeek" PICTURETEXT ="" PORTTYPE ="INPUT/OUTPUT" PRECISION ="1" SCALE ="0"/>
            <TRANSFORMFIELD DATATYPE ="string" DEFAULTVALUE ="" DESCRIPTION ="" NAME ="DayNameAbbreviation" PICTURETEXT ="" PORTTYPE ="INPUT/OUTPUT" PRECISION ="256" SCALE ="0"/>
            <TRANSFORMFIELD DATATYPE ="string" DEFAULTVALUE ="" DESCRIPTION ="" NAME ="DayNameOfWeek" PICTURETEXT ="" PORTTYPE ="INPUT/OUTPUT" PRECISION ="256" SCALE ="0"/>
            <TRANSFORMFIELD DATATYPE ="decimal" DEFAULTVALUE ="" DESCRIPTION ="" NAME ="DayOfMonth" PICTURETEXT ="" PORTTYPE ="INPUT/OUTPUT" PRECISION ="2" SCALE ="0"/>
            <TRANSFORMFIELD DATATYPE ="decimal" DEFAULTVALUE ="" DESCRIPTION ="" NAME ="DayOfYear" PICTURETEXT ="" PORTTYPE ="INPUT/OUTPUT" PRECISION ="3" SCALE ="0"/>
            <TRANSFORMFIELD DATATYPE ="string" DEFAULTVALUE ="" DESCRIPTION ="" NAME ="WeekdayWeekend" PICTURETEXT ="" PORTTYPE ="INPUT/OUTPUT" PRECISION ="256" SCALE ="0"/>
            <TRANSFORMFIELD DATATYPE ="decimal" DEFAULTVALUE ="" DESCRIPTION ="" NAME ="WeekOfMonth" PICTURETEXT ="" PORTTYPE ="INPUT/OUTPUT" PRECISION ="1" SCALE ="0"/>
            <TRANSFORMFIELD DATATYPE ="string" DEFAULTVALUE ="" DESCRIPTION ="" NAME ="WeekOfMonthName" PICTURETEXT ="" PORTTYPE ="INPUT/OUTPUT" PRECISION ="256" SCALE ="0"/>
            <TRANSFORMFIELD DATATYPE ="decimal" DEFAULTVALUE ="" DESCRIPTION ="" NAME ="WeekOfMonthSPOT" PICTURETEXT ="" PORTTYPE ="INPUT/OUTPUT" PRECISION ="1" SCALE ="0"/>
            <TRANSFORMFIELD DATATYPE ="string" DEFAULTVALUE ="" DESCRIPTION ="" NAME ="WeekOfMonthSPOTName" PICTURETEXT ="" PORTTYPE ="INPUT/OUTPUT" PRECISION ="256" SCALE ="0"/>
            <TRANSFORMFIELD DATATYPE ="decimal" DEFAULTVALUE ="" DESCRIPTION ="" NAME ="WeekOfYear" PICTURETEXT ="" PORTTYPE ="INPUT/OUTPUT" PRECISION ="2" SCALE ="0"/>
            <TRANSFORMFIELD DATATYPE ="string" DEFAULTVALUE ="" DESCRIPTION ="" NAME ="WeekOfYearName" PICTURETEXT ="" PORTTYPE ="INPUT/OUTPUT" PRECISION ="256" SCALE ="0"/>
            <TRANSFORMFIELD DATATYPE ="string" DEFAULTVALUE ="" DESCRIPTION ="" NAME ="MonthName" PICTURETEXT ="" PORTTYPE ="INPUT/OUTPUT" PRECISION ="256" SCALE ="0"/>
            <TRANSFORMFIELD DATATYPE ="string" DEFAULTVALUE ="" DESCRIPTION ="" NAME ="MonthAbbreviation" PICTURETEXT ="" PORTTYPE ="INPUT/OUTPUT" PRECISION ="256" SCALE ="0"/>
            <TRANSFORMFIELD DATATYPE ="decimal" DEFAULTVALUE ="" DESCRIPTION ="" NAME ="MonthOfYear" PICTURETEXT ="" PORTTYPE ="INPUT/OUTPUT" PRECISION ="2" SCALE ="0"/>
            <TRANSFORMFIELD DATATYPE ="string" DEFAULTVALUE ="" DESCRIPTION ="" NAME ="IsLastDayOfMonth" PICTURETEXT ="" PORTTYPE ="INPUT/OUTPUT" PRECISION ="256" SCALE ="0"/>
            <TRANSFORMFIELD DATATYPE ="decimal" DEFAULTVALUE ="" DESCRIPTION ="" NAME ="Quarter" PICTURETEXT ="" PORTTYPE ="INPUT/OUTPUT" PRECISION ="1" SCALE ="0"/>
            <TRANSFORMFIELD DATATYPE ="string" DEFAULTVALUE ="" DESCRIPTION ="" NAME ="QuarterName" PICTURETEXT ="" PORTTYPE ="INPUT/OUTPUT" PRECISION ="256" SCALE ="0"/>
            <TRANSFORMFIELD DATATYPE ="decimal" DEFAULTVALUE ="" DESCRIPTION ="" NAME ="Year" PICTURETEXT ="" PORTTYPE ="INPUT/OUTPUT" PRECISION ="4" SCALE ="0"/>
            <TRANSFORMFIELD DATATYPE ="decimal" DEFAULTVALUE ="" DESCRIPTION ="" NAME ="YearMonth" PICTURETEXT ="" PORTTYPE ="INPUT/OUTPUT" PRECISION ="6" SCALE ="0"/>
            <TRANSFORMFIELD DATATYPE ="decimal" DEFAULTVALUE ="" DESCRIPTION ="" NAME ="YearQuarter" PICTURETEXT ="" PORTTYPE ="INPUT/OUTPUT" PRECISION ="5" SCALE ="0"/>
            <TRANSFORMFIELD DATATYPE ="decimal" DEFAULTVALUE ="" DESCRIPTION ="" NAME ="YearWeekOfMonth" PICTURETEXT ="" PORTTYPE ="INPUT/OUTPUT" PRECISION ="7" SCALE ="0"/>
            <TRANSFORMFIELD DATATYPE ="decimal" DEFAULTVALUE ="" DESCRIPTION ="" NAME ="YearWeekOfYear" PICTURETEXT ="" PORTTYPE ="INPUT/OUTPUT" PRECISION ="6" SCALE ="0"/>
            <TRANSFORMFIELD DATATYPE ="decimal" DEFAULTVALUE ="" DESCRIPTION ="" NAME ="FiscalYear" PICTURETEXT ="" PORTTYPE ="INPUT/OUTPUT" PRECISION ="4" SCALE ="0"/>
            <TRANSFORMFIELD DATATYPE ="decimal" DEFAULTVALUE ="" DESCRIPTION ="" NAME ="FiscalQuarter" PICTURETEXT ="" PORTTYPE ="INPUT/OUTPUT" PRECISION ="1" SCALE ="0"/>
            <TRANSFORMFIELD DATATYPE ="string" DEFAULTVALUE ="" DESCRIPTION ="" NAME ="FiscalQuarterName" PICTURETEXT ="" PORTTYPE ="INPUT/OUTPUT" PRECISION ="256" SCALE ="0"/>
            <TRANSFORMFIELD DATATYPE ="decimal" DEFAULTVALUE ="" DESCRIPTION ="" NAME ="FiscalYearQuarter" PICTURETEXT ="" PORTTYPE ="INPUT/OUTPUT" PRECISION ="5" SCALE ="0"/>
            <TRANSFORMFIELD DATATYPE ="decimal" DEFAULTVALUE ="" DESCRIPTION ="" NAME ="FiscalPeriod" PICTURETEXT ="" PORTTYPE ="INPUT/OUTPUT" PRECISION ="2" SCALE ="0"/>
            <TRANSFORMFIELD DATATYPE ="string" DEFAULTVALUE ="" DESCRIPTION ="" NAME ="FiscalPeriodName" PICTURETEXT ="" PORTTYPE ="INPUT/OUTPUT" PRECISION ="256" SCALE ="0"/>
            <TRANSFORMFIELD DATATYPE ="decimal" DEFAULTVALUE ="" DESCRIPTION ="" NAME ="FiscalYearPeriod" PICTURETEXT ="" PORTTYPE ="INPUT/OUTPUT" PRECISION ="6" SCALE ="0"/>
            <TRANSFORMFIELD DATATYPE ="decimal" DEFAULTVALUE ="" DESCRIPTION ="" NAME ="FiscalWeek" PICTURETEXT ="" PORTTYPE ="INPUT/OUTPUT" PRECISION ="2" SCALE ="0"/>
            <TRANSFORMFIELD DATATYPE ="string" DEFAULTVALUE ="" DESCRIPTION ="" NAME ="FiscalWeekName" PICTURETEXT ="" PORTTYPE ="INPUT/OUTPUT" PRECISION ="256" SCALE ="0"/>
            <TRANSFORMFIELD DATATYPE ="decimal" DEFAULTVALUE ="" DESCRIPTION ="" NAME ="FiscalYearWeek" PICTURETEXT ="" PORTTYPE ="INPUT/OUTPUT" PRECISION ="6" SCALE ="0"/>
            <TRANSFORMFIELD DATATYPE ="decimal" DEFAULTVALUE ="" DESCRIPTION ="" NAME ="PayrollYear" PICTURETEXT ="" PORTTYPE ="INPUT/OUTPUT" PRECISION ="4" SCALE ="0"/>
            <TRANSFORMFIELD DATATYPE ="decimal" DEFAULTVALUE ="" DESCRIPTION ="" NAME ="PayrollWeek" PICTURETEXT ="" PORTTYPE ="INPUT/OUTPUT" PRECISION ="2" SCALE ="0"/>
            <TRANSFORMFIELD DATATYPE ="string" DEFAULTVALUE ="" DESCRIPTION ="" NAME ="PayrollWeekName" PICTURETEXT ="" PORTTYPE ="INPUT/OUTPUT" PRECISION ="256" SCALE ="0"/>
            <TRANSFORMFIELD DATATYPE ="decimal" DEFAULTVALUE ="" DESCRIPTION ="" NAME ="PayrollYearWeek" PICTURETEXT ="" PORTTYPE ="INPUT/OUTPUT" PRECISION ="6" SCALE ="0"/>
            <TRANSFORMFIELD DATATYPE ="decimal" DEFAULTVALUE ="" DESCRIPTION ="" NAME ="UpdateAuditKey" PICTURETEXT ="" PORTTYPE ="INPUT/OUTPUT" PRECISION ="6" SCALE ="0"/>
            <TABLEATTRIBUTE NAME ="Sql Query" VALUE =""/>
            <TABLEATTRIBUTE NAME ="User Defined Join" VALUE =""/>
            <TABLEATTRIBUTE NAME ="Source Filter" VALUE =""/>
            <TABLEATTRIBUTE NAME ="Number Of Sorted Ports" VALUE ="0"/>
            <TABLEATTRIBUTE NAME ="Tracing Level" VALUE ="Normal"/>
            <TABLEATTRIBUTE NAME ="Select Distinct" VALUE ="NO"/>
            <TABLEATTRIBUTE NAME ="Is Partitionable" VALUE ="NO"/>
            <TABLEATTRIBUTE NAME ="Pre SQL" VALUE =""/>
            <TABLEATTRIBUTE NAME ="Post SQL" VALUE =""/>
            <TABLEATTRIBUTE NAME ="Output is deterministic" VALUE ="NO"/>
            <TABLEATTRIBUTE NAME ="Output is repeatable" VALUE ="Never"/>
        </TRANSFORMATION>
        <TRANSFORMATION DESCRIPTION ="" NAME ="EXPTRANS" OBJECTVERSION ="1" REUSABLE ="NO" TYPE ="Expression" VERSIONNUMBER ="1">
            <TRANSFORMFIELD DATATYPE ="decimal" DEFAULTVALUE ="" DESCRIPTION ="" EXPRESSION ="DimDateKey" EXPRESSIONTYPE ="GENERAL" NAME ="DimDateKey" PICTURETEXT ="" PORTTYPE ="INPUT/OUTPUT" PRECISION ="8" SCALE ="0"/>
            <TRANSFORMFIELD DATATYPE ="decimal" DEFAULTVALUE ="" DESCRIPTION ="" EXPRESSION ="DayOfMonth" EXPRESSIONTYPE ="GENERAL" NAME ="DayOfMonth" PICTURETEXT ="" PORTTYPE ="INPUT/OUTPUT" PRECISION ="2" SCALE ="0"/>
            <TRANSFORMFIELD DATATYPE ="decimal" DEFAULTVALUE ="" DESCRIPTION ="" EXPRESSION ="DayOfYear" EXPRESSIONTYPE ="GENERAL" NAME ="DayOfYear" PICTURETEXT ="" PORTTYPE ="INPUT/OUTPUT" PRECISION ="3" SCALE ="0"/>
            <TRANSFORMFIELD DATATYPE ="decimal" DEFAULTVALUE ="" DESCRIPTION ="" EXPRESSION ="Quarter" EXPRESSIONTYPE ="GENERAL" NAME ="Quarter" PICTURETEXT ="" PORTTYPE ="INPUT/OUTPUT" PRECISION ="1" SCALE ="0"/>
            <TRANSFORMFIELD DATATYPE ="string" DEFAULTVALUE ="" DESCRIPTION ="" EXPRESSION ="QuarterName" EXPRESSIONTYPE ="GENERAL" NAME ="QuarterName" PICTURETEXT ="" PORTTYPE ="INPUT/OUTPUT" PRECISION ="256" SCALE ="0"/>
            <TRANSFORMFIELD DATATYPE ="string" DEFAULTVALUE ="" DESCRIPTION ="" EXPRESSION ="DayNameAbbreviation" EXPRESSIONTYPE ="GENERAL" NAME ="DayNameAbbreviation" PICTURETEXT ="" PORTTYPE ="INPUT/OUTPUT" PRECISION ="256" SCALE ="0"/>
            <TRANSFORMFIELD DATATYPE ="string" DEFAULTVALUE ="" DESCRIPTION ="" EXPRESSION ="FullDate" EXPRESSIONTYPE ="GENERAL" NAME ="FullDate" PICTURETEXT ="" PORTTYPE ="INPUT/OUTPUT" PRECISION ="256" SCALE ="0"/>
            <TRANSFORMFIELD DATATYPE ="decimal" DEFAULTVALUE ="" DESCRIPTION ="" EXPRESSION ="FiscalQuarter" EXPRESSIONTYPE ="GENERAL" NAME ="FiscalQuarter" PICTURETEXT ="" PORTTYPE ="INPUT/OUTPUT" PRECISION ="1" SCALE ="0"/>
            <TRANSFORMFIELD DATATYPE ="decimal" DEFAULTVALUE ="" DESCRIPTION ="" EXPRESSION ="FiscalYearQuarter" EXPRESSIONTYPE ="GENERAL" NAME ="FiscalYearQuarter" PICTURETEXT ="" PORTTYPE ="INPUT/OUTPUT" PRECISION ="5" SCALE ="0"/>
            <TRANSFORMFIELD DATATYPE ="string" DEFAULTVALUE ="" DESCRIPTION ="" EXPRESSION ="MonthName" EXPRESSIONTYPE ="GENERAL" NAME ="MonthName" PICTURETEXT ="" PORTTYPE ="INPUT/OUTPUT" PRECISION ="256" SCALE ="0"/>
            <TRANSFORMFIELD DATATYPE ="decimal" DEFAULTVALUE ="" DESCRIPTION ="" EXPRESSION ="MonthOfYear" EXPRESSIONTYPE ="GENERAL" NAME ="MonthOfYear" PICTURETEXT ="" PORTTYPE ="INPUT/OUTPUT" PRECISION ="2" SCALE ="0"/>
            <TRANSFORMFIELD DATATYPE ="decimal" DEFAULTVALUE ="" DESCRIPTION ="" EXPRESSION ="Year" EXPRESSIONTYPE ="GENERAL" NAME ="Year" PICTURETEXT ="" PORTTYPE ="INPUT/OUTPUT" PRECISION ="4" SCALE ="0"/>
            <TRANSFORMFIELD DATATYPE ="decimal" DEFAULTVALUE ="" DESCRIPTION ="" EXPRESSION ="YearMonth" EXPRESSIONTYPE ="GENERAL" NAME ="YearMonth" PICTURETEXT ="" PORTTYPE ="INPUT/OUTPUT" PRECISION ="6" SCALE ="0"/>
            <TRANSFORMFIELD DATATYPE ="decimal" DEFAULTVALUE ="" DESCRIPTION ="" EXPRESSION ="YearQuarter" EXPRESSIONTYPE ="GENERAL" NAME ="YearQuarter" PICTURETEXT ="" PORTTYPE ="INPUT/OUTPUT" PRECISION ="5" SCALE ="0"/>
            <TRANSFORMFIELD DATATYPE ="integer" DEFAULTVALUE ="ERROR(&apos;transformation error&apos;)" DESCRIPTION ="" EXPRESSION ="DayOfMonth * 4" EXPRESSIONTYPE ="GENERAL" NAME ="DAYOFQUARTER" PICTURETEXT ="" PORTTYPE ="OUTPUT" PRECISION ="10" SCALE ="0"/>
            <TABLEATTRIBUTE NAME ="Tracing Level" VALUE ="Normal"/>
        </TRANSFORMATION>
        <INSTANCE DESCRIPTION ="" NAME ="DIMDATE_846" TRANSFORMATION_NAME ="DIMDATE_846" TRANSFORMATION_TYPE ="Target Definition" TYPE ="TARGET"/>
        <INSTANCE DBDNAME ="FlatFile" DESCRIPTION ="" NAME ="Datedimension" TRANSFORMATION_NAME ="Datedimension" TRANSFORMATION_TYPE ="Source Definition" TYPE ="SOURCE"/>
        <INSTANCE DESCRIPTION ="" NAME ="SQ_Datedimension" REUSABLE ="NO" TRANSFORMATION_NAME ="SQ_Datedimension" TRANSFORMATION_TYPE ="Source Qualifier" TYPE ="TRANSFORMATION">
            <ASSOCIATED_SOURCE_INSTANCE NAME ="Datedimension"/>
        </INSTANCE>
        <INSTANCE DESCRIPTION ="" NAME ="EXPTRANS" REUSABLE ="NO" TRANSFORMATION_NAME ="EXPTRANS" TRANSFORMATION_TYPE ="Expression" TYPE ="TRANSFORMATION"/>
        <CONNECTOR FROMFIELD ="DimDateKey" FROMINSTANCE ="EXPTRANS" FROMINSTANCETYPE ="Expression" TOFIELD ="DATEKEY" TOINSTANCE ="DIMDATE_846" TOINSTANCETYPE ="Target Definition"/>
        <CONNECTOR FROMFIELD ="DayOfMonth" FROMINSTANCE ="EXPTRANS" FROMINSTANCETYPE ="Expression" TOFIELD ="DAYOFMONTH" TOINSTANCE ="DIMDATE_846" TOINSTANCETYPE ="Target Definition"/>
        <CONNECTOR FROMFIELD ="DayOfYear" FROMINSTANCE ="EXPTRANS" FROMINSTANCETYPE ="Expression" TOFIELD ="DAYOFYEAR" TOINSTANCE ="DIMDATE_846" TOINSTANCETYPE ="Target Definition"/>
        <CONNECTOR FROMFIELD ="Quarter" FROMINSTANCE ="EXPTRANS" FROMINSTANCETYPE ="Expression" TOFIELD ="QUARTER" TOINSTANCE ="DIMDATE_846" TOINSTANCETYPE ="Target Definition"/>
        <CONNECTOR FROMFIELD ="QuarterName" FROMINSTANCE ="EXPTRANS" FROMINSTANCETYPE ="Expression" TOFIELD ="QUARTERNAME" TOINSTANCE ="DIMDATE_846" TOINSTANCETYPE ="Target Definition"/>
        <CONNECTOR FROMFIELD ="DayNameAbbreviation" FROMINSTANCE ="EXPTRANS" FROMINSTANCETYPE ="Expression" TOFIELD ="DAYNAME" TOINSTANCE ="DIMDATE_846" TOINSTANCETYPE ="Target Definition"/>
        <CONNECTOR FROMFIELD ="FullDate" FROMINSTANCE ="EXPTRANS" FROMINSTANCETYPE ="Expression" TOFIELD ="D_DATE" TOINSTANCE ="DIMDATE_846" TOINSTANCETYPE ="Target Definition"/>
        <CONNECTOR FROMFIELD ="MonthName" FROMINSTANCE ="EXPTRANS" FROMINSTANCETYPE ="Expression" TOFIELD ="MONTHNAME" TOINSTANCE ="DIMDATE_846" TOINSTANCETYPE ="Target Definition"/>
        <CONNECTOR FROMFIELD ="MonthOfYear" FROMINSTANCE ="EXPTRANS" FROMINSTANCETYPE ="Expression" TOFIELD ="MONTH" TOINSTANCE ="DIMDATE_846" TOINSTANCETYPE ="Target Definition"/>
        <CONNECTOR FROMFIELD ="Year" FROMINSTANCE ="EXPTRANS" FROMINSTANCETYPE ="Expression" TOFIELD ="YEARNAME" TOINSTANCE ="DIMDATE_846" TOINSTANCETYPE ="Target Definition"/>
        <CONNECTOR FROMFIELD ="YearMonth" FROMINSTANCE ="EXPTRANS" FROMINSTANCETYPE ="Expression" TOFIELD ="MONTHYEAR" TOINSTANCE ="DIMDATE_846" TOINSTANCETYPE ="Target Definition"/>
        <CONNECTOR FROMFIELD ="FiscalYearQuarter" FROMINSTANCE ="EXPTRANS" FROMINSTANCETYPE ="Expression" TOFIELD ="MONTHOFQUARTER" TOINSTANCE ="DIMDATE_846" TOINSTANCETYPE ="Target Definition"/>
        <CONNECTOR FROMFIELD ="DAYOFQUARTER" FROMINSTANCE ="EXPTRANS" FROMINSTANCETYPE ="Expression" TOFIELD ="DAYOFQUARTER" TOINSTANCE ="DIMDATE_846" TOINSTANCETYPE ="Target Definition"/>
        <CONNECTOR FROMFIELD ="DimDateKey" FROMINSTANCE ="Datedimension" FROMINSTANCETYPE ="Source Definition" TOFIELD ="DimDateKey" TOINSTANCE ="SQ_Datedimension" TOINSTANCETYPE ="Source Qualifier"/>
        <CONNECTOR FROMFIELD ="FullDate" FROMINSTANCE ="Datedimension" FROMINSTANCETYPE ="Source Definition" TOFIELD ="FullDate" TOINSTANCE ="SQ_Datedimension" TOINSTANCETYPE ="Source Qualifier"/>
        <CONNECTOR FROMFIELD ="DateName" FROMINSTANCE ="Datedimension" FROMINSTANCETYPE ="Source Definition" TOFIELD ="DateName" TOINSTANCE ="SQ_Datedimension" TOINSTANCETYPE ="Source Qualifier"/>
        <CONNECTOR FROMFIELD ="DayOfWeek" FROMINSTANCE ="Datedimension" FROMINSTANCETYPE ="Source Definition" TOFIELD ="DayOfWeek" TOINSTANCE ="SQ_Datedimension" TOINSTANCETYPE ="Source Qualifier"/>
        <CONNECTOR FROMFIELD ="DayNameAbbreviation" FROMINSTANCE ="Datedimension" FROMINSTANCETYPE ="Source Definition" TOFIELD ="DayNameAbbreviation" TOINSTANCE ="SQ_Datedimension" TOINSTANCETYPE ="Source Qualifier"/>
        <CONNECTOR FROMFIELD ="DayNameOfWeek" FROMINSTANCE ="Datedimension" FROMINSTANCETYPE ="Source Definition" TOFIELD ="DayNameOfWeek" TOINSTANCE ="SQ_Datedimension" TOINSTANCETYPE ="Source Qualifier"/>
        <CONNECTOR FROMFIELD ="DayOfMonth" FROMINSTANCE ="Datedimension" FROMINSTANCETYPE ="Source Definition" TOFIELD ="DayOfMonth" TOINSTANCE ="SQ_Datedimension" TOINSTANCETYPE ="Source Qualifier"/>
        <CONNECTOR FROMFIELD ="DayOfYear" FROMINSTANCE ="Datedimension" FROMINSTANCETYPE ="Source Definition" TOFIELD ="DayOfYear" TOINSTANCE ="SQ_Datedimension" TOINSTANCETYPE ="Source Qualifier"/>
        <CONNECTOR FROMFIELD ="WeekdayWeekend" FROMINSTANCE ="Datedimension" FROMINSTANCETYPE ="Source Definition" TOFIELD ="WeekdayWeekend" TOINSTANCE ="SQ_Datedimension" TOINSTANCETYPE ="Source Qualifier"/>
        <CONNECTOR FROMFIELD ="WeekOfMonth" FROMINSTANCE ="Datedimension" FROMINSTANCETYPE ="Source Definition" TOFIELD ="WeekOfMonth" TOINSTANCE ="SQ_Datedimension" TOINSTANCETYPE ="Source Qualifier"/>
        <CONNECTOR FROMFIELD ="WeekOfMonthName" FROMINSTANCE ="Datedimension" FROMINSTANCETYPE ="Source Definition" TOFIELD ="WeekOfMonthName" TOINSTANCE ="SQ_Datedimension" TOINSTANCETYPE ="Source Qualifier"/>
        <CONNECTOR FROMFIELD ="WeekOfMonthSPOT" FROMINSTANCE ="Datedimension" FROMINSTANCETYPE ="Source Definition" TOFIELD ="WeekOfMonthSPOT" TOINSTANCE ="SQ_Datedimension" TOINSTANCETYPE ="Source Qualifier"/>
        <CONNECTOR FROMFIELD ="WeekOfMonthSPOTName" FROMINSTANCE ="Datedimension" FROMINSTANCETYPE ="Source Definition" TOFIELD ="WeekOfMonthSPOTName" TOINSTANCE ="SQ_Datedimension" TOINSTANCETYPE ="Source Qualifier"/>
        <CONNECTOR FROMFIELD ="WeekOfYear" FROMINSTANCE ="Datedimension" FROMINSTANCETYPE ="Source Definition" TOFIELD ="WeekOfYear" TOINSTANCE ="SQ_Datedimension" TOINSTANCETYPE ="Source Qualifier"/>
        <CONNECTOR FROMFIELD ="WeekOfYearName" FROMINSTANCE ="Datedimension" FROMINSTANCETYPE ="Source Definition" TOFIELD ="WeekOfYearName" TOINSTANCE ="SQ_Datedimension" TOINSTANCETYPE ="Source Qualifier"/>
        <CONNECTOR FROMFIELD ="MonthName" FROMINSTANCE ="Datedimension" FROMINSTANCETYPE ="Source Definition" TOFIELD ="MonthName" TOINSTANCE ="SQ_Datedimension" TOINSTANCETYPE ="Source Qualifier"/>
        <CONNECTOR FROMFIELD ="MonthAbbreviation" FROMINSTANCE ="Datedimension" FROMINSTANCETYPE ="Source Definition" TOFIELD ="MonthAbbreviation" TOINSTANCE ="SQ_Datedimension" TOINSTANCETYPE ="Source Qualifier"/>
        <CONNECTOR FROMFIELD ="MonthOfYear" FROMINSTANCE ="Datedimension" FROMINSTANCETYPE ="Source Definition" TOFIELD ="MonthOfYear" TOINSTANCE ="SQ_Datedimension" TOINSTANCETYPE ="Source Qualifier"/>
        <CONNECTOR FROMFIELD ="IsLastDayOfMonth" FROMINSTANCE ="Datedimension" FROMINSTANCETYPE ="Source Definition" TOFIELD ="IsLastDayOfMonth" TOINSTANCE ="SQ_Datedimension" TOINSTANCETYPE ="Source Qualifier"/>
        <CONNECTOR FROMFIELD ="Quarter" FROMINSTANCE ="Datedimension" FROMINSTANCETYPE ="Source Definition" TOFIELD ="Quarter" TOINSTANCE ="SQ_Datedimension" TOINSTANCETYPE ="Source Qualifier"/>
        <CONNECTOR FROMFIELD ="QuarterName" FROMINSTANCE ="Datedimension" FROMINSTANCETYPE ="Source Definition" TOFIELD ="QuarterName" TOINSTANCE ="SQ_Datedimension" TOINSTANCETYPE ="Source Qualifier"/>
        <CONNECTOR FROMFIELD ="Year" FROMINSTANCE ="Datedimension" FROMINSTANCETYPE ="Source Definition" TOFIELD ="Year" TOINSTANCE ="SQ_Datedimension" TOINSTANCETYPE ="Source Qualifier"/>
        <CONNECTOR FROMFIELD ="YearMonth" FROMINSTANCE ="Datedimension" FROMINSTANCETYPE ="Source Definition" TOFIELD ="YearMonth" TOINSTANCE ="SQ_Datedimension" TOINSTANCETYPE ="Source Qualifier"/>
        <CONNECTOR FROMFIELD ="YearQuarter" FROMINSTANCE ="Datedimension" FROMINSTANCETYPE ="Source Definition" TOFIELD ="YearQuarter" TOINSTANCE ="SQ_Datedimension" TOINSTANCETYPE ="Source Qualifier"/>
        <CONNECTOR FROMFIELD ="YearWeekOfMonth" FROMINSTANCE ="Datedimension" FROMINSTANCETYPE ="Source Definition" TOFIELD ="YearWeekOfMonth" TOINSTANCE ="SQ_Datedimension" TOINSTANCETYPE ="Source Qualifier"/>
        <CONNECTOR FROMFIELD ="YearWeekOfYear" FROMINSTANCE ="Datedimension" FROMINSTANCETYPE ="Source Definition" TOFIELD ="YearWeekOfYear" TOINSTANCE ="SQ_Datedimension" TOINSTANCETYPE ="Source Qualifier"/>
        <CONNECTOR FROMFIELD ="FiscalYear" FROMINSTANCE ="Datedimension" FROMINSTANCETYPE ="Source Definition" TOFIELD ="FiscalYear" TOINSTANCE ="SQ_Datedimension" TOINSTANCETYPE ="Source Qualifier"/>
        <CONNECTOR FROMFIELD ="FiscalQuarter" FROMINSTANCE ="Datedimension" FROMINSTANCETYPE ="Source Definition" TOFIELD ="FiscalQuarter" TOINSTANCE ="SQ_Datedimension" TOINSTANCETYPE ="Source Qualifier"/>
        <CONNECTOR FROMFIELD ="FiscalQuarterName" FROMINSTANCE ="Datedimension" FROMINSTANCETYPE ="Source Definition" TOFIELD ="FiscalQuarterName" TOINSTANCE ="SQ_Datedimension" TOINSTANCETYPE ="Source Qualifier"/>
        <CONNECTOR FROMFIELD ="FiscalYearQuarter" FROMINSTANCE ="Datedimension" FROMINSTANCETYPE ="Source Definition" TOFIELD ="FiscalYearQuarter" TOINSTANCE ="SQ_Datedimension" TOINSTANCETYPE ="Source Qualifier"/>
        <CONNECTOR FROMFIELD ="FiscalPeriod" FROMINSTANCE ="Datedimension" FROMINSTANCETYPE ="Source Definition" TOFIELD ="FiscalPeriod" TOINSTANCE ="SQ_Datedimension" TOINSTANCETYPE ="Source Qualifier"/>
        <CONNECTOR FROMFIELD ="FiscalPeriodName" FROMINSTANCE ="Datedimension" FROMINSTANCETYPE ="Source Definition" TOFIELD ="FiscalPeriodName" TOINSTANCE ="SQ_Datedimension" TOINSTANCETYPE ="Source Qualifier"/>
        <CONNECTOR FROMFIELD ="FiscalYearPeriod" FROMINSTANCE ="Datedimension" FROMINSTANCETYPE ="Source Definition" TOFIELD ="FiscalYearPeriod" TOINSTANCE ="SQ_Datedimension" TOINSTANCETYPE ="Source Qualifier"/>
        <CONNECTOR FROMFIELD ="FiscalWeek" FROMINSTANCE ="Datedimension" FROMINSTANCETYPE ="Source Definition" TOFIELD ="FiscalWeek" TOINSTANCE ="SQ_Datedimension" TOINSTANCETYPE ="Source Qualifier"/>
        <CONNECTOR FROMFIELD ="FiscalWeekName" FROMINSTANCE ="Datedimension" FROMINSTANCETYPE ="Source Definition" TOFIELD ="FiscalWeekName" TOINSTANCE ="SQ_Datedimension" TOINSTANCETYPE ="Source Qualifier"/>
        <CONNECTOR FROMFIELD ="FiscalYearWeek" FROMINSTANCE ="Datedimension" FROMINSTANCETYPE ="Source Definition" TOFIELD ="FiscalYearWeek" TOINSTANCE ="SQ_Datedimension" TOINSTANCETYPE ="Source Qualifier"/>
        <CONNECTOR FROMFIELD ="PayrollYear" FROMINSTANCE ="Datedimension" FROMINSTANCETYPE ="Source Definition" TOFIELD ="PayrollYear" TOINSTANCE ="SQ_Datedimension" TOINSTANCETYPE ="Source Qualifier"/>
        <CONNECTOR FROMFIELD ="PayrollWeek" FROMINSTANCE ="Datedimension" FROMINSTANCETYPE ="Source Definition" TOFIELD ="PayrollWeek" TOINSTANCE ="SQ_Datedimension" TOINSTANCETYPE ="Source Qualifier"/>
        <CONNECTOR FROMFIELD ="PayrollWeekName" FROMINSTANCE ="Datedimension" FROMINSTANCETYPE ="Source Definition" TOFIELD ="PayrollWeekName" TOINSTANCE ="SQ_Datedimension" TOINSTANCETYPE ="Source Qualifier"/>
        <CONNECTOR FROMFIELD ="PayrollYearWeek" FROMINSTANCE ="Datedimension" FROMINSTANCETYPE ="Source Definition" TOFIELD ="PayrollYearWeek" TOINSTANCE ="SQ_Datedimension" TOINSTANCETYPE ="Source Qualifier"/>
        <CONNECTOR FROMFIELD ="UpdateAuditKey" FROMINSTANCE ="Datedimension" FROMINSTANCETYPE ="Source Definition" TOFIELD ="UpdateAuditKey" TOINSTANCE ="SQ_Datedimension" TOINSTANCETYPE ="Source Qualifier"/>
        <CONNECTOR FROMFIELD ="DimDateKey" FROMINSTANCE ="SQ_Datedimension" FROMINSTANCETYPE ="Source Qualifier" TOFIELD ="DimDateKey" TOINSTANCE ="EXPTRANS" TOINSTANCETYPE ="Expression"/>
        <CONNECTOR FROMFIELD ="DayOfMonth" FROMINSTANCE ="SQ_Datedimension" FROMINSTANCETYPE ="Source Qualifier" TOFIELD ="DayOfMonth" TOINSTANCE ="EXPTRANS" TOINSTANCETYPE ="Expression"/>
        <CONNECTOR FROMFIELD ="DayOfYear" FROMINSTANCE ="SQ_Datedimension" FROMINSTANCETYPE ="Source Qualifier" TOFIELD ="DayOfYear" TOINSTANCE ="EXPTRANS" TOINSTANCETYPE ="Expression"/>
        <CONNECTOR FROMFIELD ="Quarter" FROMINSTANCE ="SQ_Datedimension" FROMINSTANCETYPE ="Source Qualifier" TOFIELD ="Quarter" TOINSTANCE ="EXPTRANS" TOINSTANCETYPE ="Expression"/>
        <CONNECTOR FROMFIELD ="QuarterName" FROMINSTANCE ="SQ_Datedimension" FROMINSTANCETYPE ="Source Qualifier" TOFIELD ="QuarterName" TOINSTANCE ="EXPTRANS" TOINSTANCETYPE ="Expression"/>
        <CONNECTOR FROMFIELD ="DayNameAbbreviation" FROMINSTANCE ="SQ_Datedimension" FROMINSTANCETYPE ="Source Qualifier" TOFIELD ="DayNameAbbreviation" TOINSTANCE ="EXPTRANS" TOINSTANCETYPE ="Expression"/>
        <CONNECTOR FROMFIELD ="FullDate" FROMINSTANCE ="SQ_Datedimension" FROMINSTANCETYPE ="Source Qualifier" TOFIELD ="FullDate" TOINSTANCE ="EXPTRANS" TOINSTANCETYPE ="Expression"/>
        <CONNECTOR FROMFIELD ="FiscalQuarter" FROMINSTANCE ="SQ_Datedimension" FROMINSTANCETYPE ="Source Qualifier" TOFIELD ="FiscalQuarter" TOINSTANCE ="EXPTRANS" TOINSTANCETYPE ="Expression"/>
        <CONNECTOR FROMFIELD ="FiscalYearQuarter" FROMINSTANCE ="SQ_Datedimension" FROMINSTANCETYPE ="Source Qualifier" TOFIELD ="FiscalYearQuarter" TOINSTANCE ="EXPTRANS" TOINSTANCETYPE ="Expression"/>
        <CONNECTOR FROMFIELD ="MonthName" FROMINSTANCE ="SQ_Datedimension" FROMINSTANCETYPE ="Source Qualifier" TOFIELD ="MonthName" TOINSTANCE ="EXPTRANS" TOINSTANCETYPE ="Expression"/>
        <CONNECTOR FROMFIELD ="MonthOfYear" FROMINSTANCE ="SQ_Datedimension" FROMINSTANCETYPE ="Source Qualifier" TOFIELD ="MonthOfYear" TOINSTANCE ="EXPTRANS" TOINSTANCETYPE ="Expression"/>
        <CONNECTOR FROMFIELD ="Year" FROMINSTANCE ="SQ_Datedimension" FROMINSTANCETYPE ="Source Qualifier" TOFIELD ="Year" TOINSTANCE ="EXPTRANS" TOINSTANCETYPE ="Expression"/>
        <CONNECTOR FROMFIELD ="YearMonth" FROMINSTANCE ="SQ_Datedimension" FROMINSTANCETYPE ="Source Qualifier" TOFIELD ="YearMonth" TOINSTANCE ="EXPTRANS" TOINSTANCETYPE ="Expression"/>
        <CONNECTOR FROMFIELD ="YearQuarter" FROMINSTANCE ="SQ_Datedimension" FROMINSTANCETYPE ="Source Qualifier" TOFIELD ="YearQuarter" TOINSTANCE ="EXPTRANS" TOINSTANCETYPE ="Expression"/>
        <TARGETLOADORDER ORDER ="1" TARGETINSTANCE ="DIMDATE_846"/>
        <ERPINFO/>
    </MAPPING>
</FOLDER>
</REPOSITORY>
</POWERMART>