<?xml version="1.0" encoding="Windows-1252"?>
<!DOCTYPE POWERMART SYSTEM "powrmart.dtd">
<POWERMART CREATION_DATE="04/03/2020 16:53:18" REPOSITORY_VERSION="182.91">
<REPOSITORY NAME="info_repo" VERSION="182" CODEPAGE="MS1252" DATABASETYPE="Oracle">
<FOLDER NAME="EXE3" GROUP="" OWNER="Administrator" SHARED="NOTSHARED" DESCRIPTION="" PERMISSIONS="rwx---r--" UUID="d79d2d44-b8e0-4b92-88f4-740946e81b5f">
    <SOURCE BUSINESSNAME ="" DATABASETYPE ="Oracle" DBDNAME ="Oracle_HR" DESCRIPTION ="" NAME ="JOBS" OBJECTVERSION ="1" OWNERNAME ="HR" VERSIONNUMBER ="1">
        <SOURCEFIELD BUSINESSNAME ="" DATATYPE ="varchar2" DESCRIPTION ="" FIELDNUMBER ="1" FIELDPROPERTY ="0" FIELDTYPE ="ELEMITEM" HIDDEN ="NO" KEYTYPE ="PRIMARY KEY" LENGTH ="0" LEVEL ="0" NAME ="JOB_ID" NULLABLE ="NOTNULL" OCCURS ="0" OFFSET ="0" PHYSICALLENGTH ="10" PHYSICALOFFSET ="0" PICTURETEXT ="" PRECISION ="10" SCALE ="0" USAGE_FLAGS =""/>
        <SOURCEFIELD BUSINESSNAME ="" DATATYPE ="varchar2" DESCRIPTION ="" FIELDNUMBER ="2" FIELDPROPERTY ="0" FIELDTYPE ="ELEMITEM" HIDDEN ="NO" KEYTYPE ="NOT A KEY" LENGTH ="0" LEVEL ="0" NAME ="JOB_TITLE" NULLABLE ="NOTNULL" OCCURS ="0" OFFSET ="0" PHYSICALLENGTH ="35" PHYSICALOFFSET ="10" PICTURETEXT ="" PRECISION ="35" SCALE ="0" USAGE_FLAGS =""/>
        <SOURCEFIELD BUSINESSNAME ="" DATATYPE ="number(p,s)" DESCRIPTION ="" FIELDNUMBER ="3" FIELDPROPERTY ="0" FIELDTYPE ="ELEMITEM" HIDDEN ="NO" KEYTYPE ="NOT A KEY" LENGTH ="8" LEVEL ="0" NAME ="MIN_SALARY" NULLABLE ="NULL" OCCURS ="0" OFFSET ="0" PHYSICALLENGTH ="6" PHYSICALOFFSET ="45" PICTURETEXT ="" PRECISION ="6" SCALE ="0" USAGE_FLAGS =""/>
        <SOURCEFIELD BUSINESSNAME ="" DATATYPE ="number(p,s)" DESCRIPTION ="" FIELDNUMBER ="4" FIELDPROPERTY ="0" FIELDTYPE ="ELEMITEM" HIDDEN ="NO" KEYTYPE ="NOT A KEY" LENGTH ="8" LEVEL ="0" NAME ="MAX_SALARY" NULLABLE ="NULL" OCCURS ="0" OFFSET ="8" PHYSICALLENGTH ="6" PHYSICALOFFSET ="51" PICTURETEXT ="" PRECISION ="6" SCALE ="0" USAGE_FLAGS =""/>
    </SOURCE>
    <TARGET BUSINESSNAME ="" CONSTRAINT ="" DATABASETYPE ="Oracle" DESCRIPTION ="" NAME ="DIMJOBS" OBJECTVERSION ="1" TABLEOPTIONS ="" VERSIONNUMBER ="1">
        <TARGETFIELD BUSINESSNAME ="" DATATYPE ="varchar2" DESCRIPTION ="" FIELDNUMBER ="1" KEYTYPE ="PRIMARY KEY" NAME ="JOBKEY" NULLABLE ="NOTNULL" PICTURETEXT ="" PRECISION ="10" SCALE ="0"/>
        <TARGETFIELD BUSINESSNAME ="" DATATYPE ="varchar2" DESCRIPTION ="" FIELDNUMBER ="2" KEYTYPE ="NOT A KEY" NAME ="JOB_TITLE" NULLABLE ="NOTNULL" PICTURETEXT ="" PRECISION ="35" SCALE ="0"/>
        <TARGETFIELD BUSINESSNAME ="" DATATYPE ="number(p,s)" DESCRIPTION ="" FIELDNUMBER ="3" KEYTYPE ="NOT A KEY" NAME ="MIN_SALARY" NULLABLE ="NULL" PICTURETEXT ="" PRECISION ="6" SCALE ="0"/>
        <TARGETFIELD BUSINESSNAME ="" DATATYPE ="number(p,s)" DESCRIPTION ="" FIELDNUMBER ="4" KEYTYPE ="NOT A KEY" NAME ="MAX_SALARY" NULLABLE ="NULL" PICTURETEXT ="" PRECISION ="6" SCALE ="0"/>
        <TARGETFIELD BUSINESSNAME ="" DATATYPE ="number(p,s)" DESCRIPTION ="" FIELDNUMBER ="5" KEYTYPE ="NOT A KEY" NAME ="EMPLOYEE_ID" NULLABLE ="NOTNULL" PICTURETEXT ="" PRECISION ="6" SCALE ="0"/>
        <TARGETFIELD BUSINESSNAME ="" DATATYPE ="date" DESCRIPTION ="" FIELDNUMBER ="6" KEYTYPE ="NOT A KEY" NAME ="START_DATE" NULLABLE ="NOTNULL" PICTURETEXT ="" PRECISION ="19" SCALE ="0"/>
        <TARGETFIELD BUSINESSNAME ="" DATATYPE ="date" DESCRIPTION ="" FIELDNUMBER ="7" KEYTYPE ="NOT A KEY" NAME ="END_DATE" NULLABLE ="NOTNULL" PICTURETEXT ="" PRECISION ="19" SCALE ="0"/>
    </TARGET>
    <MAPPING DESCRIPTION ="" ISVALID ="YES" NAME ="m_sql_transformation" OBJECTVERSION ="1" VERSIONNUMBER ="1">
        <TRANSFORMATION DESCRIPTION ="" NAME ="SQ_JOBS" OBJECTVERSION ="1" REUSABLE ="NO" TYPE ="Source Qualifier" VERSIONNUMBER ="1">
            <TRANSFORMFIELD DATATYPE ="string" DEFAULTVALUE ="" DESCRIPTION ="" NAME ="JOB_ID" PICTURETEXT ="" PORTTYPE ="INPUT/OUTPUT" PRECISION ="10" SCALE ="0"/>
            <TRANSFORMFIELD DATATYPE ="string" DEFAULTVALUE ="" DESCRIPTION ="" NAME ="JOB_TITLE" PICTURETEXT ="" PORTTYPE ="INPUT/OUTPUT" PRECISION ="35" SCALE ="0"/>
            <TRANSFORMFIELD DATATYPE ="decimal" DEFAULTVALUE ="" DESCRIPTION ="" NAME ="MIN_SALARY" PICTURETEXT ="" PORTTYPE ="INPUT/OUTPUT" PRECISION ="6" SCALE ="0"/>
            <TRANSFORMFIELD DATATYPE ="decimal" DEFAULTVALUE ="" DESCRIPTION ="" NAME ="MAX_SALARY" PICTURETEXT ="" PORTTYPE ="INPUT/OUTPUT" PRECISION ="6" SCALE ="0"/>
            <TABLEATTRIBUTE NAME ="Sql Query" VALUE =""/>
            <TABLEATTRIBUTE NAME ="User Defined Join" VALUE =""/>
            <TABLEATTRIBUTE NAME ="Source Filter" VALUE =""/>
            <TABLEATTRIBUTE NAME ="Number Of Sorted Ports" VALUE ="0"/>
            <TABLEATTRIBUTE NAME ="Tracing Level" VALUE ="Normal"/>
            <TABLEATTRIBUTE NAME ="Select Distinct" VALUE ="NO"/>
            <TABLEATTRIBUTE NAME ="Is Partitionable" VALUE ="NO"/>
            <TABLEATTRIBUTE NAME ="Pre SQL" VALUE =""/>
            <TABLEATTRIBUTE NAME ="Post SQL" VALUE =""/>
            <TABLEATTRIBUTE NAME ="Output is deterministic" VALUE ="NO"/>
            <TABLEATTRIBUTE NAME ="Output is repeatable" VALUE ="Never"/>
        </TRANSFORMATION>
        <TRANSFORMATION COMPONENTVERSION ="1000000" DESCRIPTION ="" NAME ="s_sqltransformation" OBJECTVERSION ="1" REUSABLE ="NO" TEMPLATEID ="310800" TEMPLATENAME ="SQL Transform" TYPE ="Custom Transformation" VERSIONNUMBER ="1">
            <GROUP DESCRIPTION ="" NAME ="SQLInputs" ORDER ="1" TYPE ="INPUT"/>
            <GROUP DESCRIPTION ="" NAME ="SQLOutputs" ORDER ="2" TYPE ="OUTPUT"/>
            <TRANSFORMFIELD DATATYPE ="string" DEFAULTVALUE ="" DESCRIPTION ="" GROUP ="SQLInputs" NAME ="JOB_ID" OUTPUTGROUP ="SQLInputs" PICTURETEXT ="" PORTTYPE ="INPUT" PRECISION ="10" SCALE ="0">
                <TRANSFORMFIELDATTR NAME ="SQLT_PORT_ATTRIBUTE" VALUE ="2"/>
            </TRANSFORMFIELD>
            <TRANSFORMFIELD DATATYPE ="string" DEFAULTVALUE ="" DESCRIPTION ="" GROUP ="SQLInputs" NAME ="JOB_TITLE" OUTPUTGROUP ="SQLInputs" PICTURETEXT ="" PORTTYPE ="INPUT" PRECISION ="35" SCALE ="0">
                <TRANSFORMFIELDATTR NAME ="SQLT_PORT_ATTRIBUTE" VALUE ="2"/>
            </TRANSFORMFIELD>
            <TRANSFORMFIELD DATATYPE ="decimal" DEFAULTVALUE ="" DESCRIPTION ="" GROUP ="SQLInputs" NAME ="MIN_SALARY" OUTPUTGROUP ="SQLInputs" PICTURETEXT ="" PORTTYPE ="INPUT" PRECISION ="6" SCALE ="0">
                <TRANSFORMFIELDATTR NAME ="SQLT_PORT_ATTRIBUTE" VALUE ="2"/>
            </TRANSFORMFIELD>
            <TRANSFORMFIELD DATATYPE ="decimal" DEFAULTVALUE ="" DESCRIPTION ="" GROUP ="SQLInputs" NAME ="MAX_SALARY" OUTPUTGROUP ="SQLInputs" PICTURETEXT ="" PORTTYPE ="INPUT" PRECISION ="6" SCALE ="0">
                <TRANSFORMFIELDATTR NAME ="SQLT_PORT_ATTRIBUTE" VALUE ="2"/>
            </TRANSFORMFIELD>
            <TRANSFORMFIELD DATATYPE ="string" DEFAULTVALUE ="" DESCRIPTION ="" GROUP ="SQLOutputs" NAME ="SQLError" OUTPUTGROUP ="SQLOutputs" PICTURETEXT ="" PORTTYPE ="OUTPUT" PRECISION ="4096" SCALE ="0"/>
            <TRANSFORMFIELD DATATYPE ="string" DEFAULTVALUE ="" DESCRIPTION ="" GROUP ="SQLOutputs" NAME ="JOB_ID_output" OUTPUTGROUP ="SQLOutputs" PICTURETEXT ="" PORTTYPE ="OUTPUT" PRECISION ="10" SCALE ="0">
                <TRANSFORMFIELDATTR NAME ="SQLT_PORT_ATTRIBUTE" VALUE ="2"/>
            </TRANSFORMFIELD>
            <TRANSFORMFIELD DATATYPE ="string" DEFAULTVALUE ="" DESCRIPTION ="" GROUP ="SQLOutputs" NAME ="JOB_TITLE_output" OUTPUTGROUP ="SQLOutputs" PICTURETEXT ="" PORTTYPE ="OUTPUT" PRECISION ="35" SCALE ="0">
                <TRANSFORMFIELDATTR NAME ="SQLT_PORT_ATTRIBUTE" VALUE ="2"/>
            </TRANSFORMFIELD>
            <TRANSFORMFIELD DATATYPE ="decimal" DEFAULTVALUE ="" DESCRIPTION ="" GROUP ="SQLOutputs" NAME ="MIN_SALARY_output" OUTPUTGROUP ="SQLOutputs" PICTURETEXT ="" PORTTYPE ="OUTPUT" PRECISION ="6" SCALE ="0">
                <TRANSFORMFIELDATTR NAME ="SQLT_PORT_ATTRIBUTE" VALUE ="2"/>
            </TRANSFORMFIELD>
            <TRANSFORMFIELD DATATYPE ="decimal" DEFAULTVALUE ="" DESCRIPTION ="" GROUP ="SQLOutputs" NAME ="MAX_SALARY_output" OUTPUTGROUP ="SQLOutputs" PICTURETEXT ="" PORTTYPE ="OUTPUT" PRECISION ="6" SCALE ="0">
                <TRANSFORMFIELDATTR NAME ="SQLT_PORT_ATTRIBUTE" VALUE ="2"/>
            </TRANSFORMFIELD>
            <TRANSFORMFIELD DATATYPE ="decimal" DEFAULTVALUE ="" DESCRIPTION ="" GROUP ="SQLOutputs" NAME ="EMPLOYEE_ID" OUTPUTGROUP ="SQLOutputs" PICTURETEXT ="" PORTTYPE ="OUTPUT" PRECISION ="10" SCALE ="0">
                <TRANSFORMFIELDATTR NAME ="SQLT_PORT_ATTRIBUTE" VALUE ="2"/>
                <TRANSFORMFIELDATTR NAME ="SQLT_PORT_NATIVE_TYPE" VALUE ="number(p,s)"/>
            </TRANSFORMFIELD>
            <TRANSFORMFIELD DATATYPE ="date/time" DEFAULTVALUE ="" DESCRIPTION ="" GROUP ="SQLOutputs" NAME ="START_DATE" OUTPUTGROUP ="SQLOutputs" PICTURETEXT ="" PORTTYPE ="OUTPUT" PRECISION ="29" SCALE ="9">
                <TRANSFORMFIELDATTR NAME ="SQLT_PORT_ATTRIBUTE" VALUE ="2"/>
                <TRANSFORMFIELDATTR NAME ="SQLT_PORT_NATIVE_TYPE" VALUE ="date"/>
            </TRANSFORMFIELD>
            <TRANSFORMFIELD DATATYPE ="date/time" DEFAULTVALUE ="" DESCRIPTION ="" GROUP ="SQLOutputs" NAME ="END_DATE" OUTPUTGROUP ="SQLOutputs" PICTURETEXT ="" PORTTYPE ="OUTPUT" PRECISION ="29" SCALE ="9">
                <TRANSFORMFIELDATTR NAME ="SQLT_PORT_ATTRIBUTE" VALUE ="2"/>
                <TRANSFORMFIELDATTR NAME ="SQLT_PORT_NATIVE_TYPE" VALUE ="date"/>
            </TRANSFORMFIELD>
            <TABLEATTRIBUTE NAME ="Language" VALUE ="C++"/>
            <TABLEATTRIBUTE NAME ="Module Identifier" VALUE ="sqltransform"/>
            <TABLEATTRIBUTE NAME ="Class Name" VALUE ="SQLPluginDriver"/>
            <TABLEATTRIBUTE NAME ="Function Identifier" VALUE =""/>
            <TABLEATTRIBUTE NAME ="Runtime Location" VALUE =""/>
            <TABLEATTRIBUTE NAME ="Tracing Level" VALUE ="Normal"/>
            <TABLEATTRIBUTE NAME ="Is Partitionable" VALUE ="Across Grid"/>
            <TABLEATTRIBUTE NAME ="Inputs Must Block" VALUE ="NO"/>
            <TABLEATTRIBUTE NAME ="Is Active" VALUE ="YES"/>
            <TABLEATTRIBUTE NAME ="Update Strategy Transformation" VALUE ="NO"/>
            <TABLEATTRIBUTE NAME ="Transformation Scope" VALUE ="Row"/>
            <TABLEATTRIBUTE NAME ="Generate Transaction" VALUE ="NO"/>
            <TABLEATTRIBUTE NAME ="Output Is Repeatable" VALUE ="Never"/>
            <TABLEATTRIBUTE NAME ="Requires Single Thread Per Partition" VALUE ="NO"/>
            <TABLEATTRIBUTE NAME ="Output Is Deterministic" VALUE ="YES"/>
            <TABLEATTRIBUTE NAME ="Preserves Data Set Boundary" VALUE ="No"/>
            <INITPROP DESCRIPTION ="" NAME ="Programmatic Identifier for Class Factory" USERDEFINED ="NO" VALUE =""/>
            <INITPROP DESCRIPTION ="" NAME ="Constructor" USERDEFINED ="NO" VALUE =""/>
            <METADATAEXTENSION COMPONENTVERSION ="1000000" DATATYPE ="STRING" DESCRIPTION ="" DOMAINNAME ="SQL_Transform" ISCLIENTEDITABLE ="NO" ISCLIENTVISIBLE ="NO" ISREUSABLE ="YES" ISSHAREREAD ="YES" ISSHAREWRITE ="YES" MAXLENGTH ="6" NAME ="Auto_Commit" VALUE ="FALSE" VENDORNAME ="INFORMATICA"/>
            <METADATAEXTENSION COMPONENTVERSION ="1000000" DATATYPE ="NUMERIC" DESCRIPTION ="" DOMAINNAME ="SQL_Transform" ISCLIENTEDITABLE ="NO" ISCLIENTVISIBLE ="NO" ISREUSABLE ="YES" ISSHAREREAD ="YES" ISSHAREWRITE ="YES" MAXLENGTH ="1" NAME ="Connection_Type" VALUE ="0" VENDORNAME ="INFORMATICA"/>
            <METADATAEXTENSION COMPONENTVERSION ="1000000" DATATYPE ="NUMERIC" DESCRIPTION ="" DOMAINNAME ="SQL_Transform" ISCLIENTEDITABLE ="NO" ISCLIENTVISIBLE ="NO" ISREUSABLE ="YES" ISSHAREREAD ="YES" ISSHAREWRITE ="YES" MAXLENGTH ="1" NAME ="DB_Type" VALUE ="2" VENDORNAME ="INFORMATICA"/>
            <METADATAEXTENSION COMPONENTVERSION ="1000000" DATATYPE ="STRING" DESCRIPTION ="" DOMAINNAME ="SQL_Transform" ISCLIENTEDITABLE ="NO" ISCLIENTVISIBLE ="NO" ISREUSABLE ="YES" ISSHAREREAD ="YES" ISSHAREWRITE ="YES" MAXLENGTH ="6" NAME ="Is_Continue_On_Error_Selected" VALUE ="FALSE" VENDORNAME ="INFORMATICA"/>
            <METADATAEXTENSION COMPONENTVERSION ="1000000" DATATYPE ="STRING" DESCRIPTION ="" DOMAINNAME ="SQL_Transform" ISCLIENTEDITABLE ="NO" ISCLIENTVISIBLE ="NO" ISREUSABLE ="YES" ISSHAREREAD ="YES" ISSHAREWRITE ="YES" MAXLENGTH ="6" NAME ="Is_Stats_Option_Selected" VALUE ="FALSE" VENDORNAME ="INFORMATICA"/>
            <METADATAEXTENSION COMPONENTVERSION ="1000000" DATATYPE ="NUMERIC" DESCRIPTION ="" DOMAINNAME ="SQL_Transform" ISCLIENTEDITABLE ="NO" ISCLIENTVISIBLE ="NO" ISREUSABLE ="YES" ISSHAREREAD ="YES" ISSHAREWRITE ="YES" MAXLENGTH ="0" NAME ="Max_Out_Row_Count" VALUE ="10000" VENDORNAME ="INFORMATICA"/>
            <METADATAEXTENSION COMPONENTVERSION ="1000000" DATATYPE ="NUMERIC" DESCRIPTION ="" DOMAINNAME ="SQL_Transform" ISCLIENTEDITABLE ="NO" ISCLIENTVISIBLE ="NO" ISREUSABLE ="YES" ISSHAREREAD ="YES" ISSHAREWRITE ="YES" MAXLENGTH ="6" NAME ="Max_conn_pool" VALUE ="10" VENDORNAME ="INFORMATICA"/>
            <METADATAEXTENSION COMPONENTVERSION ="1000000" DATATYPE ="STRING" DESCRIPTION ="" DOMAINNAME ="SQL_Transform" ISCLIENTEDITABLE ="NO" ISCLIENTVISIBLE ="NO" ISREUSABLE ="YES" ISSHAREREAD ="YES" ISSHAREWRITE ="YES" MAXLENGTH ="2147483647" NAME ="Query_Description" VALUE ="" VENDORNAME ="INFORMATICA"/>
            <METADATAEXTENSION COMPONENTVERSION ="1000000" DATATYPE ="NUMERIC" DESCRIPTION ="" DOMAINNAME ="SQL_Transform" ISCLIENTEDITABLE ="NO" ISCLIENTVISIBLE ="NO" ISREUSABLE ="YES" ISSHAREREAD ="YES" ISSHAREWRITE ="YES" MAXLENGTH ="1" NAME ="SQL_Mode" VALUE ="0" VENDORNAME ="INFORMATICA"/>
            <METADATAEXTENSION COMPONENTVERSION ="1000000" DATATYPE ="STRING" DESCRIPTION ="" DOMAINNAME ="SQL_Transform" ISCLIENTEDITABLE ="NO" ISCLIENTVISIBLE ="NO" ISREUSABLE ="YES" ISSHAREREAD ="YES" ISSHAREWRITE ="YES" MAXLENGTH ="2147483647" NAME ="SQL_Query" VALUE ="SELECT EMPLOYEE_ID,START_DATE,END_DATE FROM JOB_HISTORY WHERE JOB_ID=?JOB_ID?" VENDORNAME ="INFORMATICA"/>
            <METADATAEXTENSION COMPONENTVERSION ="1000000" DATATYPE ="STRING" DESCRIPTION ="" DOMAINNAME ="SQL_Transform" ISCLIENTEDITABLE ="NO" ISCLIENTVISIBLE ="NO" ISREUSABLE ="YES" ISSHAREREAD ="YES" ISSHAREWRITE ="YES" MAXLENGTH ="1000" NAME ="Script_Locale" VALUE ="" VENDORNAME ="INFORMATICA"/>
            <METADATAEXTENSION COMPONENTVERSION ="1000000" DATATYPE ="STRING" DESCRIPTION ="" DOMAINNAME ="SQL_Transform" ISCLIENTEDITABLE ="NO" ISCLIENTVISIBLE ="NO" ISREUSABLE ="YES" ISSHAREREAD ="YES" ISSHAREWRITE ="YES" MAXLENGTH ="6" NAME ="Treat_DB_Conn_Failure_As_Fatal" VALUE ="FALSE" VENDORNAME ="INFORMATICA"/>
            <METADATAEXTENSION COMPONENTVERSION ="1000000" DATATYPE ="STRING" DESCRIPTION ="" DOMAINNAME ="SQL_Transform" ISCLIENTEDITABLE ="NO" ISCLIENTVISIBLE ="NO" ISREUSABLE ="YES" ISSHAREREAD ="YES" ISSHAREWRITE ="YES" MAXLENGTH ="6" NAME ="Use_conn_pool" VALUE ="FALSE" VENDORNAME ="INFORMATICA"/>
            <TRANSFORMFIELDATTRDEF DATATYPE ="STRING" DEFAULTVALUE ="0" DESCRIPTION ="" NAME ="SQLT_PORT_ATTRIBUTE" ORDER ="0" TYPE ="NUMERIC"/>
            <TRANSFORMFIELDATTRDEF DATATYPE ="STRING" DESCRIPTION ="" NAME ="SQLT_PORT_NATIVE_TYPE" ORDER ="1" TYPE ="STRING"/>
        </TRANSFORMATION>
        <INSTANCE DESCRIPTION ="" NAME ="DIMJOBS" TRANSFORMATION_NAME ="DIMJOBS" TRANSFORMATION_TYPE ="Target Definition" TYPE ="TARGET"/>
        <INSTANCE DBDNAME ="Oracle_HR" DESCRIPTION ="" NAME ="JOBS" TRANSFORMATION_NAME ="JOBS" TRANSFORMATION_TYPE ="Source Definition" TYPE ="SOURCE"/>
        <INSTANCE DESCRIPTION ="" NAME ="SQ_JOBS" REUSABLE ="NO" TRANSFORMATION_NAME ="SQ_JOBS" TRANSFORMATION_TYPE ="Source Qualifier" TYPE ="TRANSFORMATION">
            <ASSOCIATED_SOURCE_INSTANCE NAME ="JOBS"/>
        </INSTANCE>
        <INSTANCE DESCRIPTION ="" NAME ="s_sqltransformation" REUSABLE ="NO" TRANSFORMATION_NAME ="s_sqltransformation" TRANSFORMATION_TYPE ="Custom Transformation" TYPE ="TRANSFORMATION"/>
        <CONNECTOR FROMFIELD ="JOB_ID_output" FROMINSTANCE ="s_sqltransformation" FROMINSTANCETYPE ="Custom Transformation" TOFIELD ="JOBKEY" TOINSTANCE ="DIMJOBS" TOINSTANCETYPE ="Target Definition"/>
        <CONNECTOR FROMFIELD ="JOB_TITLE_output" FROMINSTANCE ="s_sqltransformation" FROMINSTANCETYPE ="Custom Transformation" TOFIELD ="JOB_TITLE" TOINSTANCE ="DIMJOBS" TOINSTANCETYPE ="Target Definition"/>
        <CONNECTOR FROMFIELD ="MIN_SALARY_output" FROMINSTANCE ="s_sqltransformation" FROMINSTANCETYPE ="Custom Transformation" TOFIELD ="MIN_SALARY" TOINSTANCE ="DIMJOBS" TOINSTANCETYPE ="Target Definition"/>
        <CONNECTOR FROMFIELD ="MAX_SALARY_output" FROMINSTANCE ="s_sqltransformation" FROMINSTANCETYPE ="Custom Transformation" TOFIELD ="MAX_SALARY" TOINSTANCE ="DIMJOBS" TOINSTANCETYPE ="Target Definition"/>
        <CONNECTOR FROMFIELD ="EMPLOYEE_ID" FROMINSTANCE ="s_sqltransformation" FROMINSTANCETYPE ="Custom Transformation" TOFIELD ="EMPLOYEE_ID" TOINSTANCE ="DIMJOBS" TOINSTANCETYPE ="Target Definition"/>
        <CONNECTOR FROMFIELD ="START_DATE" FROMINSTANCE ="s_sqltransformation" FROMINSTANCETYPE ="Custom Transformation" TOFIELD ="START_DATE" TOINSTANCE ="DIMJOBS" TOINSTANCETYPE ="Target Definition"/>
        <CONNECTOR FROMFIELD ="END_DATE" FROMINSTANCE ="s_sqltransformation" FROMINSTANCETYPE ="Custom Transformation" TOFIELD ="END_DATE" TOINSTANCE ="DIMJOBS" TOINSTANCETYPE ="Target Definition"/>
        <CONNECTOR FROMFIELD ="JOB_ID" FROMINSTANCE ="JOBS" FROMINSTANCETYPE ="Source Definition" TOFIELD ="JOB_ID" TOINSTANCE ="SQ_JOBS" TOINSTANCETYPE ="Source Qualifier"/>
        <CONNECTOR FROMFIELD ="JOB_TITLE" FROMINSTANCE ="JOBS" FROMINSTANCETYPE ="Source Definition" TOFIELD ="JOB_TITLE" TOINSTANCE ="SQ_JOBS" TOINSTANCETYPE ="Source Qualifier"/>
        <CONNECTOR FROMFIELD ="MIN_SALARY" FROMINSTANCE ="JOBS" FROMINSTANCETYPE ="Source Definition" TOFIELD ="MIN_SALARY" TOINSTANCE ="SQ_JOBS" TOINSTANCETYPE ="Source Qualifier"/>
        <CONNECTOR FROMFIELD ="MAX_SALARY" FROMINSTANCE ="JOBS" FROMINSTANCETYPE ="Source Definition" TOFIELD ="MAX_SALARY" TOINSTANCE ="SQ_JOBS" TOINSTANCETYPE ="Source Qualifier"/>
        <CONNECTOR FROMFIELD ="JOB_ID" FROMINSTANCE ="SQ_JOBS" FROMINSTANCETYPE ="Source Qualifier" TOFIELD ="JOB_ID" TOINSTANCE ="s_sqltransformation" TOINSTANCETYPE ="Custom Transformation"/>
        <CONNECTOR FROMFIELD ="JOB_TITLE" FROMINSTANCE ="SQ_JOBS" FROMINSTANCETYPE ="Source Qualifier" TOFIELD ="JOB_TITLE" TOINSTANCE ="s_sqltransformation" TOINSTANCETYPE ="Custom Transformation"/>
        <CONNECTOR FROMFIELD ="MIN_SALARY" FROMINSTANCE ="SQ_JOBS" FROMINSTANCETYPE ="Source Qualifier" TOFIELD ="MIN_SALARY" TOINSTANCE ="s_sqltransformation" TOINSTANCETYPE ="Custom Transformation"/>
        <CONNECTOR FROMFIELD ="MAX_SALARY" FROMINSTANCE ="SQ_JOBS" FROMINSTANCETYPE ="Source Qualifier" TOFIELD ="MAX_SALARY" TOINSTANCE ="s_sqltransformation" TOINSTANCETYPE ="Custom Transformation"/>
        <TARGETLOADORDER ORDER ="1" TARGETINSTANCE ="DIMJOBS"/>
        <ERPINFO/>
    </MAPPING>
    <CONFIG DESCRIPTION ="Default session configuration object" ISDEFAULT ="YES" NAME ="default_session_config" VERSIONNUMBER ="1">
        <ATTRIBUTE NAME ="Advanced" VALUE =""/>
        <ATTRIBUTE NAME ="Constraint based load ordering" VALUE ="NO"/>
        <ATTRIBUTE NAME ="Cache LOOKUP() function" VALUE ="YES"/>
        <ATTRIBUTE NAME ="Default buffer block size" VALUE ="Auto"/>
        <ATTRIBUTE NAME ="Line Sequential buffer length" VALUE ="1024"/>
        <ATTRIBUTE NAME ="Maximum Memory Allowed For Auto Memory Attributes" VALUE ="512MB"/>
        <ATTRIBUTE NAME ="Maximum Percentage of Total Memory Allowed For Auto Memory Attributes" VALUE ="5"/>
        <ATTRIBUTE NAME ="Additional Concurrent Pipelines for Lookup Cache Creation" VALUE ="Auto"/>
        <ATTRIBUTE NAME ="Custom Properties" VALUE =""/>
        <ATTRIBUTE NAME ="Pre-build lookup cache" VALUE ="Auto"/>
        <ATTRIBUTE NAME ="Optimization Level" VALUE ="Medium"/>
        <ATTRIBUTE NAME ="DateTime Format String" VALUE ="MM/DD/YYYY HH24:MI:SS.US"/>
        <ATTRIBUTE NAME ="Pre 85 Timestamp Compatibility" VALUE ="NO"/>
        <ATTRIBUTE NAME ="Log Options" VALUE ="0"/>
        <ATTRIBUTE NAME ="Save session log by" VALUE ="Session runs"/>
        <ATTRIBUTE NAME ="Save session log for these runs" VALUE ="0"/>
        <ATTRIBUTE NAME ="Session Log File Max Size" VALUE ="0"/>
        <ATTRIBUTE NAME ="Session Log File Max Time Period" VALUE ="0"/>
        <ATTRIBUTE NAME ="Maximum Partial Session Log Files" VALUE ="1"/>
        <ATTRIBUTE NAME ="Writer Commit Statistics Log Frequency" VALUE ="1"/>
        <ATTRIBUTE NAME ="Writer Commit Statistics Log Interval" VALUE ="0"/>
        <ATTRIBUTE NAME ="Error handling" VALUE =""/>
        <ATTRIBUTE NAME ="Stop on errors" VALUE ="0"/>
        <ATTRIBUTE NAME ="Override tracing" VALUE ="None"/>
        <ATTRIBUTE NAME ="On Stored Procedure error" VALUE ="Stop"/>
        <ATTRIBUTE NAME ="On Pre-session command task error" VALUE ="Stop"/>
        <ATTRIBUTE NAME ="On Pre-Post SQL error" VALUE ="Stop"/>
        <ATTRIBUTE NAME ="Enable Recovery" VALUE ="NO"/>
        <ATTRIBUTE NAME ="Error Log Type" VALUE ="None"/>
        <ATTRIBUTE NAME ="Error Log Table Name Prefix" VALUE =""/>
        <ATTRIBUTE NAME ="Error Log File Name" VALUE ="PMError.log"/>
        <ATTRIBUTE NAME ="Log Source Row Data" VALUE ="NO"/>
        <ATTRIBUTE NAME ="Data Column Delimiter" VALUE ="|"/>
        <ATTRIBUTE NAME ="Partitioning Options" VALUE =""/>
        <ATTRIBUTE NAME ="Dynamic Partitioning" VALUE ="Disabled"/>
        <ATTRIBUTE NAME ="Number of Partitions" VALUE ="1"/>
        <ATTRIBUTE NAME ="Multiplication Factor" VALUE ="Auto"/>
        <ATTRIBUTE NAME ="Session on Grid" VALUE =""/>
        <ATTRIBUTE NAME ="Is Enabled" VALUE ="NO"/>
    </CONFIG>
    <SESSION DESCRIPTION ="" ISVALID ="YES" MAPPINGNAME ="m_sql_transformation" NAME ="s_sqltransformation" REUSABLE ="YES" SORTORDER ="Binary" VERSIONNUMBER ="1">
        <SESSTRANSFORMATIONINST ISREPARTITIONPOINT ="YES" PARTITIONTYPE ="PASS THROUGH" PIPELINE ="1" SINSTANCENAME ="DIMJOBS" STAGE ="1" TRANSFORMATIONNAME ="DIMJOBS" TRANSFORMATIONTYPE ="Target Definition"/>
        <SESSTRANSFORMATIONINST ISREPARTITIONPOINT ="NO" PIPELINE ="0" SINSTANCENAME ="JOBS" STAGE ="0" TRANSFORMATIONNAME ="JOBS" TRANSFORMATIONTYPE ="Source Definition"/>
        <SESSTRANSFORMATIONINST ISREPARTITIONPOINT ="YES" PARTITIONTYPE ="PASS THROUGH" PIPELINE ="1" SINSTANCENAME ="SQ_JOBS" STAGE ="2" TRANSFORMATIONNAME ="SQ_JOBS" TRANSFORMATIONTYPE ="Source Qualifier"/>
        <SESSTRANSFORMATIONINST ISREPARTITIONPOINT ="NO" PIPELINE ="1" SINSTANCENAME ="s_sqltransformation" STAGE ="2" TRANSFORMATIONNAME ="s_sqltransformation" TRANSFORMATIONTYPE ="Custom Transformation">
            <SESSTRANSFORMATIONGROUP GROUP ="SQLInputs"/>
            <PARTITION DESCRIPTION ="" NAME ="Partition #1"/>
        </SESSTRANSFORMATIONINST>
        <CONFIGREFERENCE REFOBJECTNAME ="default_session_config" TYPE ="Session config"/>
        <SESSIONEXTENSION NAME ="Relational Writer" SINSTANCENAME ="DIMJOBS" SUBTYPE ="Relational Writer" TRANSFORMATIONTYPE ="Target Definition" TYPE ="WRITER">
            <CONNECTIONREFERENCE CNXREFNAME ="DB Connection" CONNECTIONNAME ="Oracle_DWH" CONNECTIONNUMBER ="1" CONNECTIONSUBTYPE ="Oracle" CONNECTIONTYPE ="Relational" VARIABLE =""/>
            <ATTRIBUTE NAME ="Target load type" VALUE ="Bulk"/>
            <ATTRIBUTE NAME ="Insert" VALUE ="YES"/>
            <ATTRIBUTE NAME ="Update as Update" VALUE ="YES"/>
            <ATTRIBUTE NAME ="Update as Insert" VALUE ="NO"/>
            <ATTRIBUTE NAME ="Update else Insert" VALUE ="NO"/>
            <ATTRIBUTE NAME ="Delete" VALUE ="YES"/>
            <ATTRIBUTE NAME ="Truncate target table option" VALUE ="NO"/>
            <ATTRIBUTE NAME ="Reject file directory" VALUE ="$PMBadFileDir&#x5c;"/>
            <ATTRIBUTE NAME ="Reject filename" VALUE ="dimjobs1.bad"/>
        </SESSIONEXTENSION>
        <SESSIONEXTENSION DSQINSTNAME ="SQ_JOBS" DSQINSTTYPE ="Source Qualifier" NAME ="Relational Reader" SINSTANCENAME ="JOBS" SUBTYPE ="Relational Reader" TRANSFORMATIONTYPE ="Source Definition" TYPE ="READER"/>
        <SESSIONEXTENSION NAME ="Relational Reader" SINSTANCENAME ="SQ_JOBS" SUBTYPE ="Relational Reader" TRANSFORMATIONTYPE ="Source Qualifier" TYPE ="READER">
            <CONNECTIONREFERENCE CNXREFNAME ="DB Connection" CONNECTIONNAME ="Oracle_DWH" CONNECTIONNUMBER ="1" CONNECTIONSUBTYPE ="Oracle" CONNECTIONTYPE ="Relational" VARIABLE =""/>
        </SESSIONEXTENSION>
        <SESSIONEXTENSION COMPONENTVERSION ="1000000" NAME ="SQL Transform Midstream Extension" SINSTANCENAME ="s_sqltransformation" SUBTYPE ="SQL Transform Midstream Extension" TRANSFORMATIONTYPE ="Custom Transformation" TYPE ="TEMPLATEEXTENSION">
            <CONNECTIONREFERENCE CNXREFNAME ="SQL_Transform" CONNECTIONNAME ="" CONNECTIONNUMBER ="1" CONNECTIONSUBTYPE ="" CONNECTIONTYPE ="" VARIABLE =""/>
        </SESSIONEXTENSION>
        <ATTRIBUTE NAME ="General Options" VALUE =""/>
        <ATTRIBUTE NAME ="Write Backward Compatible Session Log File" VALUE ="NO"/>
        <ATTRIBUTE NAME ="Session Log File Name" VALUE ="s_sqltransformation.log"/>
        <ATTRIBUTE NAME ="Session Log File directory" VALUE ="$PMSessionLogDir&#x5c;"/>
        <ATTRIBUTE NAME ="Parameter Filename" VALUE =""/>
        <ATTRIBUTE NAME ="Enable Test Load" VALUE ="NO"/>
        <ATTRIBUTE NAME ="$Source connection value" VALUE =""/>
        <ATTRIBUTE NAME ="$Target connection value" VALUE =""/>
        <ATTRIBUTE NAME ="Treat source rows as" VALUE ="Insert"/>
        <ATTRIBUTE NAME ="Commit Type" VALUE ="Target"/>
        <ATTRIBUTE NAME ="Commit Interval" VALUE ="10000"/>
        <ATTRIBUTE NAME ="Commit On End Of File" VALUE ="YES"/>
        <ATTRIBUTE NAME ="Rollback Transactions on Errors" VALUE ="NO"/>
        <ATTRIBUTE NAME ="Recovery Strategy" VALUE ="Fail task and continue workflow"/>
        <ATTRIBUTE NAME ="Java Classpath" VALUE =""/>
        <ATTRIBUTE NAME ="Performance" VALUE =""/>
        <ATTRIBUTE NAME ="DTM buffer size" VALUE ="Auto"/>
        <ATTRIBUTE NAME ="Collect performance data" VALUE ="NO"/>
        <ATTRIBUTE NAME ="Write performance data to repository" VALUE ="NO"/>
        <ATTRIBUTE NAME ="Incremental Aggregation" VALUE ="NO"/>
        <ATTRIBUTE NAME ="Enable high precision" VALUE ="NO"/>
        <ATTRIBUTE NAME ="Session retry on deadlock" VALUE ="NO"/>
        <ATTRIBUTE NAME ="Pushdown Optimization" VALUE ="None"/>
        <ATTRIBUTE NAME ="Allow Temporary View for Pushdown" VALUE ="NO"/>
        <ATTRIBUTE NAME ="Allow Temporary Sequence for Pushdown" VALUE ="NO"/>
        <ATTRIBUTE NAME ="Allow Pushdown for User Incompatible Connections" VALUE ="NO"/>
    </SESSION>
    <WORKFLOW DESCRIPTION ="" ISENABLED ="YES" ISRUNNABLESERVICE ="NO" ISSERVICE ="NO" ISVALID ="YES" NAME ="wf_sql_jobs" REUSABLE_SCHEDULER ="NO" SCHEDULERNAME ="Scheduler" SERVERNAME ="info" SERVER_DOMAINNAME ="Domain_DESKTOP-1DQHOSP" SUSPEND_ON_ERROR ="NO" TASKS_MUST_RUN_ON_SERVER ="NO" VERSIONNUMBER ="1">
        <SCHEDULER DESCRIPTION ="" NAME ="Scheduler" REUSABLE ="NO" VERSIONNUMBER ="1">
            <SCHEDULEINFO SCHEDULETYPE ="ONDEMAND"/>
        </SCHEDULER>
        <TASK DESCRIPTION ="" NAME ="Start" REUSABLE ="NO" TYPE ="Start" VERSIONNUMBER ="1"/>
        <TASKINSTANCE DESCRIPTION ="" ISENABLED ="YES" NAME ="Start" REUSABLE ="NO" TASKNAME ="Start" TASKTYPE ="Start"/>
        <TASKINSTANCE DESCRIPTION ="" FAIL_PARENT_IF_INSTANCE_DID_NOT_RUN ="NO" FAIL_PARENT_IF_INSTANCE_FAILS ="NO" ISENABLED ="YES" NAME ="s_sqltransformation" REUSABLE ="YES" TASKNAME ="s_sqltransformation" TASKTYPE ="Session" TREAT_INPUTLINK_AS_AND ="YES">
            <SESSIONEXTENSION NAME ="Relational Writer" SINSTANCENAME ="DIMJOBS" SUBTYPE ="Relational Writer" TRANSFORMATIONTYPE ="Target Definition" TYPE ="WRITER">
                <ATTRIBUTE NAME ="Truncate target table option" VALUE ="YES"/>
            </SESSIONEXTENSION>
            <SESSIONEXTENSION NAME ="Relational Reader" SINSTANCENAME ="SQ_JOBS" SUBTYPE ="Relational Reader" TRANSFORMATIONTYPE ="Source Qualifier" TYPE ="READER">
                <CONNECTIONREFERENCE CNXREFNAME ="DB Connection" CONNECTIONNAME ="source_hr" CONNECTIONNUMBER ="1" CONNECTIONSUBTYPE ="Oracle" CONNECTIONTYPE ="Relational" VARIABLE =""/>
            </SESSIONEXTENSION>
        </TASKINSTANCE>
        <WORKFLOWLINK CONDITION ="" FROMTASK ="Start" TOTASK ="s_sqltransformation"/>
        <WORKFLOWVARIABLE DATATYPE ="date/time" DEFAULTVALUE ="" DESCRIPTION ="The time this task started" ISNULL ="NO" ISPERSISTENT ="NO" NAME ="$Start.StartTime" USERDEFINED ="NO"/>
        <WORKFLOWVARIABLE DATATYPE ="date/time" DEFAULTVALUE ="" DESCRIPTION ="The time this task completed" ISNULL ="NO" ISPERSISTENT ="NO" NAME ="$Start.EndTime" USERDEFINED ="NO"/>
        <WORKFLOWVARIABLE DATATYPE ="integer" DEFAULTVALUE ="" DESCRIPTION ="Status of this task&apos;s execution" ISNULL ="NO" ISPERSISTENT ="NO" NAME ="$Start.Status" USERDEFINED ="NO"/>
        <WORKFLOWVARIABLE DATATYPE ="integer" DEFAULTVALUE ="" DESCRIPTION ="Status of the previous task that is not disabled" ISNULL ="NO" ISPERSISTENT ="NO" NAME ="$Start.PrevTaskStatus" USERDEFINED ="NO"/>
        <WORKFLOWVARIABLE DATATYPE ="integer" DEFAULTVALUE ="" DESCRIPTION ="Error code for this task&apos;s execution" ISNULL ="NO" ISPERSISTENT ="NO" NAME ="$Start.ErrorCode" USERDEFINED ="NO"/>
        <WORKFLOWVARIABLE DATATYPE ="string" DEFAULTVALUE ="" DESCRIPTION ="Error message for this task&apos;s execution" ISNULL ="NO" ISPERSISTENT ="NO" NAME ="$Start.ErrorMsg" USERDEFINED ="NO"/>
        <WORKFLOWVARIABLE DATATYPE ="date/time" DEFAULTVALUE ="" DESCRIPTION ="The time this task started" ISNULL ="NO" ISPERSISTENT ="NO" NAME ="$s_sqltransformation.StartTime" USERDEFINED ="NO"/>
        <WORKFLOWVARIABLE DATATYPE ="date/time" DEFAULTVALUE ="" DESCRIPTION ="The time this task completed" ISNULL ="NO" ISPERSISTENT ="NO" NAME ="$s_sqltransformation.EndTime" USERDEFINED ="NO"/>
        <WORKFLOWVARIABLE DATATYPE ="integer" DEFAULTVALUE ="" DESCRIPTION ="Status of this task&apos;s execution" ISNULL ="NO" ISPERSISTENT ="NO" NAME ="$s_sqltransformation.Status" USERDEFINED ="NO"/>
        <WORKFLOWVARIABLE DATATYPE ="integer" DEFAULTVALUE ="" DESCRIPTION ="Status of the previous task that is not disabled" ISNULL ="NO" ISPERSISTENT ="NO" NAME ="$s_sqltransformation.PrevTaskStatus" USERDEFINED ="NO"/>
        <WORKFLOWVARIABLE DATATYPE ="integer" DEFAULTVALUE ="" DESCRIPTION ="Error code for this task&apos;s execution" ISNULL ="NO" ISPERSISTENT ="NO" NAME ="$s_sqltransformation.ErrorCode" USERDEFINED ="NO"/>
        <WORKFLOWVARIABLE DATATYPE ="string" DEFAULTVALUE ="" DESCRIPTION ="Error message for this task&apos;s execution" ISNULL ="NO" ISPERSISTENT ="NO" NAME ="$s_sqltransformation.ErrorMsg" USERDEFINED ="NO"/>
        <WORKFLOWVARIABLE DATATYPE ="integer" DEFAULTVALUE ="" DESCRIPTION ="Rows successfully read" ISNULL ="NO" ISPERSISTENT ="NO" NAME ="$s_sqltransformation.SrcSuccessRows" USERDEFINED ="NO"/>
        <WORKFLOWVARIABLE DATATYPE ="integer" DEFAULTVALUE ="" DESCRIPTION ="Rows failed to read" ISNULL ="NO" ISPERSISTENT ="NO" NAME ="$s_sqltransformation.SrcFailedRows" USERDEFINED ="NO"/>
        <WORKFLOWVARIABLE DATATYPE ="integer" DEFAULTVALUE ="" DESCRIPTION ="Rows successfully loaded" ISNULL ="NO" ISPERSISTENT ="NO" NAME ="$s_sqltransformation.TgtSuccessRows" USERDEFINED ="NO"/>
        <WORKFLOWVARIABLE DATATYPE ="integer" DEFAULTVALUE ="" DESCRIPTION ="Rows failed to load" ISNULL ="NO" ISPERSISTENT ="NO" NAME ="$s_sqltransformation.TgtFailedRows" USERDEFINED ="NO"/>
        <WORKFLOWVARIABLE DATATYPE ="integer" DEFAULTVALUE ="" DESCRIPTION ="Total number of transformation errors" ISNULL ="NO" ISPERSISTENT ="NO" NAME ="$s_sqltransformation.TotalTransErrors" USERDEFINED ="NO"/>
        <WORKFLOWVARIABLE DATATYPE ="integer" DEFAULTVALUE ="" DESCRIPTION ="First error code" ISNULL ="NO" ISPERSISTENT ="NO" NAME ="$s_sqltransformation.FirstErrorCode" USERDEFINED ="NO"/>
        <WORKFLOWVARIABLE DATATYPE ="string" DEFAULTVALUE ="" DESCRIPTION ="First error message" ISNULL ="NO" ISPERSISTENT ="NO" NAME ="$s_sqltransformation.FirstErrorMsg" USERDEFINED ="NO"/>
        <ATTRIBUTE NAME ="Parameter Filename" VALUE =""/>
        <ATTRIBUTE NAME ="Write Backward Compatible Workflow Log File" VALUE ="NO"/>
        <ATTRIBUTE NAME ="Workflow Log File Name" VALUE ="wf_sql_jobs.log"/>
        <ATTRIBUTE NAME ="Workflow Log File Directory" VALUE ="$PMWorkflowLogDir&#x5c;"/>
        <ATTRIBUTE NAME ="Save Workflow log by" VALUE ="By runs"/>
        <ATTRIBUTE NAME ="Save workflow log for these runs" VALUE ="0"/>
        <ATTRIBUTE NAME ="Service Name" VALUE =""/>
        <ATTRIBUTE NAME ="Service Timeout" VALUE ="0"/>
        <ATTRIBUTE NAME ="Is Service Visible" VALUE ="NO"/>
        <ATTRIBUTE NAME ="Is Service Protected" VALUE ="NO"/>
        <ATTRIBUTE NAME ="Fail task after wait time" VALUE ="0"/>
        <ATTRIBUTE NAME ="Enable HA recovery" VALUE ="NO"/>
        <ATTRIBUTE NAME ="Automatically recover terminated tasks" VALUE ="NO"/>
        <ATTRIBUTE NAME ="Service Level Name" VALUE ="Default"/>
        <ATTRIBUTE NAME ="Allow concurrent run with unique run instance name" VALUE ="NO"/>
        <ATTRIBUTE NAME ="Allow concurrent run with same run instance name" VALUE ="NO"/>
        <ATTRIBUTE NAME ="Maximum number of concurrent runs" VALUE ="0"/>
        <ATTRIBUTE NAME ="Assigned Web Services Hubs" VALUE =""/>
        <ATTRIBUTE NAME ="Maximum number of concurrent runs per Hub" VALUE ="1000"/>
        <ATTRIBUTE NAME ="Expected Service Time" VALUE ="1"/>
    </WORKFLOW>
</FOLDER>
</REPOSITORY>
</POWERMART>