<?xml version="1.0" encoding="Windows-1252"?>
<!DOCTYPE POWERMART SYSTEM "powrmart.dtd">
<POWERMART CREATION_DATE="04/03/2020 16:52:15" REPOSITORY_VERSION="182.91">
<REPOSITORY NAME="info_repo" VERSION="182" CODEPAGE="MS1252" DATABASETYPE="Oracle">
<FOLDER NAME="exe4" GROUP="" OWNER="Administrator" SHARED="NOTSHARED" DESCRIPTION="" PERMISSIONS="rwx---r--" UUID="2f20f273-f4aa-4707-86f5-c5c1dc0a89b4">
    <SOURCE BUSINESSNAME ="" DATABASETYPE ="Flat File" DBDNAME ="FlatFile" DESCRIPTION ="" NAME ="Date" OBJECTVERSION ="1" OWNERNAME ="" VERSIONNUMBER ="1">
        <FLATFILE CODEPAGE ="MS1252" CONSECDELIMITERSASONE ="NO" DELIMITED ="YES" DELIMITERS ="," ESCAPE_CHARACTER ="" KEEPESCAPECHAR ="NO" LINESEQUENTIAL ="NO" MULTIDELIMITERSASAND ="YES" NULLCHARTYPE ="ASCII" NULL_CHARACTER ="*" PADBYTES ="1" QUOTE_CHARACTER ="DOUBLE" REPEATABLE ="NO" ROWDELIMITER ="0" SHIFTSENSITIVEDATA ="NO" SKIPROWS ="1" STRIPTRAILINGBLANKS ="NO"/>
        <TABLEATTRIBUTE NAME ="Base Table Name" VALUE =""/>
        <TABLEATTRIBUTE NAME ="Search Specification" VALUE =""/>
        <TABLEATTRIBUTE NAME ="Sort Specification" VALUE =""/>
        <TABLEATTRIBUTE NAME ="Datetime Format" VALUE ="A  19 mm/dd/yyyy hh24:mi:ss"/>
        <TABLEATTRIBUTE NAME ="Thousand Separator" VALUE ="None"/>
        <TABLEATTRIBUTE NAME ="Decimal Separator" VALUE ="."/>
        <TABLEATTRIBUTE NAME ="Add Currently Processed Flat File Name Port" VALUE ="NO"/>
        <SOURCEFIELD BUSINESSNAME ="" DATATYPE ="number" DESCRIPTION ="" FIELDNUMBER ="1" FIELDPROPERTY ="0" FIELDTYPE ="ELEMITEM" HIDDEN ="NO" KEYTYPE ="NOT A KEY" LENGTH ="8" LEVEL ="0" NAME ="DimDateKey" NULLABLE ="NULL" OCCURS ="0" OFFSET ="0" PHYSICALLENGTH ="8" PHYSICALOFFSET ="0" PICTURETEXT ="" PRECISION ="8" SCALE ="0" USAGE_FLAGS =""/>
        <SOURCEFIELD BUSINESSNAME ="" DATATYPE ="string" DESCRIPTION ="" FIELDNUMBER ="2" FIELDPROPERTY ="0" FIELDTYPE ="ELEMITEM" HIDDEN ="NO" KEYTYPE ="NOT A KEY" LENGTH ="256" LEVEL ="0" NAME ="FullDate" NULLABLE ="NULL" OCCURS ="0" OFFSET ="8" PHYSICALLENGTH ="256" PHYSICALOFFSET ="8" PICTURETEXT ="" PRECISION ="256" SCALE ="0" USAGE_FLAGS =""/>
        <SOURCEFIELD BUSINESSNAME ="" DATATYPE ="string" DESCRIPTION ="" FIELDNUMBER ="3" FIELDPROPERTY ="0" FIELDTYPE ="ELEMITEM" HIDDEN ="NO" KEYTYPE ="NOT A KEY" LENGTH ="256" LEVEL ="0" NAME ="DateName" NULLABLE ="NULL" OCCURS ="0" OFFSET ="264" PHYSICALLENGTH ="256" PHYSICALOFFSET ="264" PICTURETEXT ="" PRECISION ="256" SCALE ="0" USAGE_FLAGS =""/>
        <SOURCEFIELD BUSINESSNAME ="" DATATYPE ="number" DESCRIPTION ="" FIELDNUMBER ="4" FIELDPROPERTY ="0" FIELDTYPE ="ELEMITEM" HIDDEN ="NO" KEYTYPE ="NOT A KEY" LENGTH ="1" LEVEL ="0" NAME ="DayOfWeek" NULLABLE ="NULL" OCCURS ="0" OFFSET ="520" PHYSICALLENGTH ="1" PHYSICALOFFSET ="520" PICTURETEXT ="" PRECISION ="1" SCALE ="0" USAGE_FLAGS =""/>
        <SOURCEFIELD BUSINESSNAME ="" DATATYPE ="string" DESCRIPTION ="" FIELDNUMBER ="5" FIELDPROPERTY ="0" FIELDTYPE ="ELEMITEM" HIDDEN ="NO" KEYTYPE ="NOT A KEY" LENGTH ="256" LEVEL ="0" NAME ="DayNameAbbreviation" NULLABLE ="NULL" OCCURS ="0" OFFSET ="521" PHYSICALLENGTH ="256" PHYSICALOFFSET ="521" PICTURETEXT ="" PRECISION ="256" SCALE ="0" USAGE_FLAGS =""/>
        <SOURCEFIELD BUSINESSNAME ="" DATATYPE ="string" DESCRIPTION ="" FIELDNUMBER ="6" FIELDPROPERTY ="0" FIELDTYPE ="ELEMITEM" HIDDEN ="NO" KEYTYPE ="NOT A KEY" LENGTH ="256" LEVEL ="0" NAME ="DayNameOfWeek" NULLABLE ="NULL" OCCURS ="0" OFFSET ="777" PHYSICALLENGTH ="256" PHYSICALOFFSET ="777" PICTURETEXT ="" PRECISION ="256" SCALE ="0" USAGE_FLAGS =""/>
        <SOURCEFIELD BUSINESSNAME ="" DATATYPE ="number" DESCRIPTION ="" FIELDNUMBER ="7" FIELDPROPERTY ="0" FIELDTYPE ="ELEMITEM" HIDDEN ="NO" KEYTYPE ="NOT A KEY" LENGTH ="2" LEVEL ="0" NAME ="DayOfMonth" NULLABLE ="NULL" OCCURS ="0" OFFSET ="1033" PHYSICALLENGTH ="2" PHYSICALOFFSET ="1033" PICTURETEXT ="" PRECISION ="2" SCALE ="0" USAGE_FLAGS =""/>
        <SOURCEFIELD BUSINESSNAME ="" DATATYPE ="number" DESCRIPTION ="" FIELDNUMBER ="8" FIELDPROPERTY ="0" FIELDTYPE ="ELEMITEM" HIDDEN ="NO" KEYTYPE ="NOT A KEY" LENGTH ="3" LEVEL ="0" NAME ="DayOfYear" NULLABLE ="NULL" OCCURS ="0" OFFSET ="1035" PHYSICALLENGTH ="3" PHYSICALOFFSET ="1035" PICTURETEXT ="" PRECISION ="3" SCALE ="0" USAGE_FLAGS =""/>
        <SOURCEFIELD BUSINESSNAME ="" DATATYPE ="string" DESCRIPTION ="" FIELDNUMBER ="9" FIELDPROPERTY ="0" FIELDTYPE ="ELEMITEM" HIDDEN ="NO" KEYTYPE ="NOT A KEY" LENGTH ="256" LEVEL ="0" NAME ="WeekdayWeekend" NULLABLE ="NULL" OCCURS ="0" OFFSET ="1038" PHYSICALLENGTH ="256" PHYSICALOFFSET ="1038" PICTURETEXT ="" PRECISION ="256" SCALE ="0" USAGE_FLAGS =""/>
        <SOURCEFIELD BUSINESSNAME ="" DATATYPE ="number" DESCRIPTION ="" FIELDNUMBER ="10" FIELDPROPERTY ="0" FIELDTYPE ="ELEMITEM" HIDDEN ="NO" KEYTYPE ="NOT A KEY" LENGTH ="1" LEVEL ="0" NAME ="WeekOfMonth" NULLABLE ="NULL" OCCURS ="0" OFFSET ="1294" PHYSICALLENGTH ="1" PHYSICALOFFSET ="1294" PICTURETEXT ="" PRECISION ="1" SCALE ="0" USAGE_FLAGS =""/>
        <SOURCEFIELD BUSINESSNAME ="" DATATYPE ="string" DESCRIPTION ="" FIELDNUMBER ="11" FIELDPROPERTY ="0" FIELDTYPE ="ELEMITEM" HIDDEN ="NO" KEYTYPE ="NOT A KEY" LENGTH ="256" LEVEL ="0" NAME ="WeekOfMonthName" NULLABLE ="NULL" OCCURS ="0" OFFSET ="1295" PHYSICALLENGTH ="256" PHYSICALOFFSET ="1295" PICTURETEXT ="" PRECISION ="256" SCALE ="0" USAGE_FLAGS =""/>
        <SOURCEFIELD BUSINESSNAME ="" DATATYPE ="number" DESCRIPTION ="" FIELDNUMBER ="12" FIELDPROPERTY ="0" FIELDTYPE ="ELEMITEM" HIDDEN ="NO" KEYTYPE ="NOT A KEY" LENGTH ="1" LEVEL ="0" NAME ="WeekOfMonthSPOT" NULLABLE ="NULL" OCCURS ="0" OFFSET ="1551" PHYSICALLENGTH ="1" PHYSICALOFFSET ="1551" PICTURETEXT ="" PRECISION ="1" SCALE ="0" USAGE_FLAGS =""/>
        <SOURCEFIELD BUSINESSNAME ="" DATATYPE ="string" DESCRIPTION ="" FIELDNUMBER ="13" FIELDPROPERTY ="0" FIELDTYPE ="ELEMITEM" HIDDEN ="NO" KEYTYPE ="NOT A KEY" LENGTH ="256" LEVEL ="0" NAME ="WeekOfMonthSPOTName" NULLABLE ="NULL" OCCURS ="0" OFFSET ="1552" PHYSICALLENGTH ="256" PHYSICALOFFSET ="1552" PICTURETEXT ="" PRECISION ="256" SCALE ="0" USAGE_FLAGS =""/>
        <SOURCEFIELD BUSINESSNAME ="" DATATYPE ="number" DESCRIPTION ="" FIELDNUMBER ="14" FIELDPROPERTY ="0" FIELDTYPE ="ELEMITEM" HIDDEN ="NO" KEYTYPE ="NOT A KEY" LENGTH ="2" LEVEL ="0" NAME ="WeekOfYear" NULLABLE ="NULL" OCCURS ="0" OFFSET ="1808" PHYSICALLENGTH ="2" PHYSICALOFFSET ="1808" PICTURETEXT ="" PRECISION ="2" SCALE ="0" USAGE_FLAGS =""/>
        <SOURCEFIELD BUSINESSNAME ="" DATATYPE ="string" DESCRIPTION ="" FIELDNUMBER ="15" FIELDPROPERTY ="0" FIELDTYPE ="ELEMITEM" HIDDEN ="NO" KEYTYPE ="NOT A KEY" LENGTH ="256" LEVEL ="0" NAME ="WeekOfYearName" NULLABLE ="NULL" OCCURS ="0" OFFSET ="1810" PHYSICALLENGTH ="256" PHYSICALOFFSET ="1810" PICTURETEXT ="" PRECISION ="256" SCALE ="0" USAGE_FLAGS =""/>
        <SOURCEFIELD BUSINESSNAME ="" DATATYPE ="string" DESCRIPTION ="" FIELDNUMBER ="16" FIELDPROPERTY ="0" FIELDTYPE ="ELEMITEM" HIDDEN ="NO" KEYTYPE ="NOT A KEY" LENGTH ="256" LEVEL ="0" NAME ="MonthName" NULLABLE ="NULL" OCCURS ="0" OFFSET ="2066" PHYSICALLENGTH ="256" PHYSICALOFFSET ="2066" PICTURETEXT ="" PRECISION ="256" SCALE ="0" USAGE_FLAGS =""/>
        <SOURCEFIELD BUSINESSNAME ="" DATATYPE ="string" DESCRIPTION ="" FIELDNUMBER ="17" FIELDPROPERTY ="0" FIELDTYPE ="ELEMITEM" HIDDEN ="NO" KEYTYPE ="NOT A KEY" LENGTH ="256" LEVEL ="0" NAME ="MonthAbbreviation" NULLABLE ="NULL" OCCURS ="0" OFFSET ="2322" PHYSICALLENGTH ="256" PHYSICALOFFSET ="2322" PICTURETEXT ="" PRECISION ="256" SCALE ="0" USAGE_FLAGS =""/>
        <SOURCEFIELD BUSINESSNAME ="" DATATYPE ="number" DESCRIPTION ="" FIELDNUMBER ="18" FIELDPROPERTY ="0" FIELDTYPE ="ELEMITEM" HIDDEN ="NO" KEYTYPE ="NOT A KEY" LENGTH ="2" LEVEL ="0" NAME ="MonthOfYear" NULLABLE ="NULL" OCCURS ="0" OFFSET ="2578" PHYSICALLENGTH ="2" PHYSICALOFFSET ="2578" PICTURETEXT ="" PRECISION ="2" SCALE ="0" USAGE_FLAGS =""/>
        <SOURCEFIELD BUSINESSNAME ="" DATATYPE ="string" DESCRIPTION ="" FIELDNUMBER ="19" FIELDPROPERTY ="0" FIELDTYPE ="ELEMITEM" HIDDEN ="NO" KEYTYPE ="NOT A KEY" LENGTH ="256" LEVEL ="0" NAME ="IsLastDayOfMonth" NULLABLE ="NULL" OCCURS ="0" OFFSET ="2580" PHYSICALLENGTH ="256" PHYSICALOFFSET ="2580" PICTURETEXT ="" PRECISION ="256" SCALE ="0" USAGE_FLAGS =""/>
        <SOURCEFIELD BUSINESSNAME ="" DATATYPE ="number" DESCRIPTION ="" FIELDNUMBER ="20" FIELDPROPERTY ="0" FIELDTYPE ="ELEMITEM" HIDDEN ="NO" KEYTYPE ="NOT A KEY" LENGTH ="1" LEVEL ="0" NAME ="Quarter" NULLABLE ="NULL" OCCURS ="0" OFFSET ="2836" PHYSICALLENGTH ="1" PHYSICALOFFSET ="2836" PICTURETEXT ="" PRECISION ="1" SCALE ="0" USAGE_FLAGS =""/>
        <SOURCEFIELD BUSINESSNAME ="" DATATYPE ="string" DESCRIPTION ="" FIELDNUMBER ="21" FIELDPROPERTY ="0" FIELDTYPE ="ELEMITEM" HIDDEN ="NO" KEYTYPE ="NOT A KEY" LENGTH ="256" LEVEL ="0" NAME ="QuarterName" NULLABLE ="NULL" OCCURS ="0" OFFSET ="2837" PHYSICALLENGTH ="256" PHYSICALOFFSET ="2837" PICTURETEXT ="" PRECISION ="256" SCALE ="0" USAGE_FLAGS =""/>
        <SOURCEFIELD BUSINESSNAME ="" DATATYPE ="number" DESCRIPTION ="" FIELDNUMBER ="22" FIELDPROPERTY ="0" FIELDTYPE ="ELEMITEM" HIDDEN ="NO" KEYTYPE ="NOT A KEY" LENGTH ="4" LEVEL ="0" NAME ="Year" NULLABLE ="NULL" OCCURS ="0" OFFSET ="3093" PHYSICALLENGTH ="4" PHYSICALOFFSET ="3093" PICTURETEXT ="" PRECISION ="4" SCALE ="0" USAGE_FLAGS =""/>
        <SOURCEFIELD BUSINESSNAME ="" DATATYPE ="number" DESCRIPTION ="" FIELDNUMBER ="23" FIELDPROPERTY ="0" FIELDTYPE ="ELEMITEM" HIDDEN ="NO" KEYTYPE ="NOT A KEY" LENGTH ="6" LEVEL ="0" NAME ="YearMonth" NULLABLE ="NULL" OCCURS ="0" OFFSET ="3097" PHYSICALLENGTH ="6" PHYSICALOFFSET ="3097" PICTURETEXT ="" PRECISION ="6" SCALE ="0" USAGE_FLAGS =""/>
        <SOURCEFIELD BUSINESSNAME ="" DATATYPE ="number" DESCRIPTION ="" FIELDNUMBER ="24" FIELDPROPERTY ="0" FIELDTYPE ="ELEMITEM" HIDDEN ="NO" KEYTYPE ="NOT A KEY" LENGTH ="5" LEVEL ="0" NAME ="YearQuarter" NULLABLE ="NULL" OCCURS ="0" OFFSET ="3103" PHYSICALLENGTH ="5" PHYSICALOFFSET ="3103" PICTURETEXT ="" PRECISION ="5" SCALE ="0" USAGE_FLAGS =""/>
        <SOURCEFIELD BUSINESSNAME ="" DATATYPE ="number" DESCRIPTION ="" FIELDNUMBER ="25" FIELDPROPERTY ="0" FIELDTYPE ="ELEMITEM" HIDDEN ="NO" KEYTYPE ="NOT A KEY" LENGTH ="7" LEVEL ="0" NAME ="YearWeekOfMonth" NULLABLE ="NULL" OCCURS ="0" OFFSET ="3108" PHYSICALLENGTH ="7" PHYSICALOFFSET ="3108" PICTURETEXT ="" PRECISION ="7" SCALE ="0" USAGE_FLAGS =""/>
        <SOURCEFIELD BUSINESSNAME ="" DATATYPE ="number" DESCRIPTION ="" FIELDNUMBER ="26" FIELDPROPERTY ="0" FIELDTYPE ="ELEMITEM" HIDDEN ="NO" KEYTYPE ="NOT A KEY" LENGTH ="6" LEVEL ="0" NAME ="YearWeekOfYear" NULLABLE ="NULL" OCCURS ="0" OFFSET ="3115" PHYSICALLENGTH ="6" PHYSICALOFFSET ="3115" PICTURETEXT ="" PRECISION ="6" SCALE ="0" USAGE_FLAGS =""/>
        <SOURCEFIELD BUSINESSNAME ="" DATATYPE ="number" DESCRIPTION ="" FIELDNUMBER ="27" FIELDPROPERTY ="0" FIELDTYPE ="ELEMITEM" HIDDEN ="NO" KEYTYPE ="NOT A KEY" LENGTH ="4" LEVEL ="0" NAME ="FiscalYear" NULLABLE ="NULL" OCCURS ="0" OFFSET ="3121" PHYSICALLENGTH ="4" PHYSICALOFFSET ="3121" PICTURETEXT ="" PRECISION ="4" SCALE ="0" USAGE_FLAGS =""/>
        <SOURCEFIELD BUSINESSNAME ="" DATATYPE ="number" DESCRIPTION ="" FIELDNUMBER ="28" FIELDPROPERTY ="0" FIELDTYPE ="ELEMITEM" HIDDEN ="NO" KEYTYPE ="NOT A KEY" LENGTH ="1" LEVEL ="0" NAME ="FiscalQuarter" NULLABLE ="NULL" OCCURS ="0" OFFSET ="3125" PHYSICALLENGTH ="1" PHYSICALOFFSET ="3125" PICTURETEXT ="" PRECISION ="1" SCALE ="0" USAGE_FLAGS =""/>
        <SOURCEFIELD BUSINESSNAME ="" DATATYPE ="string" DESCRIPTION ="" FIELDNUMBER ="29" FIELDPROPERTY ="0" FIELDTYPE ="ELEMITEM" HIDDEN ="NO" KEYTYPE ="NOT A KEY" LENGTH ="256" LEVEL ="0" NAME ="FiscalQuarterName" NULLABLE ="NULL" OCCURS ="0" OFFSET ="3126" PHYSICALLENGTH ="256" PHYSICALOFFSET ="3126" PICTURETEXT ="" PRECISION ="256" SCALE ="0" USAGE_FLAGS =""/>
        <SOURCEFIELD BUSINESSNAME ="" DATATYPE ="number" DESCRIPTION ="" FIELDNUMBER ="30" FIELDPROPERTY ="0" FIELDTYPE ="ELEMITEM" HIDDEN ="NO" KEYTYPE ="NOT A KEY" LENGTH ="5" LEVEL ="0" NAME ="FiscalYearQuarter" NULLABLE ="NULL" OCCURS ="0" OFFSET ="3382" PHYSICALLENGTH ="5" PHYSICALOFFSET ="3382" PICTURETEXT ="" PRECISION ="5" SCALE ="0" USAGE_FLAGS =""/>
        <SOURCEFIELD BUSINESSNAME ="" DATATYPE ="number" DESCRIPTION ="" FIELDNUMBER ="31" FIELDPROPERTY ="0" FIELDTYPE ="ELEMITEM" HIDDEN ="NO" KEYTYPE ="NOT A KEY" LENGTH ="2" LEVEL ="0" NAME ="FiscalPeriod" NULLABLE ="NULL" OCCURS ="0" OFFSET ="3387" PHYSICALLENGTH ="2" PHYSICALOFFSET ="3387" PICTURETEXT ="" PRECISION ="2" SCALE ="0" USAGE_FLAGS =""/>
        <SOURCEFIELD BUSINESSNAME ="" DATATYPE ="string" DESCRIPTION ="" FIELDNUMBER ="32" FIELDPROPERTY ="0" FIELDTYPE ="ELEMITEM" HIDDEN ="NO" KEYTYPE ="NOT A KEY" LENGTH ="256" LEVEL ="0" NAME ="FiscalPeriodName" NULLABLE ="NULL" OCCURS ="0" OFFSET ="3389" PHYSICALLENGTH ="256" PHYSICALOFFSET ="3389" PICTURETEXT ="" PRECISION ="256" SCALE ="0" USAGE_FLAGS =""/>
        <SOURCEFIELD BUSINESSNAME ="" DATATYPE ="number" DESCRIPTION ="" FIELDNUMBER ="33" FIELDPROPERTY ="0" FIELDTYPE ="ELEMITEM" HIDDEN ="NO" KEYTYPE ="NOT A KEY" LENGTH ="6" LEVEL ="0" NAME ="FiscalYearPeriod" NULLABLE ="NULL" OCCURS ="0" OFFSET ="3645" PHYSICALLENGTH ="6" PHYSICALOFFSET ="3645" PICTURETEXT ="" PRECISION ="6" SCALE ="0" USAGE_FLAGS =""/>
        <SOURCEFIELD BUSINESSNAME ="" DATATYPE ="number" DESCRIPTION ="" FIELDNUMBER ="34" FIELDPROPERTY ="0" FIELDTYPE ="ELEMITEM" HIDDEN ="NO" KEYTYPE ="NOT A KEY" LENGTH ="2" LEVEL ="0" NAME ="FiscalWeek" NULLABLE ="NULL" OCCURS ="0" OFFSET ="3651" PHYSICALLENGTH ="2" PHYSICALOFFSET ="3651" PICTURETEXT ="" PRECISION ="2" SCALE ="0" USAGE_FLAGS =""/>
        <SOURCEFIELD BUSINESSNAME ="" DATATYPE ="string" DESCRIPTION ="" FIELDNUMBER ="35" FIELDPROPERTY ="0" FIELDTYPE ="ELEMITEM" HIDDEN ="NO" KEYTYPE ="NOT A KEY" LENGTH ="256" LEVEL ="0" NAME ="FiscalWeekName" NULLABLE ="NULL" OCCURS ="0" OFFSET ="3653" PHYSICALLENGTH ="256" PHYSICALOFFSET ="3653" PICTURETEXT ="" PRECISION ="256" SCALE ="0" USAGE_FLAGS =""/>
        <SOURCEFIELD BUSINESSNAME ="" DATATYPE ="number" DESCRIPTION ="" FIELDNUMBER ="36" FIELDPROPERTY ="0" FIELDTYPE ="ELEMITEM" HIDDEN ="NO" KEYTYPE ="NOT A KEY" LENGTH ="6" LEVEL ="0" NAME ="FiscalYearWeek" NULLABLE ="NULL" OCCURS ="0" OFFSET ="3909" PHYSICALLENGTH ="6" PHYSICALOFFSET ="3909" PICTURETEXT ="" PRECISION ="6" SCALE ="0" USAGE_FLAGS =""/>
        <SOURCEFIELD BUSINESSNAME ="" DATATYPE ="number" DESCRIPTION ="" FIELDNUMBER ="37" FIELDPROPERTY ="0" FIELDTYPE ="ELEMITEM" HIDDEN ="NO" KEYTYPE ="NOT A KEY" LENGTH ="4" LEVEL ="0" NAME ="PayrollYear" NULLABLE ="NULL" OCCURS ="0" OFFSET ="3915" PHYSICALLENGTH ="4" PHYSICALOFFSET ="3915" PICTURETEXT ="" PRECISION ="4" SCALE ="0" USAGE_FLAGS =""/>
        <SOURCEFIELD BUSINESSNAME ="" DATATYPE ="number" DESCRIPTION ="" FIELDNUMBER ="38" FIELDPROPERTY ="0" FIELDTYPE ="ELEMITEM" HIDDEN ="NO" KEYTYPE ="NOT A KEY" LENGTH ="2" LEVEL ="0" NAME ="PayrollWeek" NULLABLE ="NULL" OCCURS ="0" OFFSET ="3919" PHYSICALLENGTH ="2" PHYSICALOFFSET ="3919" PICTURETEXT ="" PRECISION ="2" SCALE ="0" USAGE_FLAGS =""/>
        <SOURCEFIELD BUSINESSNAME ="" DATATYPE ="string" DESCRIPTION ="" FIELDNUMBER ="39" FIELDPROPERTY ="0" FIELDTYPE ="ELEMITEM" HIDDEN ="NO" KEYTYPE ="NOT A KEY" LENGTH ="256" LEVEL ="0" NAME ="PayrollWeekName" NULLABLE ="NULL" OCCURS ="0" OFFSET ="3921" PHYSICALLENGTH ="256" PHYSICALOFFSET ="3921" PICTURETEXT ="" PRECISION ="256" SCALE ="0" USAGE_FLAGS =""/>
        <SOURCEFIELD BUSINESSNAME ="" DATATYPE ="number" DESCRIPTION ="" FIELDNUMBER ="40" FIELDPROPERTY ="0" FIELDTYPE ="ELEMITEM" HIDDEN ="NO" KEYTYPE ="NOT A KEY" LENGTH ="6" LEVEL ="0" NAME ="PayrollYearWeek" NULLABLE ="NULL" OCCURS ="0" OFFSET ="4177" PHYSICALLENGTH ="6" PHYSICALOFFSET ="4177" PICTURETEXT ="" PRECISION ="6" SCALE ="0" USAGE_FLAGS =""/>
        <SOURCEFIELD BUSINESSNAME ="" DATATYPE ="number" DESCRIPTION ="" FIELDNUMBER ="41" FIELDPROPERTY ="0" FIELDTYPE ="ELEMITEM" HIDDEN ="NO" KEYTYPE ="NOT A KEY" LENGTH ="6" LEVEL ="0" NAME ="UpdateAuditKey" NULLABLE ="NULL" OCCURS ="0" OFFSET ="4183" PHYSICALLENGTH ="6" PHYSICALOFFSET ="4183" PICTURETEXT ="" PRECISION ="6" SCALE ="0" USAGE_FLAGS =""/>
    </SOURCE>
    <TARGET BUSINESSNAME ="" CONSTRAINT ="" DATABASETYPE ="Oracle" DESCRIPTION ="" NAME ="DIMDATE_846" OBJECTVERSION ="1" TABLEOPTIONS ="" VERSIONNUMBER ="1">
        <TARGETFIELD BUSINESSNAME ="" DATATYPE ="varchar2" DESCRIPTION ="" FIELDNUMBER ="1" KEYTYPE ="NOT A KEY" NAME ="DATEKEY" NULLABLE ="NOTNULL" PICTURETEXT ="" PRECISION ="26" SCALE ="0"/>
        <TARGETFIELD BUSINESSNAME ="" DATATYPE ="varchar2" DESCRIPTION ="" FIELDNUMBER ="2" KEYTYPE ="NOT A KEY" NAME ="D_DATE" NULLABLE ="NOTNULL" PICTURETEXT ="" PRECISION ="128" SCALE ="0"/>
        <TARGETFIELD BUSINESSNAME ="" DATATYPE ="varchar2" DESCRIPTION ="" FIELDNUMBER ="3" KEYTYPE ="NOT A KEY" NAME ="DAYOFMONTH" NULLABLE ="NULL" PICTURETEXT ="" PRECISION ="128" SCALE ="0"/>
        <TARGETFIELD BUSINESSNAME ="" DATATYPE ="varchar2" DESCRIPTION ="" FIELDNUMBER ="4" KEYTYPE ="NOT A KEY" NAME ="DAYNAME" NULLABLE ="NULL" PICTURETEXT ="" PRECISION ="128" SCALE ="0"/>
        <TARGETFIELD BUSINESSNAME ="" DATATYPE ="varchar2" DESCRIPTION ="" FIELDNUMBER ="5" KEYTYPE ="NOT A KEY" NAME ="DAYOFQUARTER" NULLABLE ="NULL" PICTURETEXT ="" PRECISION ="128" SCALE ="0"/>
        <TARGETFIELD BUSINESSNAME ="" DATATYPE ="varchar2" DESCRIPTION ="" FIELDNUMBER ="6" KEYTYPE ="NOT A KEY" NAME ="DAYOFYEAR" NULLABLE ="NULL" PICTURETEXT ="" PRECISION ="128" SCALE ="0"/>
        <TARGETFIELD BUSINESSNAME ="" DATATYPE ="varchar2" DESCRIPTION ="" FIELDNUMBER ="7" KEYTYPE ="NOT A KEY" NAME ="MONTH" NULLABLE ="NULL" PICTURETEXT ="" PRECISION ="128" SCALE ="0"/>
        <TARGETFIELD BUSINESSNAME ="" DATATYPE ="varchar2" DESCRIPTION ="" FIELDNUMBER ="8" KEYTYPE ="NOT A KEY" NAME ="MONTHNAME" NULLABLE ="NULL" PICTURETEXT ="" PRECISION ="128" SCALE ="0"/>
        <TARGETFIELD BUSINESSNAME ="" DATATYPE ="varchar2" DESCRIPTION ="" FIELDNUMBER ="9" KEYTYPE ="NOT A KEY" NAME ="MONTHOFQUARTER" NULLABLE ="NULL" PICTURETEXT ="" PRECISION ="128" SCALE ="0"/>
        <TARGETFIELD BUSINESSNAME ="" DATATYPE ="varchar2" DESCRIPTION ="" FIELDNUMBER ="10" KEYTYPE ="NOT A KEY" NAME ="QUARTER" NULLABLE ="NULL" PICTURETEXT ="" PRECISION ="128" SCALE ="0"/>
        <TARGETFIELD BUSINESSNAME ="" DATATYPE ="varchar2" DESCRIPTION ="" FIELDNUMBER ="11" KEYTYPE ="NOT A KEY" NAME ="QUARTERNAME" NULLABLE ="NULL" PICTURETEXT ="" PRECISION ="128" SCALE ="0"/>
        <TARGETFIELD BUSINESSNAME ="" DATATYPE ="varchar2" DESCRIPTION ="" FIELDNUMBER ="12" KEYTYPE ="NOT A KEY" NAME ="YEARNAME" NULLABLE ="NULL" PICTURETEXT ="" PRECISION ="128" SCALE ="0"/>
        <TARGETFIELD BUSINESSNAME ="" DATATYPE ="varchar2" DESCRIPTION ="" FIELDNUMBER ="13" KEYTYPE ="NOT A KEY" NAME ="MONTHYEAR" NULLABLE ="NULL" PICTURETEXT ="" PRECISION ="128" SCALE ="0"/>
    </TARGET>
    <MAPPING DESCRIPTION ="" ISVALID ="YES" NAME ="m_dimdate_tgt" OBJECTVERSION ="1" VERSIONNUMBER ="1">
        <TRANSFORMATION DESCRIPTION ="" NAME ="SQ_Date" OBJECTVERSION ="1" REUSABLE ="NO" TYPE ="Source Qualifier" VERSIONNUMBER ="1">
            <TRANSFORMFIELD DATATYPE ="decimal" DEFAULTVALUE ="" DESCRIPTION ="" NAME ="DimDateKey" PICTURETEXT ="" PORTTYPE ="INPUT/OUTPUT" PRECISION ="8" SCALE ="0"/>
            <TRANSFORMFIELD DATATYPE ="string" DEFAULTVALUE ="" DESCRIPTION ="" NAME ="FullDate" PICTURETEXT ="" PORTTYPE ="INPUT/OUTPUT" PRECISION ="256" SCALE ="0"/>
            <TRANSFORMFIELD DATATYPE ="string" DEFAULTVALUE ="" DESCRIPTION ="" NAME ="DateName" PICTURETEXT ="" PORTTYPE ="INPUT/OUTPUT" PRECISION ="256" SCALE ="0"/>
            <TRANSFORMFIELD DATATYPE ="decimal" DEFAULTVALUE ="" DESCRIPTION ="" NAME ="DayOfWeek" PICTURETEXT ="" PORTTYPE ="INPUT/OUTPUT" PRECISION ="1" SCALE ="0"/>
            <TRANSFORMFIELD DATATYPE ="string" DEFAULTVALUE ="" DESCRIPTION ="" NAME ="DayNameAbbreviation" PICTURETEXT ="" PORTTYPE ="INPUT/OUTPUT" PRECISION ="256" SCALE ="0"/>
            <TRANSFORMFIELD DATATYPE ="string" DEFAULTVALUE ="" DESCRIPTION ="" NAME ="DayNameOfWeek" PICTURETEXT ="" PORTTYPE ="INPUT/OUTPUT" PRECISION ="256" SCALE ="0"/>
            <TRANSFORMFIELD DATATYPE ="decimal" DEFAULTVALUE ="" DESCRIPTION ="" NAME ="DayOfMonth" PICTURETEXT ="" PORTTYPE ="INPUT/OUTPUT" PRECISION ="2" SCALE ="0"/>
            <TRANSFORMFIELD DATATYPE ="decimal" DEFAULTVALUE ="" DESCRIPTION ="" NAME ="DayOfYear" PICTURETEXT ="" PORTTYPE ="INPUT/OUTPUT" PRECISION ="3" SCALE ="0"/>
            <TRANSFORMFIELD DATATYPE ="string" DEFAULTVALUE ="" DESCRIPTION ="" NAME ="WeekdayWeekend" PICTURETEXT ="" PORTTYPE ="INPUT/OUTPUT" PRECISION ="256" SCALE ="0"/>
            <TRANSFORMFIELD DATATYPE ="decimal" DEFAULTVALUE ="" DESCRIPTION ="" NAME ="WeekOfMonth" PICTURETEXT ="" PORTTYPE ="INPUT/OUTPUT" PRECISION ="1" SCALE ="0"/>
            <TRANSFORMFIELD DATATYPE ="string" DEFAULTVALUE ="" DESCRIPTION ="" NAME ="WeekOfMonthName" PICTURETEXT ="" PORTTYPE ="INPUT/OUTPUT" PRECISION ="256" SCALE ="0"/>
            <TRANSFORMFIELD DATATYPE ="decimal" DEFAULTVALUE ="" DESCRIPTION ="" NAME ="WeekOfMonthSPOT" PICTURETEXT ="" PORTTYPE ="INPUT/OUTPUT" PRECISION ="1" SCALE ="0"/>
            <TRANSFORMFIELD DATATYPE ="string" DEFAULTVALUE ="" DESCRIPTION ="" NAME ="WeekOfMonthSPOTName" PICTURETEXT ="" PORTTYPE ="INPUT/OUTPUT" PRECISION ="256" SCALE ="0"/>
            <TRANSFORMFIELD DATATYPE ="decimal" DEFAULTVALUE ="" DESCRIPTION ="" NAME ="WeekOfYear" PICTURETEXT ="" PORTTYPE ="INPUT/OUTPUT" PRECISION ="2" SCALE ="0"/>
            <TRANSFORMFIELD DATATYPE ="string" DEFAULTVALUE ="" DESCRIPTION ="" NAME ="WeekOfYearName" PICTURETEXT ="" PORTTYPE ="INPUT/OUTPUT" PRECISION ="256" SCALE ="0"/>
            <TRANSFORMFIELD DATATYPE ="string" DEFAULTVALUE ="" DESCRIPTION ="" NAME ="MonthName" PICTURETEXT ="" PORTTYPE ="INPUT/OUTPUT" PRECISION ="256" SCALE ="0"/>
            <TRANSFORMFIELD DATATYPE ="string" DEFAULTVALUE ="" DESCRIPTION ="" NAME ="MonthAbbreviation" PICTURETEXT ="" PORTTYPE ="INPUT/OUTPUT" PRECISION ="256" SCALE ="0"/>
            <TRANSFORMFIELD DATATYPE ="decimal" DEFAULTVALUE ="" DESCRIPTION ="" NAME ="MonthOfYear" PICTURETEXT ="" PORTTYPE ="INPUT/OUTPUT" PRECISION ="2" SCALE ="0"/>
            <TRANSFORMFIELD DATATYPE ="string" DEFAULTVALUE ="" DESCRIPTION ="" NAME ="IsLastDayOfMonth" PICTURETEXT ="" PORTTYPE ="INPUT/OUTPUT" PRECISION ="256" SCALE ="0"/>
            <TRANSFORMFIELD DATATYPE ="decimal" DEFAULTVALUE ="" DESCRIPTION ="" NAME ="Quarter" PICTURETEXT ="" PORTTYPE ="INPUT/OUTPUT" PRECISION ="1" SCALE ="0"/>
            <TRANSFORMFIELD DATATYPE ="string" DEFAULTVALUE ="" DESCRIPTION ="" NAME ="QuarterName" PICTURETEXT ="" PORTTYPE ="INPUT/OUTPUT" PRECISION ="256" SCALE ="0"/>
            <TRANSFORMFIELD DATATYPE ="decimal" DEFAULTVALUE ="" DESCRIPTION ="" NAME ="Year" PICTURETEXT ="" PORTTYPE ="INPUT/OUTPUT" PRECISION ="4" SCALE ="0"/>
            <TRANSFORMFIELD DATATYPE ="decimal" DEFAULTVALUE ="" DESCRIPTION ="" NAME ="YearMonth" PICTURETEXT ="" PORTTYPE ="INPUT/OUTPUT" PRECISION ="6" SCALE ="0"/>
            <TRANSFORMFIELD DATATYPE ="decimal" DEFAULTVALUE ="" DESCRIPTION ="" NAME ="YearQuarter" PICTURETEXT ="" PORTTYPE ="INPUT/OUTPUT" PRECISION ="5" SCALE ="0"/>
            <TRANSFORMFIELD DATATYPE ="decimal" DEFAULTVALUE ="" DESCRIPTION ="" NAME ="YearWeekOfMonth" PICTURETEXT ="" PORTTYPE ="INPUT/OUTPUT" PRECISION ="7" SCALE ="0"/>
            <TRANSFORMFIELD DATATYPE ="decimal" DEFAULTVALUE ="" DESCRIPTION ="" NAME ="YearWeekOfYear" PICTURETEXT ="" PORTTYPE ="INPUT/OUTPUT" PRECISION ="6" SCALE ="0"/>
            <TRANSFORMFIELD DATATYPE ="decimal" DEFAULTVALUE ="" DESCRIPTION ="" NAME ="FiscalYear" PICTURETEXT ="" PORTTYPE ="INPUT/OUTPUT" PRECISION ="4" SCALE ="0"/>
            <TRANSFORMFIELD DATATYPE ="decimal" DEFAULTVALUE ="" DESCRIPTION ="" NAME ="FiscalQuarter" PICTURETEXT ="" PORTTYPE ="INPUT/OUTPUT" PRECISION ="1" SCALE ="0"/>
            <TRANSFORMFIELD DATATYPE ="string" DEFAULTVALUE ="" DESCRIPTION ="" NAME ="FiscalQuarterName" PICTURETEXT ="" PORTTYPE ="INPUT/OUTPUT" PRECISION ="256" SCALE ="0"/>
            <TRANSFORMFIELD DATATYPE ="decimal" DEFAULTVALUE ="" DESCRIPTION ="" NAME ="FiscalYearQuarter" PICTURETEXT ="" PORTTYPE ="INPUT/OUTPUT" PRECISION ="5" SCALE ="0"/>
            <TRANSFORMFIELD DATATYPE ="decimal" DEFAULTVALUE ="" DESCRIPTION ="" NAME ="FiscalPeriod" PICTURETEXT ="" PORTTYPE ="INPUT/OUTPUT" PRECISION ="2" SCALE ="0"/>
            <TRANSFORMFIELD DATATYPE ="string" DEFAULTVALUE ="" DESCRIPTION ="" NAME ="FiscalPeriodName" PICTURETEXT ="" PORTTYPE ="INPUT/OUTPUT" PRECISION ="256" SCALE ="0"/>
            <TRANSFORMFIELD DATATYPE ="decimal" DEFAULTVALUE ="" DESCRIPTION ="" NAME ="FiscalYearPeriod" PICTURETEXT ="" PORTTYPE ="INPUT/OUTPUT" PRECISION ="6" SCALE ="0"/>
            <TRANSFORMFIELD DATATYPE ="decimal" DEFAULTVALUE ="" DESCRIPTION ="" NAME ="FiscalWeek" PICTURETEXT ="" PORTTYPE ="INPUT/OUTPUT" PRECISION ="2" SCALE ="0"/>
            <TRANSFORMFIELD DATATYPE ="string" DEFAULTVALUE ="" DESCRIPTION ="" NAME ="FiscalWeekName" PICTURETEXT ="" PORTTYPE ="INPUT/OUTPUT" PRECISION ="256" SCALE ="0"/>
            <TRANSFORMFIELD DATATYPE ="decimal" DEFAULTVALUE ="" DESCRIPTION ="" NAME ="FiscalYearWeek" PICTURETEXT ="" PORTTYPE ="INPUT/OUTPUT" PRECISION ="6" SCALE ="0"/>
            <TRANSFORMFIELD DATATYPE ="decimal" DEFAULTVALUE ="" DESCRIPTION ="" NAME ="PayrollYear" PICTURETEXT ="" PORTTYPE ="INPUT/OUTPUT" PRECISION ="4" SCALE ="0"/>
            <TRANSFORMFIELD DATATYPE ="decimal" DEFAULTVALUE ="" DESCRIPTION ="" NAME ="PayrollWeek" PICTURETEXT ="" PORTTYPE ="INPUT/OUTPUT" PRECISION ="2" SCALE ="0"/>
            <TRANSFORMFIELD DATATYPE ="string" DEFAULTVALUE ="" DESCRIPTION ="" NAME ="PayrollWeekName" PICTURETEXT ="" PORTTYPE ="INPUT/OUTPUT" PRECISION ="256" SCALE ="0"/>
            <TRANSFORMFIELD DATATYPE ="decimal" DEFAULTVALUE ="" DESCRIPTION ="" NAME ="PayrollYearWeek" PICTURETEXT ="" PORTTYPE ="INPUT/OUTPUT" PRECISION ="6" SCALE ="0"/>
            <TRANSFORMFIELD DATATYPE ="decimal" DEFAULTVALUE ="" DESCRIPTION ="" NAME ="UpdateAuditKey" PICTURETEXT ="" PORTTYPE ="INPUT/OUTPUT" PRECISION ="6" SCALE ="0"/>
            <TABLEATTRIBUTE NAME ="Sql Query" VALUE =""/>
            <TABLEATTRIBUTE NAME ="User Defined Join" VALUE =""/>
            <TABLEATTRIBUTE NAME ="Source Filter" VALUE =""/>
            <TABLEATTRIBUTE NAME ="Number Of Sorted Ports" VALUE ="0"/>
            <TABLEATTRIBUTE NAME ="Tracing Level" VALUE ="Normal"/>
            <TABLEATTRIBUTE NAME ="Select Distinct" VALUE ="NO"/>
            <TABLEATTRIBUTE NAME ="Is Partitionable" VALUE ="NO"/>
            <TABLEATTRIBUTE NAME ="Pre SQL" VALUE =""/>
            <TABLEATTRIBUTE NAME ="Post SQL" VALUE =""/>
            <TABLEATTRIBUTE NAME ="Output is deterministic" VALUE ="NO"/>
            <TABLEATTRIBUTE NAME ="Output is repeatable" VALUE ="Never"/>
        </TRANSFORMATION>
        <TRANSFORMATION DESCRIPTION ="" NAME ="EXPTRANS" OBJECTVERSION ="1" REUSABLE ="NO" TYPE ="Expression" VERSIONNUMBER ="1">
            <TRANSFORMFIELD DATATYPE ="decimal" DEFAULTVALUE ="" DESCRIPTION ="" EXPRESSION ="DimDateKey" EXPRESSIONTYPE ="GENERAL" NAME ="DimDateKey" PICTURETEXT ="" PORTTYPE ="INPUT/OUTPUT" PRECISION ="8" SCALE ="0"/>
            <TRANSFORMFIELD DATATYPE ="string" DEFAULTVALUE ="" DESCRIPTION ="" EXPRESSION ="FullDate" EXPRESSIONTYPE ="GENERAL" NAME ="FullDate" PICTURETEXT ="" PORTTYPE ="INPUT/OUTPUT" PRECISION ="256" SCALE ="0"/>
            <TRANSFORMFIELD DATATYPE ="string" DEFAULTVALUE ="" DESCRIPTION ="" EXPRESSION ="DateName" EXPRESSIONTYPE ="GENERAL" NAME ="DateName" PICTURETEXT ="" PORTTYPE ="INPUT/OUTPUT" PRECISION ="256" SCALE ="0"/>
            <TRANSFORMFIELD DATATYPE ="decimal" DEFAULTVALUE ="" DESCRIPTION ="" EXPRESSION ="DayOfWeek" EXPRESSIONTYPE ="GENERAL" NAME ="DayOfWeek" PICTURETEXT ="" PORTTYPE ="INPUT/OUTPUT" PRECISION ="1" SCALE ="0"/>
            <TRANSFORMFIELD DATATYPE ="string" DEFAULTVALUE ="" DESCRIPTION ="" EXPRESSION ="DayNameAbbreviation" EXPRESSIONTYPE ="GENERAL" NAME ="DayNameAbbreviation" PICTURETEXT ="" PORTTYPE ="INPUT/OUTPUT" PRECISION ="256" SCALE ="0"/>
            <TRANSFORMFIELD DATATYPE ="string" DEFAULTVALUE ="" DESCRIPTION ="" EXPRESSION ="DayNameOfWeek" EXPRESSIONTYPE ="GENERAL" NAME ="DayNameOfWeek" PICTURETEXT ="" PORTTYPE ="INPUT/OUTPUT" PRECISION ="256" SCALE ="0"/>
            <TRANSFORMFIELD DATATYPE ="decimal" DEFAULTVALUE ="" DESCRIPTION ="" EXPRESSION ="DayOfMonth" EXPRESSIONTYPE ="GENERAL" NAME ="DayOfMonth" PICTURETEXT ="" PORTTYPE ="INPUT/OUTPUT" PRECISION ="2" SCALE ="0"/>
            <TRANSFORMFIELD DATATYPE ="decimal" DEFAULTVALUE ="" DESCRIPTION ="" EXPRESSION ="DayOfYear" EXPRESSIONTYPE ="GENERAL" NAME ="DayOfYear" PICTURETEXT ="" PORTTYPE ="INPUT/OUTPUT" PRECISION ="3" SCALE ="0"/>
            <TRANSFORMFIELD DATATYPE ="string" DEFAULTVALUE ="" DESCRIPTION ="" EXPRESSION ="WeekdayWeekend" EXPRESSIONTYPE ="GENERAL" NAME ="WeekdayWeekend" PICTURETEXT ="" PORTTYPE ="INPUT/OUTPUT" PRECISION ="256" SCALE ="0"/>
            <TRANSFORMFIELD DATATYPE ="decimal" DEFAULTVALUE ="" DESCRIPTION ="" EXPRESSION ="WeekOfMonth" EXPRESSIONTYPE ="GENERAL" NAME ="WeekOfMonth" PICTURETEXT ="" PORTTYPE ="INPUT/OUTPUT" PRECISION ="1" SCALE ="0"/>
            <TRANSFORMFIELD DATATYPE ="string" DEFAULTVALUE ="" DESCRIPTION ="" EXPRESSION ="WeekOfMonthName" EXPRESSIONTYPE ="GENERAL" NAME ="WeekOfMonthName" PICTURETEXT ="" PORTTYPE ="INPUT/OUTPUT" PRECISION ="256" SCALE ="0"/>
            <TRANSFORMFIELD DATATYPE ="decimal" DEFAULTVALUE ="" DESCRIPTION ="" EXPRESSION ="WeekOfMonthSPOT" EXPRESSIONTYPE ="GENERAL" NAME ="WeekOfMonthSPOT" PICTURETEXT ="" PORTTYPE ="INPUT/OUTPUT" PRECISION ="1" SCALE ="0"/>
            <TRANSFORMFIELD DATATYPE ="string" DEFAULTVALUE ="" DESCRIPTION ="" EXPRESSION ="WeekOfMonthSPOTName" EXPRESSIONTYPE ="GENERAL" NAME ="WeekOfMonthSPOTName" PICTURETEXT ="" PORTTYPE ="INPUT/OUTPUT" PRECISION ="256" SCALE ="0"/>
            <TRANSFORMFIELD DATATYPE ="decimal" DEFAULTVALUE ="" DESCRIPTION ="" EXPRESSION ="WeekOfYear" EXPRESSIONTYPE ="GENERAL" NAME ="WeekOfYear" PICTURETEXT ="" PORTTYPE ="INPUT/OUTPUT" PRECISION ="2" SCALE ="0"/>
            <TRANSFORMFIELD DATATYPE ="string" DEFAULTVALUE ="" DESCRIPTION ="" EXPRESSION ="WeekOfYearName" EXPRESSIONTYPE ="GENERAL" NAME ="WeekOfYearName" PICTURETEXT ="" PORTTYPE ="INPUT/OUTPUT" PRECISION ="256" SCALE ="0"/>
            <TRANSFORMFIELD DATATYPE ="string" DEFAULTVALUE ="" DESCRIPTION ="" EXPRESSION ="MonthName" EXPRESSIONTYPE ="GENERAL" NAME ="MonthName" PICTURETEXT ="" PORTTYPE ="INPUT/OUTPUT" PRECISION ="256" SCALE ="0"/>
            <TRANSFORMFIELD DATATYPE ="string" DEFAULTVALUE ="" DESCRIPTION ="" EXPRESSION ="MonthAbbreviation" EXPRESSIONTYPE ="GENERAL" NAME ="MonthAbbreviation" PICTURETEXT ="" PORTTYPE ="INPUT/OUTPUT" PRECISION ="256" SCALE ="0"/>
            <TRANSFORMFIELD DATATYPE ="decimal" DEFAULTVALUE ="" DESCRIPTION ="" EXPRESSION ="MonthOfYear" EXPRESSIONTYPE ="GENERAL" NAME ="MonthOfYear" PICTURETEXT ="" PORTTYPE ="INPUT/OUTPUT" PRECISION ="2" SCALE ="0"/>
            <TRANSFORMFIELD DATATYPE ="string" DEFAULTVALUE ="" DESCRIPTION ="" EXPRESSION ="IsLastDayOfMonth" EXPRESSIONTYPE ="GENERAL" NAME ="IsLastDayOfMonth" PICTURETEXT ="" PORTTYPE ="INPUT/OUTPUT" PRECISION ="256" SCALE ="0"/>
            <TRANSFORMFIELD DATATYPE ="decimal" DEFAULTVALUE ="" DESCRIPTION ="" EXPRESSION ="Quarter" EXPRESSIONTYPE ="GENERAL" NAME ="Quarter" PICTURETEXT ="" PORTTYPE ="INPUT/OUTPUT" PRECISION ="1" SCALE ="0"/>
            <TRANSFORMFIELD DATATYPE ="string" DEFAULTVALUE ="" DESCRIPTION ="" EXPRESSION ="QuarterName" EXPRESSIONTYPE ="GENERAL" NAME ="QuarterName" PICTURETEXT ="" PORTTYPE ="INPUT/OUTPUT" PRECISION ="256" SCALE ="0"/>
            <TRANSFORMFIELD DATATYPE ="decimal" DEFAULTVALUE ="" DESCRIPTION ="" EXPRESSION ="Year" EXPRESSIONTYPE ="GENERAL" NAME ="Year" PICTURETEXT ="" PORTTYPE ="INPUT/OUTPUT" PRECISION ="4" SCALE ="0"/>
            <TRANSFORMFIELD DATATYPE ="decimal" DEFAULTVALUE ="" DESCRIPTION ="" EXPRESSION ="YearMonth" EXPRESSIONTYPE ="GENERAL" NAME ="YearMonth" PICTURETEXT ="" PORTTYPE ="INPUT/OUTPUT" PRECISION ="6" SCALE ="0"/>
            <TRANSFORMFIELD DATATYPE ="decimal" DEFAULTVALUE ="" DESCRIPTION ="" EXPRESSION ="YearQuarter" EXPRESSIONTYPE ="GENERAL" NAME ="YearQuarter" PICTURETEXT ="" PORTTYPE ="INPUT/OUTPUT" PRECISION ="5" SCALE ="0"/>
            <TRANSFORMFIELD DATATYPE ="decimal" DEFAULTVALUE ="" DESCRIPTION ="" EXPRESSION ="YearWeekOfMonth" EXPRESSIONTYPE ="GENERAL" NAME ="YearWeekOfMonth" PICTURETEXT ="" PORTTYPE ="INPUT/OUTPUT" PRECISION ="7" SCALE ="0"/>
            <TRANSFORMFIELD DATATYPE ="decimal" DEFAULTVALUE ="" DESCRIPTION ="" EXPRESSION ="YearWeekOfYear" EXPRESSIONTYPE ="GENERAL" NAME ="YearWeekOfYear" PICTURETEXT ="" PORTTYPE ="INPUT/OUTPUT" PRECISION ="6" SCALE ="0"/>
            <TRANSFORMFIELD DATATYPE ="decimal" DEFAULTVALUE ="" DESCRIPTION ="" EXPRESSION ="FiscalYear" EXPRESSIONTYPE ="GENERAL" NAME ="FiscalYear" PICTURETEXT ="" PORTTYPE ="INPUT/OUTPUT" PRECISION ="4" SCALE ="0"/>
            <TRANSFORMFIELD DATATYPE ="decimal" DEFAULTVALUE ="" DESCRIPTION ="" EXPRESSION ="FiscalQuarter" EXPRESSIONTYPE ="GENERAL" NAME ="FiscalQuarter" PICTURETEXT ="" PORTTYPE ="INPUT/OUTPUT" PRECISION ="1" SCALE ="0"/>
            <TRANSFORMFIELD DATATYPE ="string" DEFAULTVALUE ="" DESCRIPTION ="" EXPRESSION ="FiscalQuarterName" EXPRESSIONTYPE ="GENERAL" NAME ="FiscalQuarterName" PICTURETEXT ="" PORTTYPE ="INPUT/OUTPUT" PRECISION ="256" SCALE ="0"/>
            <TRANSFORMFIELD DATATYPE ="decimal" DEFAULTVALUE ="" DESCRIPTION ="" EXPRESSION ="FiscalYearQuarter" EXPRESSIONTYPE ="GENERAL" NAME ="FiscalYearQuarter" PICTURETEXT ="" PORTTYPE ="INPUT/OUTPUT" PRECISION ="5" SCALE ="0"/>
            <TRANSFORMFIELD DATATYPE ="decimal" DEFAULTVALUE ="" DESCRIPTION ="" EXPRESSION ="FiscalPeriod" EXPRESSIONTYPE ="GENERAL" NAME ="FiscalPeriod" PICTURETEXT ="" PORTTYPE ="INPUT/OUTPUT" PRECISION ="2" SCALE ="0"/>
            <TRANSFORMFIELD DATATYPE ="string" DEFAULTVALUE ="" DESCRIPTION ="" EXPRESSION ="FiscalPeriodName" EXPRESSIONTYPE ="GENERAL" NAME ="FiscalPeriodName" PICTURETEXT ="" PORTTYPE ="INPUT/OUTPUT" PRECISION ="256" SCALE ="0"/>
            <TRANSFORMFIELD DATATYPE ="decimal" DEFAULTVALUE ="" DESCRIPTION ="" EXPRESSION ="FiscalYearPeriod" EXPRESSIONTYPE ="GENERAL" NAME ="FiscalYearPeriod" PICTURETEXT ="" PORTTYPE ="INPUT/OUTPUT" PRECISION ="6" SCALE ="0"/>
            <TRANSFORMFIELD DATATYPE ="decimal" DEFAULTVALUE ="" DESCRIPTION ="" EXPRESSION ="FiscalWeek" EXPRESSIONTYPE ="GENERAL" NAME ="FiscalWeek" PICTURETEXT ="" PORTTYPE ="INPUT/OUTPUT" PRECISION ="2" SCALE ="0"/>
            <TRANSFORMFIELD DATATYPE ="string" DEFAULTVALUE ="" DESCRIPTION ="" EXPRESSION ="FiscalWeekName" EXPRESSIONTYPE ="GENERAL" NAME ="FiscalWeekName" PICTURETEXT ="" PORTTYPE ="INPUT/OUTPUT" PRECISION ="256" SCALE ="0"/>
            <TRANSFORMFIELD DATATYPE ="decimal" DEFAULTVALUE ="" DESCRIPTION ="" EXPRESSION ="FiscalYearWeek" EXPRESSIONTYPE ="GENERAL" NAME ="FiscalYearWeek" PICTURETEXT ="" PORTTYPE ="INPUT/OUTPUT" PRECISION ="6" SCALE ="0"/>
            <TRANSFORMFIELD DATATYPE ="decimal" DEFAULTVALUE ="" DESCRIPTION ="" EXPRESSION ="PayrollYear" EXPRESSIONTYPE ="GENERAL" NAME ="PayrollYear" PICTURETEXT ="" PORTTYPE ="INPUT/OUTPUT" PRECISION ="4" SCALE ="0"/>
            <TRANSFORMFIELD DATATYPE ="decimal" DEFAULTVALUE ="" DESCRIPTION ="" EXPRESSION ="PayrollWeek" EXPRESSIONTYPE ="GENERAL" NAME ="PayrollWeek" PICTURETEXT ="" PORTTYPE ="INPUT/OUTPUT" PRECISION ="2" SCALE ="0"/>
            <TRANSFORMFIELD DATATYPE ="string" DEFAULTVALUE ="" DESCRIPTION ="" EXPRESSION ="PayrollWeekName" EXPRESSIONTYPE ="GENERAL" NAME ="PayrollWeekName" PICTURETEXT ="" PORTTYPE ="INPUT/OUTPUT" PRECISION ="256" SCALE ="0"/>
            <TRANSFORMFIELD DATATYPE ="decimal" DEFAULTVALUE ="" DESCRIPTION ="" EXPRESSION ="PayrollYearWeek" EXPRESSIONTYPE ="GENERAL" NAME ="PayrollYearWeek" PICTURETEXT ="" PORTTYPE ="INPUT/OUTPUT" PRECISION ="6" SCALE ="0"/>
            <TRANSFORMFIELD DATATYPE ="decimal" DEFAULTVALUE ="" DESCRIPTION ="" EXPRESSION ="UpdateAuditKey" EXPRESSIONTYPE ="GENERAL" NAME ="UpdateAuditKey" PICTURETEXT ="" PORTTYPE ="INPUT/OUTPUT" PRECISION ="6" SCALE ="0"/>
            <TABLEATTRIBUTE NAME ="Tracing Level" VALUE ="Normal"/>
        </TRANSFORMATION>
        <INSTANCE DESCRIPTION ="" NAME ="DIMDATE_846" TRANSFORMATION_NAME ="DIMDATE_846" TRANSFORMATION_TYPE ="Target Definition" TYPE ="TARGET"/>
        <INSTANCE DBDNAME ="FlatFile" DESCRIPTION ="" NAME ="Date" TRANSFORMATION_NAME ="Date" TRANSFORMATION_TYPE ="Source Definition" TYPE ="SOURCE"/>
        <INSTANCE DESCRIPTION ="" NAME ="SQ_Date" REUSABLE ="NO" TRANSFORMATION_NAME ="SQ_Date" TRANSFORMATION_TYPE ="Source Qualifier" TYPE ="TRANSFORMATION">
            <ASSOCIATED_SOURCE_INSTANCE NAME ="Date"/>
        </INSTANCE>
        <INSTANCE DESCRIPTION ="" NAME ="EXPTRANS" REUSABLE ="NO" TRANSFORMATION_NAME ="EXPTRANS" TRANSFORMATION_TYPE ="Expression" TYPE ="TRANSFORMATION"/>
        <CONNECTOR FROMFIELD ="DimDateKey" FROMINSTANCE ="EXPTRANS" FROMINSTANCETYPE ="Expression" TOFIELD ="DATEKEY" TOINSTANCE ="DIMDATE_846" TOINSTANCETYPE ="Target Definition"/>
        <CONNECTOR FROMFIELD ="FullDate" FROMINSTANCE ="EXPTRANS" FROMINSTANCETYPE ="Expression" TOFIELD ="D_DATE" TOINSTANCE ="DIMDATE_846" TOINSTANCETYPE ="Target Definition"/>
        <CONNECTOR FROMFIELD ="DayOfMonth" FROMINSTANCE ="EXPTRANS" FROMINSTANCETYPE ="Expression" TOFIELD ="DAYOFMONTH" TOINSTANCE ="DIMDATE_846" TOINSTANCETYPE ="Target Definition"/>
        <CONNECTOR FROMFIELD ="DateName" FROMINSTANCE ="EXPTRANS" FROMINSTANCETYPE ="Expression" TOFIELD ="DAYNAME" TOINSTANCE ="DIMDATE_846" TOINSTANCETYPE ="Target Definition"/>
        <CONNECTOR FROMFIELD ="DayOfYear" FROMINSTANCE ="EXPTRANS" FROMINSTANCETYPE ="Expression" TOFIELD ="DAYOFYEAR" TOINSTANCE ="DIMDATE_846" TOINSTANCETYPE ="Target Definition"/>
        <CONNECTOR FROMFIELD ="MonthName" FROMINSTANCE ="EXPTRANS" FROMINSTANCETYPE ="Expression" TOFIELD ="MONTHNAME" TOINSTANCE ="DIMDATE_846" TOINSTANCETYPE ="Target Definition"/>
        <CONNECTOR FROMFIELD ="MonthOfYear" FROMINSTANCE ="EXPTRANS" FROMINSTANCETYPE ="Expression" TOFIELD ="MONTHYEAR" TOINSTANCE ="DIMDATE_846" TOINSTANCETYPE ="Target Definition"/>
        <CONNECTOR FROMFIELD ="QuarterName" FROMINSTANCE ="EXPTRANS" FROMINSTANCETYPE ="Expression" TOFIELD ="QUARTERNAME" TOINSTANCE ="DIMDATE_846" TOINSTANCETYPE ="Target Definition"/>
        <CONNECTOR FROMFIELD ="YearMonth" FROMINSTANCE ="EXPTRANS" FROMINSTANCETYPE ="Expression" TOFIELD ="YEARNAME" TOINSTANCE ="DIMDATE_846" TOINSTANCETYPE ="Target Definition"/>
        <CONNECTOR FROMFIELD ="Quarter" FROMINSTANCE ="EXPTRANS" FROMINSTANCETYPE ="Expression" TOFIELD ="QUARTER" TOINSTANCE ="DIMDATE_846" TOINSTANCETYPE ="Target Definition"/>
        <CONNECTOR FROMFIELD ="MonthAbbreviation" FROMINSTANCE ="EXPTRANS" FROMINSTANCETYPE ="Expression" TOFIELD ="MONTH" TOINSTANCE ="DIMDATE_846" TOINSTANCETYPE ="Target Definition"/>
        <CONNECTOR FROMFIELD ="WeekOfYearName" FROMINSTANCE ="EXPTRANS" FROMINSTANCETYPE ="Expression" TOFIELD ="MONTHOFQUARTER" TOINSTANCE ="DIMDATE_846" TOINSTANCETYPE ="Target Definition"/>
        <CONNECTOR FROMFIELD ="DayNameOfWeek" FROMINSTANCE ="EXPTRANS" FROMINSTANCETYPE ="Expression" TOFIELD ="DAYOFQUARTER" TOINSTANCE ="DIMDATE_846" TOINSTANCETYPE ="Target Definition"/>
        <CONNECTOR FROMFIELD ="DimDateKey" FROMINSTANCE ="Date" FROMINSTANCETYPE ="Source Definition" TOFIELD ="DimDateKey" TOINSTANCE ="SQ_Date" TOINSTANCETYPE ="Source Qualifier"/>
        <CONNECTOR FROMFIELD ="FullDate" FROMINSTANCE ="Date" FROMINSTANCETYPE ="Source Definition" TOFIELD ="FullDate" TOINSTANCE ="SQ_Date" TOINSTANCETYPE ="Source Qualifier"/>
        <CONNECTOR FROMFIELD ="DateName" FROMINSTANCE ="Date" FROMINSTANCETYPE ="Source Definition" TOFIELD ="DateName" TOINSTANCE ="SQ_Date" TOINSTANCETYPE ="Source Qualifier"/>
        <CONNECTOR FROMFIELD ="DayOfWeek" FROMINSTANCE ="Date" FROMINSTANCETYPE ="Source Definition" TOFIELD ="DayOfWeek" TOINSTANCE ="SQ_Date" TOINSTANCETYPE ="Source Qualifier"/>
        <CONNECTOR FROMFIELD ="DayNameAbbreviation" FROMINSTANCE ="Date" FROMINSTANCETYPE ="Source Definition" TOFIELD ="DayNameAbbreviation" TOINSTANCE ="SQ_Date" TOINSTANCETYPE ="Source Qualifier"/>
        <CONNECTOR FROMFIELD ="DayNameOfWeek" FROMINSTANCE ="Date" FROMINSTANCETYPE ="Source Definition" TOFIELD ="DayNameOfWeek" TOINSTANCE ="SQ_Date" TOINSTANCETYPE ="Source Qualifier"/>
        <CONNECTOR FROMFIELD ="DayOfMonth" FROMINSTANCE ="Date" FROMINSTANCETYPE ="Source Definition" TOFIELD ="DayOfMonth" TOINSTANCE ="SQ_Date" TOINSTANCETYPE ="Source Qualifier"/>
        <CONNECTOR FROMFIELD ="DayOfYear" FROMINSTANCE ="Date" FROMINSTANCETYPE ="Source Definition" TOFIELD ="DayOfYear" TOINSTANCE ="SQ_Date" TOINSTANCETYPE ="Source Qualifier"/>
        <CONNECTOR FROMFIELD ="WeekdayWeekend" FROMINSTANCE ="Date" FROMINSTANCETYPE ="Source Definition" TOFIELD ="WeekdayWeekend" TOINSTANCE ="SQ_Date" TOINSTANCETYPE ="Source Qualifier"/>
        <CONNECTOR FROMFIELD ="WeekOfMonth" FROMINSTANCE ="Date" FROMINSTANCETYPE ="Source Definition" TOFIELD ="WeekOfMonth" TOINSTANCE ="SQ_Date" TOINSTANCETYPE ="Source Qualifier"/>
        <CONNECTOR FROMFIELD ="WeekOfMonthName" FROMINSTANCE ="Date" FROMINSTANCETYPE ="Source Definition" TOFIELD ="WeekOfMonthName" TOINSTANCE ="SQ_Date" TOINSTANCETYPE ="Source Qualifier"/>
        <CONNECTOR FROMFIELD ="WeekOfMonthSPOT" FROMINSTANCE ="Date" FROMINSTANCETYPE ="Source Definition" TOFIELD ="WeekOfMonthSPOT" TOINSTANCE ="SQ_Date" TOINSTANCETYPE ="Source Qualifier"/>
        <CONNECTOR FROMFIELD ="WeekOfMonthSPOTName" FROMINSTANCE ="Date" FROMINSTANCETYPE ="Source Definition" TOFIELD ="WeekOfMonthSPOTName" TOINSTANCE ="SQ_Date" TOINSTANCETYPE ="Source Qualifier"/>
        <CONNECTOR FROMFIELD ="WeekOfYear" FROMINSTANCE ="Date" FROMINSTANCETYPE ="Source Definition" TOFIELD ="WeekOfYear" TOINSTANCE ="SQ_Date" TOINSTANCETYPE ="Source Qualifier"/>
        <CONNECTOR FROMFIELD ="WeekOfYearName" FROMINSTANCE ="Date" FROMINSTANCETYPE ="Source Definition" TOFIELD ="WeekOfYearName" TOINSTANCE ="SQ_Date" TOINSTANCETYPE ="Source Qualifier"/>
        <CONNECTOR FROMFIELD ="MonthName" FROMINSTANCE ="Date" FROMINSTANCETYPE ="Source Definition" TOFIELD ="MonthName" TOINSTANCE ="SQ_Date" TOINSTANCETYPE ="Source Qualifier"/>
        <CONNECTOR FROMFIELD ="MonthAbbreviation" FROMINSTANCE ="Date" FROMINSTANCETYPE ="Source Definition" TOFIELD ="MonthAbbreviation" TOINSTANCE ="SQ_Date" TOINSTANCETYPE ="Source Qualifier"/>
        <CONNECTOR FROMFIELD ="MonthOfYear" FROMINSTANCE ="Date" FROMINSTANCETYPE ="Source Definition" TOFIELD ="MonthOfYear" TOINSTANCE ="SQ_Date" TOINSTANCETYPE ="Source Qualifier"/>
        <CONNECTOR FROMFIELD ="IsLastDayOfMonth" FROMINSTANCE ="Date" FROMINSTANCETYPE ="Source Definition" TOFIELD ="IsLastDayOfMonth" TOINSTANCE ="SQ_Date" TOINSTANCETYPE ="Source Qualifier"/>
        <CONNECTOR FROMFIELD ="Quarter" FROMINSTANCE ="Date" FROMINSTANCETYPE ="Source Definition" TOFIELD ="Quarter" TOINSTANCE ="SQ_Date" TOINSTANCETYPE ="Source Qualifier"/>
        <CONNECTOR FROMFIELD ="QuarterName" FROMINSTANCE ="Date" FROMINSTANCETYPE ="Source Definition" TOFIELD ="QuarterName" TOINSTANCE ="SQ_Date" TOINSTANCETYPE ="Source Qualifier"/>
        <CONNECTOR FROMFIELD ="Year" FROMINSTANCE ="Date" FROMINSTANCETYPE ="Source Definition" TOFIELD ="Year" TOINSTANCE ="SQ_Date" TOINSTANCETYPE ="Source Qualifier"/>
        <CONNECTOR FROMFIELD ="YearMonth" FROMINSTANCE ="Date" FROMINSTANCETYPE ="Source Definition" TOFIELD ="YearMonth" TOINSTANCE ="SQ_Date" TOINSTANCETYPE ="Source Qualifier"/>
        <CONNECTOR FROMFIELD ="YearQuarter" FROMINSTANCE ="Date" FROMINSTANCETYPE ="Source Definition" TOFIELD ="YearQuarter" TOINSTANCE ="SQ_Date" TOINSTANCETYPE ="Source Qualifier"/>
        <CONNECTOR FROMFIELD ="YearWeekOfMonth" FROMINSTANCE ="Date" FROMINSTANCETYPE ="Source Definition" TOFIELD ="YearWeekOfMonth" TOINSTANCE ="SQ_Date" TOINSTANCETYPE ="Source Qualifier"/>
        <CONNECTOR FROMFIELD ="YearWeekOfYear" FROMINSTANCE ="Date" FROMINSTANCETYPE ="Source Definition" TOFIELD ="YearWeekOfYear" TOINSTANCE ="SQ_Date" TOINSTANCETYPE ="Source Qualifier"/>
        <CONNECTOR FROMFIELD ="FiscalYear" FROMINSTANCE ="Date" FROMINSTANCETYPE ="Source Definition" TOFIELD ="FiscalYear" TOINSTANCE ="SQ_Date" TOINSTANCETYPE ="Source Qualifier"/>
        <CONNECTOR FROMFIELD ="FiscalQuarter" FROMINSTANCE ="Date" FROMINSTANCETYPE ="Source Definition" TOFIELD ="FiscalQuarter" TOINSTANCE ="SQ_Date" TOINSTANCETYPE ="Source Qualifier"/>
        <CONNECTOR FROMFIELD ="FiscalQuarterName" FROMINSTANCE ="Date" FROMINSTANCETYPE ="Source Definition" TOFIELD ="FiscalQuarterName" TOINSTANCE ="SQ_Date" TOINSTANCETYPE ="Source Qualifier"/>
        <CONNECTOR FROMFIELD ="FiscalYearQuarter" FROMINSTANCE ="Date" FROMINSTANCETYPE ="Source Definition" TOFIELD ="FiscalYearQuarter" TOINSTANCE ="SQ_Date" TOINSTANCETYPE ="Source Qualifier"/>
        <CONNECTOR FROMFIELD ="FiscalPeriod" FROMINSTANCE ="Date" FROMINSTANCETYPE ="Source Definition" TOFIELD ="FiscalPeriod" TOINSTANCE ="SQ_Date" TOINSTANCETYPE ="Source Qualifier"/>
        <CONNECTOR FROMFIELD ="FiscalPeriodName" FROMINSTANCE ="Date" FROMINSTANCETYPE ="Source Definition" TOFIELD ="FiscalPeriodName" TOINSTANCE ="SQ_Date" TOINSTANCETYPE ="Source Qualifier"/>
        <CONNECTOR FROMFIELD ="FiscalYearPeriod" FROMINSTANCE ="Date" FROMINSTANCETYPE ="Source Definition" TOFIELD ="FiscalYearPeriod" TOINSTANCE ="SQ_Date" TOINSTANCETYPE ="Source Qualifier"/>
        <CONNECTOR FROMFIELD ="FiscalWeek" FROMINSTANCE ="Date" FROMINSTANCETYPE ="Source Definition" TOFIELD ="FiscalWeek" TOINSTANCE ="SQ_Date" TOINSTANCETYPE ="Source Qualifier"/>
        <CONNECTOR FROMFIELD ="FiscalWeekName" FROMINSTANCE ="Date" FROMINSTANCETYPE ="Source Definition" TOFIELD ="FiscalWeekName" TOINSTANCE ="SQ_Date" TOINSTANCETYPE ="Source Qualifier"/>
        <CONNECTOR FROMFIELD ="FiscalYearWeek" FROMINSTANCE ="Date" FROMINSTANCETYPE ="Source Definition" TOFIELD ="FiscalYearWeek" TOINSTANCE ="SQ_Date" TOINSTANCETYPE ="Source Qualifier"/>
        <CONNECTOR FROMFIELD ="PayrollYear" FROMINSTANCE ="Date" FROMINSTANCETYPE ="Source Definition" TOFIELD ="PayrollYear" TOINSTANCE ="SQ_Date" TOINSTANCETYPE ="Source Qualifier"/>
        <CONNECTOR FROMFIELD ="PayrollWeek" FROMINSTANCE ="Date" FROMINSTANCETYPE ="Source Definition" TOFIELD ="PayrollWeek" TOINSTANCE ="SQ_Date" TOINSTANCETYPE ="Source Qualifier"/>
        <CONNECTOR FROMFIELD ="PayrollWeekName" FROMINSTANCE ="Date" FROMINSTANCETYPE ="Source Definition" TOFIELD ="PayrollWeekName" TOINSTANCE ="SQ_Date" TOINSTANCETYPE ="Source Qualifier"/>
        <CONNECTOR FROMFIELD ="PayrollYearWeek" FROMINSTANCE ="Date" FROMINSTANCETYPE ="Source Definition" TOFIELD ="PayrollYearWeek" TOINSTANCE ="SQ_Date" TOINSTANCETYPE ="Source Qualifier"/>
        <CONNECTOR FROMFIELD ="UpdateAuditKey" FROMINSTANCE ="Date" FROMINSTANCETYPE ="Source Definition" TOFIELD ="UpdateAuditKey" TOINSTANCE ="SQ_Date" TOINSTANCETYPE ="Source Qualifier"/>
        <CONNECTOR FROMFIELD ="DimDateKey" FROMINSTANCE ="SQ_Date" FROMINSTANCETYPE ="Source Qualifier" TOFIELD ="DimDateKey" TOINSTANCE ="EXPTRANS" TOINSTANCETYPE ="Expression"/>
        <CONNECTOR FROMFIELD ="FullDate" FROMINSTANCE ="SQ_Date" FROMINSTANCETYPE ="Source Qualifier" TOFIELD ="FullDate" TOINSTANCE ="EXPTRANS" TOINSTANCETYPE ="Expression"/>
        <CONNECTOR FROMFIELD ="DateName" FROMINSTANCE ="SQ_Date" FROMINSTANCETYPE ="Source Qualifier" TOFIELD ="DateName" TOINSTANCE ="EXPTRANS" TOINSTANCETYPE ="Expression"/>
        <CONNECTOR FROMFIELD ="DayOfWeek" FROMINSTANCE ="SQ_Date" FROMINSTANCETYPE ="Source Qualifier" TOFIELD ="DayOfWeek" TOINSTANCE ="EXPTRANS" TOINSTANCETYPE ="Expression"/>
        <CONNECTOR FROMFIELD ="DayNameAbbreviation" FROMINSTANCE ="SQ_Date" FROMINSTANCETYPE ="Source Qualifier" TOFIELD ="DayNameAbbreviation" TOINSTANCE ="EXPTRANS" TOINSTANCETYPE ="Expression"/>
        <CONNECTOR FROMFIELD ="DayNameOfWeek" FROMINSTANCE ="SQ_Date" FROMINSTANCETYPE ="Source Qualifier" TOFIELD ="DayNameOfWeek" TOINSTANCE ="EXPTRANS" TOINSTANCETYPE ="Expression"/>
        <CONNECTOR FROMFIELD ="DayOfMonth" FROMINSTANCE ="SQ_Date" FROMINSTANCETYPE ="Source Qualifier" TOFIELD ="DayOfMonth" TOINSTANCE ="EXPTRANS" TOINSTANCETYPE ="Expression"/>
        <CONNECTOR FROMFIELD ="DayOfYear" FROMINSTANCE ="SQ_Date" FROMINSTANCETYPE ="Source Qualifier" TOFIELD ="DayOfYear" TOINSTANCE ="EXPTRANS" TOINSTANCETYPE ="Expression"/>
        <CONNECTOR FROMFIELD ="WeekdayWeekend" FROMINSTANCE ="SQ_Date" FROMINSTANCETYPE ="Source Qualifier" TOFIELD ="WeekdayWeekend" TOINSTANCE ="EXPTRANS" TOINSTANCETYPE ="Expression"/>
        <CONNECTOR FROMFIELD ="WeekOfMonth" FROMINSTANCE ="SQ_Date" FROMINSTANCETYPE ="Source Qualifier" TOFIELD ="WeekOfMonth" TOINSTANCE ="EXPTRANS" TOINSTANCETYPE ="Expression"/>
        <CONNECTOR FROMFIELD ="WeekOfMonthName" FROMINSTANCE ="SQ_Date" FROMINSTANCETYPE ="Source Qualifier" TOFIELD ="WeekOfMonthName" TOINSTANCE ="EXPTRANS" TOINSTANCETYPE ="Expression"/>
        <CONNECTOR FROMFIELD ="WeekOfMonthSPOT" FROMINSTANCE ="SQ_Date" FROMINSTANCETYPE ="Source Qualifier" TOFIELD ="WeekOfMonthSPOT" TOINSTANCE ="EXPTRANS" TOINSTANCETYPE ="Expression"/>
        <CONNECTOR FROMFIELD ="WeekOfMonthSPOTName" FROMINSTANCE ="SQ_Date" FROMINSTANCETYPE ="Source Qualifier" TOFIELD ="WeekOfMonthSPOTName" TOINSTANCE ="EXPTRANS" TOINSTANCETYPE ="Expression"/>
        <CONNECTOR FROMFIELD ="WeekOfYear" FROMINSTANCE ="SQ_Date" FROMINSTANCETYPE ="Source Qualifier" TOFIELD ="WeekOfYear" TOINSTANCE ="EXPTRANS" TOINSTANCETYPE ="Expression"/>
        <CONNECTOR FROMFIELD ="WeekOfYearName" FROMINSTANCE ="SQ_Date" FROMINSTANCETYPE ="Source Qualifier" TOFIELD ="WeekOfYearName" TOINSTANCE ="EXPTRANS" TOINSTANCETYPE ="Expression"/>
        <CONNECTOR FROMFIELD ="MonthName" FROMINSTANCE ="SQ_Date" FROMINSTANCETYPE ="Source Qualifier" TOFIELD ="MonthName" TOINSTANCE ="EXPTRANS" TOINSTANCETYPE ="Expression"/>
        <CONNECTOR FROMFIELD ="MonthAbbreviation" FROMINSTANCE ="SQ_Date" FROMINSTANCETYPE ="Source Qualifier" TOFIELD ="MonthAbbreviation" TOINSTANCE ="EXPTRANS" TOINSTANCETYPE ="Expression"/>
        <CONNECTOR FROMFIELD ="MonthOfYear" FROMINSTANCE ="SQ_Date" FROMINSTANCETYPE ="Source Qualifier" TOFIELD ="MonthOfYear" TOINSTANCE ="EXPTRANS" TOINSTANCETYPE ="Expression"/>
        <CONNECTOR FROMFIELD ="IsLastDayOfMonth" FROMINSTANCE ="SQ_Date" FROMINSTANCETYPE ="Source Qualifier" TOFIELD ="IsLastDayOfMonth" TOINSTANCE ="EXPTRANS" TOINSTANCETYPE ="Expression"/>
        <CONNECTOR FROMFIELD ="Quarter" FROMINSTANCE ="SQ_Date" FROMINSTANCETYPE ="Source Qualifier" TOFIELD ="Quarter" TOINSTANCE ="EXPTRANS" TOINSTANCETYPE ="Expression"/>
        <CONNECTOR FROMFIELD ="QuarterName" FROMINSTANCE ="SQ_Date" FROMINSTANCETYPE ="Source Qualifier" TOFIELD ="QuarterName" TOINSTANCE ="EXPTRANS" TOINSTANCETYPE ="Expression"/>
        <CONNECTOR FROMFIELD ="Year" FROMINSTANCE ="SQ_Date" FROMINSTANCETYPE ="Source Qualifier" TOFIELD ="Year" TOINSTANCE ="EXPTRANS" TOINSTANCETYPE ="Expression"/>
        <CONNECTOR FROMFIELD ="YearMonth" FROMINSTANCE ="SQ_Date" FROMINSTANCETYPE ="Source Qualifier" TOFIELD ="YearMonth" TOINSTANCE ="EXPTRANS" TOINSTANCETYPE ="Expression"/>
        <CONNECTOR FROMFIELD ="YearQuarter" FROMINSTANCE ="SQ_Date" FROMINSTANCETYPE ="Source Qualifier" TOFIELD ="YearQuarter" TOINSTANCE ="EXPTRANS" TOINSTANCETYPE ="Expression"/>
        <CONNECTOR FROMFIELD ="YearWeekOfMonth" FROMINSTANCE ="SQ_Date" FROMINSTANCETYPE ="Source Qualifier" TOFIELD ="YearWeekOfMonth" TOINSTANCE ="EXPTRANS" TOINSTANCETYPE ="Expression"/>
        <CONNECTOR FROMFIELD ="YearWeekOfYear" FROMINSTANCE ="SQ_Date" FROMINSTANCETYPE ="Source Qualifier" TOFIELD ="YearWeekOfYear" TOINSTANCE ="EXPTRANS" TOINSTANCETYPE ="Expression"/>
        <CONNECTOR FROMFIELD ="FiscalYear" FROMINSTANCE ="SQ_Date" FROMINSTANCETYPE ="Source Qualifier" TOFIELD ="FiscalYear" TOINSTANCE ="EXPTRANS" TOINSTANCETYPE ="Expression"/>
        <CONNECTOR FROMFIELD ="FiscalQuarter" FROMINSTANCE ="SQ_Date" FROMINSTANCETYPE ="Source Qualifier" TOFIELD ="FiscalQuarter" TOINSTANCE ="EXPTRANS" TOINSTANCETYPE ="Expression"/>
        <CONNECTOR FROMFIELD ="FiscalQuarterName" FROMINSTANCE ="SQ_Date" FROMINSTANCETYPE ="Source Qualifier" TOFIELD ="FiscalQuarterName" TOINSTANCE ="EXPTRANS" TOINSTANCETYPE ="Expression"/>
        <CONNECTOR FROMFIELD ="FiscalYearQuarter" FROMINSTANCE ="SQ_Date" FROMINSTANCETYPE ="Source Qualifier" TOFIELD ="FiscalYearQuarter" TOINSTANCE ="EXPTRANS" TOINSTANCETYPE ="Expression"/>
        <CONNECTOR FROMFIELD ="FiscalPeriod" FROMINSTANCE ="SQ_Date" FROMINSTANCETYPE ="Source Qualifier" TOFIELD ="FiscalPeriod" TOINSTANCE ="EXPTRANS" TOINSTANCETYPE ="Expression"/>
        <CONNECTOR FROMFIELD ="FiscalPeriodName" FROMINSTANCE ="SQ_Date" FROMINSTANCETYPE ="Source Qualifier" TOFIELD ="FiscalPeriodName" TOINSTANCE ="EXPTRANS" TOINSTANCETYPE ="Expression"/>
        <CONNECTOR FROMFIELD ="FiscalYearPeriod" FROMINSTANCE ="SQ_Date" FROMINSTANCETYPE ="Source Qualifier" TOFIELD ="FiscalYearPeriod" TOINSTANCE ="EXPTRANS" TOINSTANCETYPE ="Expression"/>
        <CONNECTOR FROMFIELD ="FiscalWeek" FROMINSTANCE ="SQ_Date" FROMINSTANCETYPE ="Source Qualifier" TOFIELD ="FiscalWeek" TOINSTANCE ="EXPTRANS" TOINSTANCETYPE ="Expression"/>
        <CONNECTOR FROMFIELD ="FiscalWeekName" FROMINSTANCE ="SQ_Date" FROMINSTANCETYPE ="Source Qualifier" TOFIELD ="FiscalWeekName" TOINSTANCE ="EXPTRANS" TOINSTANCETYPE ="Expression"/>
        <CONNECTOR FROMFIELD ="FiscalYearWeek" FROMINSTANCE ="SQ_Date" FROMINSTANCETYPE ="Source Qualifier" TOFIELD ="FiscalYearWeek" TOINSTANCE ="EXPTRANS" TOINSTANCETYPE ="Expression"/>
        <CONNECTOR FROMFIELD ="PayrollYear" FROMINSTANCE ="SQ_Date" FROMINSTANCETYPE ="Source Qualifier" TOFIELD ="PayrollYear" TOINSTANCE ="EXPTRANS" TOINSTANCETYPE ="Expression"/>
        <CONNECTOR FROMFIELD ="PayrollWeek" FROMINSTANCE ="SQ_Date" FROMINSTANCETYPE ="Source Qualifier" TOFIELD ="PayrollWeek" TOINSTANCE ="EXPTRANS" TOINSTANCETYPE ="Expression"/>
        <CONNECTOR FROMFIELD ="PayrollWeekName" FROMINSTANCE ="SQ_Date" FROMINSTANCETYPE ="Source Qualifier" TOFIELD ="PayrollWeekName" TOINSTANCE ="EXPTRANS" TOINSTANCETYPE ="Expression"/>
        <CONNECTOR FROMFIELD ="PayrollYearWeek" FROMINSTANCE ="SQ_Date" FROMINSTANCETYPE ="Source Qualifier" TOFIELD ="PayrollYearWeek" TOINSTANCE ="EXPTRANS" TOINSTANCETYPE ="Expression"/>
        <CONNECTOR FROMFIELD ="UpdateAuditKey" FROMINSTANCE ="SQ_Date" FROMINSTANCETYPE ="Source Qualifier" TOFIELD ="UpdateAuditKey" TOINSTANCE ="EXPTRANS" TOINSTANCETYPE ="Expression"/>
        <TARGETLOADORDER ORDER ="1" TARGETINSTANCE ="DIMDATE_846"/>
        <ERPINFO/>
    </MAPPING>
    <CONFIG DESCRIPTION ="Default session configuration object" ISDEFAULT ="YES" NAME ="default_session_config" VERSIONNUMBER ="1">
        <ATTRIBUTE NAME ="Advanced" VALUE =""/>
        <ATTRIBUTE NAME ="Constraint based load ordering" VALUE ="NO"/>
        <ATTRIBUTE NAME ="Cache LOOKUP() function" VALUE ="YES"/>
        <ATTRIBUTE NAME ="Default buffer block size" VALUE ="Auto"/>
        <ATTRIBUTE NAME ="Line Sequential buffer length" VALUE ="1024"/>
        <ATTRIBUTE NAME ="Maximum Memory Allowed For Auto Memory Attributes" VALUE ="512MB"/>
        <ATTRIBUTE NAME ="Maximum Percentage of Total Memory Allowed For Auto Memory Attributes" VALUE ="5"/>
        <ATTRIBUTE NAME ="Additional Concurrent Pipelines for Lookup Cache Creation" VALUE ="Auto"/>
        <ATTRIBUTE NAME ="Custom Properties" VALUE =""/>
        <ATTRIBUTE NAME ="Pre-build lookup cache" VALUE ="Auto"/>
        <ATTRIBUTE NAME ="Optimization Level" VALUE ="Medium"/>
        <ATTRIBUTE NAME ="DateTime Format String" VALUE ="MM/DD/YYYY HH24:MI:SS.US"/>
        <ATTRIBUTE NAME ="Pre 85 Timestamp Compatibility" VALUE ="NO"/>
        <ATTRIBUTE NAME ="Log Options" VALUE ="0"/>
        <ATTRIBUTE NAME ="Save session log by" VALUE ="Session runs"/>
        <ATTRIBUTE NAME ="Save session log for these runs" VALUE ="0"/>
        <ATTRIBUTE NAME ="Session Log File Max Size" VALUE ="0"/>
        <ATTRIBUTE NAME ="Session Log File Max Time Period" VALUE ="0"/>
        <ATTRIBUTE NAME ="Maximum Partial Session Log Files" VALUE ="1"/>
        <ATTRIBUTE NAME ="Writer Commit Statistics Log Frequency" VALUE ="1"/>
        <ATTRIBUTE NAME ="Writer Commit Statistics Log Interval" VALUE ="0"/>
        <ATTRIBUTE NAME ="Error handling" VALUE =""/>
        <ATTRIBUTE NAME ="Stop on errors" VALUE ="0"/>
        <ATTRIBUTE NAME ="Override tracing" VALUE ="None"/>
        <ATTRIBUTE NAME ="On Stored Procedure error" VALUE ="Stop"/>
        <ATTRIBUTE NAME ="On Pre-session command task error" VALUE ="Stop"/>
        <ATTRIBUTE NAME ="On Pre-Post SQL error" VALUE ="Stop"/>
        <ATTRIBUTE NAME ="Enable Recovery" VALUE ="NO"/>
        <ATTRIBUTE NAME ="Error Log Type" VALUE ="None"/>
        <ATTRIBUTE NAME ="Error Log Table Name Prefix" VALUE =""/>
        <ATTRIBUTE NAME ="Error Log File Name" VALUE ="PMError.log"/>
        <ATTRIBUTE NAME ="Log Source Row Data" VALUE ="NO"/>
        <ATTRIBUTE NAME ="Data Column Delimiter" VALUE ="|"/>
        <ATTRIBUTE NAME ="Partitioning Options" VALUE =""/>
        <ATTRIBUTE NAME ="Dynamic Partitioning" VALUE ="Disabled"/>
        <ATTRIBUTE NAME ="Number of Partitions" VALUE ="1"/>
        <ATTRIBUTE NAME ="Multiplication Factor" VALUE ="Auto"/>
        <ATTRIBUTE NAME ="Session on Grid" VALUE =""/>
        <ATTRIBUTE NAME ="Is Enabled" VALUE ="NO"/>
    </CONFIG>
    <SESSION DESCRIPTION ="" ISVALID ="YES" MAPPINGNAME ="m_dimdate_tgt" NAME ="s_dimdate" REUSABLE ="YES" SORTORDER ="Binary" VERSIONNUMBER ="1">
        <SESSTRANSFORMATIONINST ISREPARTITIONPOINT ="YES" PARTITIONTYPE ="PASS THROUGH" PIPELINE ="1" SINSTANCENAME ="DIMDATE_846" STAGE ="1" TRANSFORMATIONNAME ="DIMDATE_846" TRANSFORMATIONTYPE ="Target Definition"/>
        <SESSTRANSFORMATIONINST ISREPARTITIONPOINT ="NO" PIPELINE ="0" SINSTANCENAME ="Date" STAGE ="0" TRANSFORMATIONNAME ="Date" TRANSFORMATIONTYPE ="Source Definition">
            <FLATFILE CODEPAGE ="MS1252" CONSECDELIMITERSASONE ="NO" DELIMITED ="YES" DELIMITERS ="," ESCAPE_CHARACTER ="" KEEPESCAPECHAR ="NO" LINESEQUENTIAL ="NO" MULTIDELIMITERSASAND ="YES" NULLCHARTYPE ="ASCII" NULL_CHARACTER ="*" PADBYTES ="1" QUOTE_CHARACTER ="DOUBLE" REPEATABLE ="NO" ROWDELIMITER ="0" SKIPROWS ="1" STRIPTRAILINGBLANKS ="NO"/>
        </SESSTRANSFORMATIONINST>
        <SESSTRANSFORMATIONINST ISREPARTITIONPOINT ="YES" PARTITIONTYPE ="PASS THROUGH" PIPELINE ="1" SINSTANCENAME ="SQ_Date" STAGE ="2" TRANSFORMATIONNAME ="SQ_Date" TRANSFORMATIONTYPE ="Source Qualifier"/>
        <SESSTRANSFORMATIONINST ISREPARTITIONPOINT ="NO" PIPELINE ="1" SINSTANCENAME ="EXPTRANS" STAGE ="2" TRANSFORMATIONNAME ="EXPTRANS" TRANSFORMATIONTYPE ="Expression">
            <PARTITION DESCRIPTION ="" NAME ="Partition #1"/>
        </SESSTRANSFORMATIONINST>
        <CONFIGREFERENCE REFOBJECTNAME ="default_session_config" TYPE ="Session config"/>
        <SESSIONEXTENSION NAME ="Relational Writer" SINSTANCENAME ="DIMDATE_846" SUBTYPE ="Relational Writer" TRANSFORMATIONTYPE ="Target Definition" TYPE ="WRITER">
            <CONNECTIONREFERENCE CNXREFNAME ="DB Connection" CONNECTIONNAME ="Oracle_DWH" CONNECTIONNUMBER ="1" CONNECTIONSUBTYPE ="Oracle" CONNECTIONTYPE ="Relational" VARIABLE =""/>
            <ATTRIBUTE NAME ="Target load type" VALUE ="Bulk"/>
            <ATTRIBUTE NAME ="Insert" VALUE ="YES"/>
            <ATTRIBUTE NAME ="Update as Update" VALUE ="YES"/>
            <ATTRIBUTE NAME ="Update as Insert" VALUE ="NO"/>
            <ATTRIBUTE NAME ="Update else Insert" VALUE ="NO"/>
            <ATTRIBUTE NAME ="Delete" VALUE ="YES"/>
            <ATTRIBUTE NAME ="Truncate target table option" VALUE ="NO"/>
            <ATTRIBUTE NAME ="Reject file directory" VALUE ="$PMBadFileDir&#x5c;"/>
            <ATTRIBUTE NAME ="Reject filename" VALUE ="dimdate_8461.bad"/>
        </SESSIONEXTENSION>
        <SESSIONEXTENSION DSQINSTNAME ="SQ_Date" DSQINSTTYPE ="Source Qualifier" NAME ="File Reader" SINSTANCENAME ="Date" SUBTYPE ="File Reader" TRANSFORMATIONTYPE ="Source Definition" TYPE ="READER">
            <CONNECTIONREFERENCE CNXREFNAME ="Connection" CONNECTIONNAME ="" CONNECTIONNUMBER ="1" CONNECTIONSUBTYPE ="" CONNECTIONTYPE ="" VARIABLE =""/>
            <ATTRIBUTE NAME ="Input Type" VALUE ="File"/>
            <ATTRIBUTE NAME ="Concurrent read partitioning" VALUE ="Optimize throughput"/>
            <ATTRIBUTE NAME ="Command Type" VALUE ="Command Generating Data"/>
            <ATTRIBUTE NAME ="Source filetype" VALUE ="Direct"/>
            <ATTRIBUTE NAME ="Source file directory" VALUE ="$PMSourceFileDir&#x5c;"/>
            <ATTRIBUTE NAME ="Source filename" VALUE ="Date.csv"/>
            <ATTRIBUTE NAME ="Command" VALUE =""/>
            <ATTRIBUTE NAME ="File Reader Truncate String Null" VALUE ="NO"/>
            <ATTRIBUTE NAME ="Codepage Parameter" VALUE =""/>
        </SESSIONEXTENSION>
        <SESSIONEXTENSION NAME ="File Reader" SINSTANCENAME ="SQ_Date" SUBTYPE ="File Reader" TRANSFORMATIONTYPE ="Source Qualifier" TYPE ="READER"/>
        <ATTRIBUTE NAME ="General Options" VALUE =""/>
        <ATTRIBUTE NAME ="Write Backward Compatible Session Log File" VALUE ="NO"/>
        <ATTRIBUTE NAME ="Session Log File Name" VALUE ="s_dimdate.log"/>
        <ATTRIBUTE NAME ="Session Log File directory" VALUE ="$PMSessionLogDir&#x5c;"/>
        <ATTRIBUTE NAME ="Parameter Filename" VALUE =""/>
        <ATTRIBUTE NAME ="Enable Test Load" VALUE ="NO"/>
        <ATTRIBUTE NAME ="$Source connection value" VALUE =""/>
        <ATTRIBUTE NAME ="$Target connection value" VALUE =""/>
        <ATTRIBUTE NAME ="Treat source rows as" VALUE ="Insert"/>
        <ATTRIBUTE NAME ="Commit Type" VALUE ="Target"/>
        <ATTRIBUTE NAME ="Commit Interval" VALUE ="10000"/>
        <ATTRIBUTE NAME ="Commit On End Of File" VALUE ="YES"/>
        <ATTRIBUTE NAME ="Rollback Transactions on Errors" VALUE ="NO"/>
        <ATTRIBUTE NAME ="Recovery Strategy" VALUE ="Fail task and continue workflow"/>
        <ATTRIBUTE NAME ="Java Classpath" VALUE =""/>
        <ATTRIBUTE NAME ="Performance" VALUE =""/>
        <ATTRIBUTE NAME ="DTM buffer size" VALUE ="Auto"/>
        <ATTRIBUTE NAME ="Collect performance data" VALUE ="NO"/>
        <ATTRIBUTE NAME ="Write performance data to repository" VALUE ="NO"/>
        <ATTRIBUTE NAME ="Incremental Aggregation" VALUE ="NO"/>
        <ATTRIBUTE NAME ="Enable high precision" VALUE ="NO"/>
        <ATTRIBUTE NAME ="Session retry on deadlock" VALUE ="NO"/>
        <ATTRIBUTE NAME ="Pushdown Optimization" VALUE ="None"/>
        <ATTRIBUTE NAME ="Allow Temporary View for Pushdown" VALUE ="NO"/>
        <ATTRIBUTE NAME ="Allow Temporary Sequence for Pushdown" VALUE ="NO"/>
        <ATTRIBUTE NAME ="Allow Pushdown for User Incompatible Connections" VALUE ="NO"/>
    </SESSION>
    <WORKFLOW DESCRIPTION ="" ISENABLED ="YES" ISRUNNABLESERVICE ="NO" ISSERVICE ="NO" ISVALID ="YES" NAME ="wk_dimdate_csv" REUSABLE_SCHEDULER ="NO" SCHEDULERNAME ="Scheduler" SERVERNAME ="info" SERVER_DOMAINNAME ="Domain_DESKTOP-1DQHOSP" SUSPEND_ON_ERROR ="NO" TASKS_MUST_RUN_ON_SERVER ="NO" VERSIONNUMBER ="1">
        <SCHEDULER DESCRIPTION ="" NAME ="Scheduler" REUSABLE ="NO" VERSIONNUMBER ="1">
            <SCHEDULEINFO SCHEDULETYPE ="ONDEMAND"/>
        </SCHEDULER>
        <TASK DESCRIPTION ="" NAME ="Start" REUSABLE ="NO" TYPE ="Start" VERSIONNUMBER ="1"/>
        <TASKINSTANCE DESCRIPTION ="" ISENABLED ="YES" NAME ="Start" REUSABLE ="NO" TASKNAME ="Start" TASKTYPE ="Start"/>
        <TASKINSTANCE DESCRIPTION ="" FAIL_PARENT_IF_INSTANCE_DID_NOT_RUN ="NO" FAIL_PARENT_IF_INSTANCE_FAILS ="NO" ISENABLED ="YES" NAME ="s_dimdate" REUSABLE ="YES" TASKNAME ="s_dimdate" TASKTYPE ="Session" TREAT_INPUTLINK_AS_AND ="YES">
            <SESSIONEXTENSION NAME ="Relational Writer" SINSTANCENAME ="DIMDATE_846" SUBTYPE ="Relational Writer" TRANSFORMATIONTYPE ="Target Definition" TYPE ="WRITER">
                <ATTRIBUTE NAME ="Target load type" VALUE ="Normal"/>
                <ATTRIBUTE NAME ="Truncate target table option" VALUE ="YES"/>
            </SESSIONEXTENSION>
            <SESSIONEXTENSION DSQINSTNAME ="SQ_Date" DSQINSTTYPE ="Source Qualifier" NAME ="File Reader" SINSTANCENAME ="Date" SUBTYPE ="File Reader" TRANSFORMATIONTYPE ="Source Definition" TYPE ="READER">
                <ATTRIBUTE NAME ="Source file directory" VALUE ="C:&#x5c;Users&#x5c;User&#x5c;Downloads"/>
            </SESSIONEXTENSION>
        </TASKINSTANCE>
        <WORKFLOWLINK CONDITION ="" FROMTASK ="Start" TOTASK ="s_dimdate"/>
        <WORKFLOWVARIABLE DATATYPE ="date/time" DEFAULTVALUE ="" DESCRIPTION ="The time this task started" ISNULL ="NO" ISPERSISTENT ="NO" NAME ="$Start.StartTime" USERDEFINED ="NO"/>
        <WORKFLOWVARIABLE DATATYPE ="date/time" DEFAULTVALUE ="" DESCRIPTION ="The time this task completed" ISNULL ="NO" ISPERSISTENT ="NO" NAME ="$Start.EndTime" USERDEFINED ="NO"/>
        <WORKFLOWVARIABLE DATATYPE ="integer" DEFAULTVALUE ="" DESCRIPTION ="Status of this task&apos;s execution" ISNULL ="NO" ISPERSISTENT ="NO" NAME ="$Start.Status" USERDEFINED ="NO"/>
        <WORKFLOWVARIABLE DATATYPE ="integer" DEFAULTVALUE ="" DESCRIPTION ="Status of the previous task that is not disabled" ISNULL ="NO" ISPERSISTENT ="NO" NAME ="$Start.PrevTaskStatus" USERDEFINED ="NO"/>
        <WORKFLOWVARIABLE DATATYPE ="integer" DEFAULTVALUE ="" DESCRIPTION ="Error code for this task&apos;s execution" ISNULL ="NO" ISPERSISTENT ="NO" NAME ="$Start.ErrorCode" USERDEFINED ="NO"/>
        <WORKFLOWVARIABLE DATATYPE ="string" DEFAULTVALUE ="" DESCRIPTION ="Error message for this task&apos;s execution" ISNULL ="NO" ISPERSISTENT ="NO" NAME ="$Start.ErrorMsg" USERDEFINED ="NO"/>
        <WORKFLOWVARIABLE DATATYPE ="date/time" DEFAULTVALUE ="" DESCRIPTION ="The time this task started" ISNULL ="NO" ISPERSISTENT ="NO" NAME ="$s_dimdate.StartTime" USERDEFINED ="NO"/>
        <WORKFLOWVARIABLE DATATYPE ="date/time" DEFAULTVALUE ="" DESCRIPTION ="The time this task completed" ISNULL ="NO" ISPERSISTENT ="NO" NAME ="$s_dimdate.EndTime" USERDEFINED ="NO"/>
        <WORKFLOWVARIABLE DATATYPE ="integer" DEFAULTVALUE ="" DESCRIPTION ="Status of this task&apos;s execution" ISNULL ="NO" ISPERSISTENT ="NO" NAME ="$s_dimdate.Status" USERDEFINED ="NO"/>
        <WORKFLOWVARIABLE DATATYPE ="integer" DEFAULTVALUE ="" DESCRIPTION ="Status of the previous task that is not disabled" ISNULL ="NO" ISPERSISTENT ="NO" NAME ="$s_dimdate.PrevTaskStatus" USERDEFINED ="NO"/>
        <WORKFLOWVARIABLE DATATYPE ="integer" DEFAULTVALUE ="" DESCRIPTION ="Error code for this task&apos;s execution" ISNULL ="NO" ISPERSISTENT ="NO" NAME ="$s_dimdate.ErrorCode" USERDEFINED ="NO"/>
        <WORKFLOWVARIABLE DATATYPE ="string" DEFAULTVALUE ="" DESCRIPTION ="Error message for this task&apos;s execution" ISNULL ="NO" ISPERSISTENT ="NO" NAME ="$s_dimdate.ErrorMsg" USERDEFINED ="NO"/>
        <WORKFLOWVARIABLE DATATYPE ="integer" DEFAULTVALUE ="" DESCRIPTION ="Rows successfully read" ISNULL ="NO" ISPERSISTENT ="NO" NAME ="$s_dimdate.SrcSuccessRows" USERDEFINED ="NO"/>
        <WORKFLOWVARIABLE DATATYPE ="integer" DEFAULTVALUE ="" DESCRIPTION ="Rows failed to read" ISNULL ="NO" ISPERSISTENT ="NO" NAME ="$s_dimdate.SrcFailedRows" USERDEFINED ="NO"/>
        <WORKFLOWVARIABLE DATATYPE ="integer" DEFAULTVALUE ="" DESCRIPTION ="Rows successfully loaded" ISNULL ="NO" ISPERSISTENT ="NO" NAME ="$s_dimdate.TgtSuccessRows" USERDEFINED ="NO"/>
        <WORKFLOWVARIABLE DATATYPE ="integer" DEFAULTVALUE ="" DESCRIPTION ="Rows failed to load" ISNULL ="NO" ISPERSISTENT ="NO" NAME ="$s_dimdate.TgtFailedRows" USERDEFINED ="NO"/>
        <WORKFLOWVARIABLE DATATYPE ="integer" DEFAULTVALUE ="" DESCRIPTION ="Total number of transformation errors" ISNULL ="NO" ISPERSISTENT ="NO" NAME ="$s_dimdate.TotalTransErrors" USERDEFINED ="NO"/>
        <WORKFLOWVARIABLE DATATYPE ="integer" DEFAULTVALUE ="" DESCRIPTION ="First error code" ISNULL ="NO" ISPERSISTENT ="NO" NAME ="$s_dimdate.FirstErrorCode" USERDEFINED ="NO"/>
        <WORKFLOWVARIABLE DATATYPE ="string" DEFAULTVALUE ="" DESCRIPTION ="First error message" ISNULL ="NO" ISPERSISTENT ="NO" NAME ="$s_dimdate.FirstErrorMsg" USERDEFINED ="NO"/>
        <ATTRIBUTE NAME ="Parameter Filename" VALUE =""/>
        <ATTRIBUTE NAME ="Write Backward Compatible Workflow Log File" VALUE ="NO"/>
        <ATTRIBUTE NAME ="Workflow Log File Name" VALUE ="wk_dimdate_csv.log"/>
        <ATTRIBUTE NAME ="Workflow Log File Directory" VALUE ="$PMWorkflowLogDir&#x5c;"/>
        <ATTRIBUTE NAME ="Save Workflow log by" VALUE ="By runs"/>
        <ATTRIBUTE NAME ="Save workflow log for these runs" VALUE ="0"/>
        <ATTRIBUTE NAME ="Service Name" VALUE =""/>
        <ATTRIBUTE NAME ="Service Timeout" VALUE ="0"/>
        <ATTRIBUTE NAME ="Is Service Visible" VALUE ="NO"/>
        <ATTRIBUTE NAME ="Is Service Protected" VALUE ="NO"/>
        <ATTRIBUTE NAME ="Fail task after wait time" VALUE ="0"/>
        <ATTRIBUTE NAME ="Enable HA recovery" VALUE ="NO"/>
        <ATTRIBUTE NAME ="Automatically recover terminated tasks" VALUE ="NO"/>
        <ATTRIBUTE NAME ="Service Level Name" VALUE ="Default"/>
        <ATTRIBUTE NAME ="Allow concurrent run with unique run instance name" VALUE ="NO"/>
        <ATTRIBUTE NAME ="Allow concurrent run with same run instance name" VALUE ="NO"/>
        <ATTRIBUTE NAME ="Maximum number of concurrent runs" VALUE ="0"/>
        <ATTRIBUTE NAME ="Assigned Web Services Hubs" VALUE =""/>
        <ATTRIBUTE NAME ="Maximum number of concurrent runs per Hub" VALUE ="1000"/>
        <ATTRIBUTE NAME ="Expected Service Time" VALUE ="1"/>
    </WORKFLOW>
</FOLDER>
</REPOSITORY>
</POWERMART>