<?xml version="1.0" encoding="Windows-1252"?>
<!DOCTYPE POWERMART SYSTEM "powrmart.dtd">
<POWERMART CREATION_DATE="04/03/2020 17:17:11" REPOSITORY_VERSION="182.91">
<REPOSITORY NAME="info_repo" VERSION="182" CODEPAGE="MS1252" DATABASETYPE="Oracle">
<FOLDER NAME="EXERCISE_3_30/3" GROUP="" OWNER="Administrator" SHARED="NOTSHARED" DESCRIPTION="" PERMISSIONS="rwx---r--" UUID="3ec3e2a0-4448-4597-8786-f1389b984daf">
    <SOURCE BUSINESSNAME ="" DATABASETYPE ="Oracle" DBDNAME ="ODBC_HR" DESCRIPTION ="" NAME ="JOBS" OBJECTVERSION ="1" OWNERNAME ="HR" VERSIONNUMBER ="1">
        <SOURCEFIELD BUSINESSNAME ="" DATATYPE ="varchar2" DESCRIPTION ="" FIELDNUMBER ="1" FIELDPROPERTY ="0" FIELDTYPE ="ELEMITEM" HIDDEN ="NO" KEYTYPE ="PRIMARY KEY" LENGTH ="0" LEVEL ="0" NAME ="JOB_ID" NULLABLE ="NOTNULL" OCCURS ="0" OFFSET ="0" PHYSICALLENGTH ="10" PHYSICALOFFSET ="0" PICTURETEXT ="" PRECISION ="10" SCALE ="0" USAGE_FLAGS =""/>
        <SOURCEFIELD BUSINESSNAME ="" DATATYPE ="varchar2" DESCRIPTION ="" FIELDNUMBER ="2" FIELDPROPERTY ="0" FIELDTYPE ="ELEMITEM" HIDDEN ="NO" KEYTYPE ="NOT A KEY" LENGTH ="0" LEVEL ="0" NAME ="JOB_TITLE" NULLABLE ="NOTNULL" OCCURS ="0" OFFSET ="0" PHYSICALLENGTH ="35" PHYSICALOFFSET ="10" PICTURETEXT ="" PRECISION ="35" SCALE ="0" USAGE_FLAGS =""/>
        <SOURCEFIELD BUSINESSNAME ="" DATATYPE ="number(p,s)" DESCRIPTION ="" FIELDNUMBER ="3" FIELDPROPERTY ="0" FIELDTYPE ="ELEMITEM" HIDDEN ="NO" KEYTYPE ="NOT A KEY" LENGTH ="8" LEVEL ="0" NAME ="MIN_SALARY" NULLABLE ="NULL" OCCURS ="0" OFFSET ="0" PHYSICALLENGTH ="6" PHYSICALOFFSET ="45" PICTURETEXT ="" PRECISION ="6" SCALE ="0" USAGE_FLAGS =""/>
        <SOURCEFIELD BUSINESSNAME ="" DATATYPE ="number(p,s)" DESCRIPTION ="" FIELDNUMBER ="4" FIELDPROPERTY ="0" FIELDTYPE ="ELEMITEM" HIDDEN ="NO" KEYTYPE ="NOT A KEY" LENGTH ="8" LEVEL ="0" NAME ="MAX_SALARY" NULLABLE ="NULL" OCCURS ="0" OFFSET ="8" PHYSICALLENGTH ="6" PHYSICALOFFSET ="51" PICTURETEXT ="" PRECISION ="6" SCALE ="0" USAGE_FLAGS =""/>
    </SOURCE>
    <SOURCE BUSINESSNAME ="" DATABASETYPE ="Oracle" DBDNAME ="ODBC_HR" DESCRIPTION ="" NAME ="JOB_HISTORY" OBJECTVERSION ="1" OWNERNAME ="HR" VERSIONNUMBER ="1">
        <SOURCEFIELD BUSINESSNAME ="" DATATYPE ="number(p,s)" DESCRIPTION ="" FIELDNUMBER ="1" FIELDPROPERTY ="0" FIELDTYPE ="ELEMITEM" HIDDEN ="NO" KEYTYPE ="PRIMARY KEY" LENGTH ="8" LEVEL ="0" NAME ="EMPLOYEE_ID" NULLABLE ="NOTNULL" OCCURS ="0" OFFSET ="0" PHYSICALLENGTH ="6" PHYSICALOFFSET ="0" PICTURETEXT ="" PRECISION ="6" SCALE ="0" USAGE_FLAGS =""/>
        <SOURCEFIELD BUSINESSNAME ="" DATATYPE ="date" DESCRIPTION ="" FIELDNUMBER ="2" FIELDPROPERTY ="0" FIELDTYPE ="ELEMITEM" HIDDEN ="NO" KEYTYPE ="PRIMARY KEY" LENGTH ="19" LEVEL ="0" NAME ="START_DATE" NULLABLE ="NOTNULL" OCCURS ="0" OFFSET ="8" PHYSICALLENGTH ="19" PHYSICALOFFSET ="6" PICTURETEXT ="" PRECISION ="19" SCALE ="0" USAGE_FLAGS =""/>
        <SOURCEFIELD BUSINESSNAME ="" DATATYPE ="date" DESCRIPTION ="" FIELDNUMBER ="3" FIELDPROPERTY ="0" FIELDTYPE ="ELEMITEM" HIDDEN ="NO" KEYTYPE ="NOT A KEY" LENGTH ="19" LEVEL ="0" NAME ="END_DATE" NULLABLE ="NOTNULL" OCCURS ="0" OFFSET ="27" PHYSICALLENGTH ="19" PHYSICALOFFSET ="25" PICTURETEXT ="" PRECISION ="19" SCALE ="0" USAGE_FLAGS =""/>
        <SOURCEFIELD BUSINESSNAME ="" DATATYPE ="varchar2" DESCRIPTION ="" FIELDNUMBER ="4" FIELDPROPERTY ="0" FIELDTYPE ="ELEMITEM" HIDDEN ="NO" KEYTYPE ="FOREIGN KEY" LENGTH ="0" LEVEL ="0" NAME ="JOB_ID" NULLABLE ="NOTNULL" OCCURS ="0" OFFSET ="46" PHYSICALLENGTH ="10" PHYSICALOFFSET ="44" PICTURETEXT ="" PRECISION ="10" REFERENCEDDBD ="ODBC_HR" REFERENCEDFIELD ="JOB_ID" REFERENCEDTABLE ="JOBS" SCALE ="0" USAGE_FLAGS =""/>
        <SOURCEFIELD BUSINESSNAME ="" DATATYPE ="number(p,s)" DESCRIPTION ="" FIELDNUMBER ="5" FIELDPROPERTY ="0" FIELDTYPE ="ELEMITEM" HIDDEN ="NO" KEYTYPE ="NOT A KEY" LENGTH ="6" LEVEL ="0" NAME ="DEPARTMENT_ID" NULLABLE ="NULL" OCCURS ="0" OFFSET ="46" PHYSICALLENGTH ="4" PHYSICALOFFSET ="54" PICTURETEXT ="" PRECISION ="4" SCALE ="0" USAGE_FLAGS =""/>
    </SOURCE>
    <TARGET BUSINESSNAME ="" CONSTRAINT ="" DATABASETYPE ="Oracle" DESCRIPTION ="" NAME ="DIMJOBS" OBJECTVERSION ="1" TABLEOPTIONS ="" VERSIONNUMBER ="1">
        <TARGETFIELD BUSINESSNAME ="" DATATYPE ="varchar2" DESCRIPTION ="" FIELDNUMBER ="1" KEYTYPE ="PRIMARY KEY" NAME ="JOBKEY" NULLABLE ="NOTNULL" PICTURETEXT ="" PRECISION ="10" SCALE ="0"/>
        <TARGETFIELD BUSINESSNAME ="" DATATYPE ="varchar2" DESCRIPTION ="" FIELDNUMBER ="2" KEYTYPE ="NOT A KEY" NAME ="JOB_TITLE" NULLABLE ="NOTNULL" PICTURETEXT ="" PRECISION ="35" SCALE ="0"/>
        <TARGETFIELD BUSINESSNAME ="" DATATYPE ="number(p,s)" DESCRIPTION ="" FIELDNUMBER ="3" KEYTYPE ="NOT A KEY" NAME ="MIN_SALARY" NULLABLE ="NULL" PICTURETEXT ="" PRECISION ="6" SCALE ="0"/>
        <TARGETFIELD BUSINESSNAME ="" DATATYPE ="number(p,s)" DESCRIPTION ="" FIELDNUMBER ="4" KEYTYPE ="NOT A KEY" NAME ="MAX_SALARY" NULLABLE ="NULL" PICTURETEXT ="" PRECISION ="6" SCALE ="0"/>
        <TARGETFIELD BUSINESSNAME ="" DATATYPE ="number(p,s)" DESCRIPTION ="" FIELDNUMBER ="5" KEYTYPE ="NOT A KEY" NAME ="EMPLOYEE_ID" NULLABLE ="NOTNULL" PICTURETEXT ="" PRECISION ="6" SCALE ="0"/>
        <TARGETFIELD BUSINESSNAME ="" DATATYPE ="date" DESCRIPTION ="" FIELDNUMBER ="6" KEYTYPE ="NOT A KEY" NAME ="START_DATE" NULLABLE ="NOTNULL" PICTURETEXT ="" PRECISION ="19" SCALE ="0"/>
        <TARGETFIELD BUSINESSNAME ="" DATATYPE ="date" DESCRIPTION ="" FIELDNUMBER ="7" KEYTYPE ="NOT A KEY" NAME ="END_DATE" NULLABLE ="NOTNULL" PICTURETEXT ="" PRECISION ="19" SCALE ="0"/>
    </TARGET>
    <MAPPING DESCRIPTION ="" ISVALID ="YES" NAME ="m_jobs_sql" OBJECTVERSION ="1" VERSIONNUMBER ="1">
        <TRANSFORMATION DESCRIPTION ="" NAME ="SQ_JOB_HISTORY" OBJECTVERSION ="1" REUSABLE ="NO" TYPE ="Source Qualifier" VERSIONNUMBER ="1">
            <TRANSFORMFIELD DATATYPE ="decimal" DEFAULTVALUE ="" DESCRIPTION ="" NAME ="EMPLOYEE_ID" PICTURETEXT ="" PORTTYPE ="INPUT/OUTPUT" PRECISION ="6" SCALE ="0"/>
            <TRANSFORMFIELD DATATYPE ="date/time" DEFAULTVALUE ="" DESCRIPTION ="" NAME ="START_DATE" PICTURETEXT ="" PORTTYPE ="INPUT/OUTPUT" PRECISION ="29" SCALE ="9"/>
            <TRANSFORMFIELD DATATYPE ="date/time" DEFAULTVALUE ="" DESCRIPTION ="" NAME ="END_DATE" PICTURETEXT ="" PORTTYPE ="INPUT/OUTPUT" PRECISION ="29" SCALE ="9"/>
            <TRANSFORMFIELD DATATYPE ="string" DEFAULTVALUE ="" DESCRIPTION ="" NAME ="JOB_ID" PICTURETEXT ="" PORTTYPE ="INPUT/OUTPUT" PRECISION ="10" SCALE ="0"/>
            <TRANSFORMFIELD DATATYPE ="decimal" DEFAULTVALUE ="" DESCRIPTION ="" NAME ="DEPARTMENT_ID" PICTURETEXT ="" PORTTYPE ="INPUT/OUTPUT" PRECISION ="4" SCALE ="0"/>
            <TABLEATTRIBUTE NAME ="Sql Query" VALUE =""/>
            <TABLEATTRIBUTE NAME ="User Defined Join" VALUE =""/>
            <TABLEATTRIBUTE NAME ="Source Filter" VALUE =""/>
            <TABLEATTRIBUTE NAME ="Number Of Sorted Ports" VALUE ="0"/>
            <TABLEATTRIBUTE NAME ="Tracing Level" VALUE ="Normal"/>
            <TABLEATTRIBUTE NAME ="Select Distinct" VALUE ="NO"/>
            <TABLEATTRIBUTE NAME ="Is Partitionable" VALUE ="NO"/>
            <TABLEATTRIBUTE NAME ="Pre SQL" VALUE =""/>
            <TABLEATTRIBUTE NAME ="Post SQL" VALUE =""/>
            <TABLEATTRIBUTE NAME ="Output is deterministic" VALUE ="NO"/>
            <TABLEATTRIBUTE NAME ="Output is repeatable" VALUE ="Never"/>
        </TRANSFORMATION>
        <TRANSFORMATION COMPONENTVERSION ="1000000" DESCRIPTION ="" NAME ="SQL_JOBHIST" OBJECTVERSION ="1" REUSABLE ="NO" TEMPLATEID ="310800" TEMPLATENAME ="SQL Transform" TYPE ="Custom Transformation" VERSIONNUMBER ="1">
            <GROUP DESCRIPTION ="" NAME ="SQLInputs" ORDER ="1" TYPE ="INPUT"/>
            <GROUP DESCRIPTION ="" NAME ="SQLOutputs" ORDER ="2" TYPE ="OUTPUT"/>
            <TRANSFORMFIELD DATATYPE ="double" DEFAULTVALUE ="" DESCRIPTION ="" GROUP ="SQLInputs" NAME ="EMPLOYEE_ID" OUTPUTGROUP ="SQLInputs" PICTURETEXT ="" PORTTYPE ="INPUT" PRECISION ="15" SCALE ="0">
                <TRANSFORMFIELDATTR NAME ="SQLT_PORT_ATTRIBUTE" VALUE ="2"/>
                <TRANSFORMFIELDATTR NAME ="SQLT_PORT_NATIVE_TYPE" VALUE ="number"/>
            </TRANSFORMFIELD>
            <TRANSFORMFIELD DATATYPE ="date/time" DEFAULTVALUE ="" DESCRIPTION ="" GROUP ="SQLInputs" NAME ="START_DATE" OUTPUTGROUP ="SQLInputs" PICTURETEXT ="" PORTTYPE ="INPUT" PRECISION ="29" SCALE ="9">
                <TRANSFORMFIELDATTR NAME ="SQLT_PORT_ATTRIBUTE" VALUE ="2"/>
                <TRANSFORMFIELDATTR NAME ="SQLT_PORT_NATIVE_TYPE" VALUE ="date"/>
            </TRANSFORMFIELD>
            <TRANSFORMFIELD DATATYPE ="date/time" DEFAULTVALUE ="" DESCRIPTION ="" GROUP ="SQLInputs" NAME ="END_DATE" OUTPUTGROUP ="SQLInputs" PICTURETEXT ="" PORTTYPE ="INPUT" PRECISION ="29" SCALE ="9">
                <TRANSFORMFIELDATTR NAME ="SQLT_PORT_ATTRIBUTE" VALUE ="2"/>
                <TRANSFORMFIELDATTR NAME ="SQLT_PORT_NATIVE_TYPE" VALUE ="date"/>
            </TRANSFORMFIELD>
            <TRANSFORMFIELD DATATYPE ="nstring" DEFAULTVALUE ="" DESCRIPTION ="" GROUP ="SQLInputs" NAME ="JOB_ID" OUTPUTGROUP ="SQLInputs" PICTURETEXT ="" PORTTYPE ="INPUT" PRECISION ="10" SCALE ="0">
                <TRANSFORMFIELDATTR NAME ="SQLT_PORT_ATTRIBUTE" VALUE ="2"/>
                <TRANSFORMFIELDATTR NAME ="SQLT_PORT_NATIVE_TYPE" VALUE ="nvarchar2"/>
            </TRANSFORMFIELD>
            <TRANSFORMFIELD DATATYPE ="double" DEFAULTVALUE ="" DESCRIPTION ="" GROUP ="SQLInputs" NAME ="DEPARTMENT_ID" OUTPUTGROUP ="SQLInputs" PICTURETEXT ="" PORTTYPE ="INPUT" PRECISION ="15" SCALE ="0">
                <TRANSFORMFIELDATTR NAME ="SQLT_PORT_ATTRIBUTE" VALUE ="2"/>
                <TRANSFORMFIELDATTR NAME ="SQLT_PORT_NATIVE_TYPE" VALUE ="number"/>
            </TRANSFORMFIELD>
            <TRANSFORMFIELD DATATYPE ="string" DEFAULTVALUE ="" DESCRIPTION ="" GROUP ="SQLOutputs" NAME ="SQLError" OUTPUTGROUP ="SQLOutputs" PICTURETEXT ="" PORTTYPE ="OUTPUT" PRECISION ="4096" SCALE ="0"/>
            <TRANSFORMFIELD DATATYPE ="double" DEFAULTVALUE ="" DESCRIPTION ="" GROUP ="SQLOutputs" NAME ="EMPLOYEE_ID_output" OUTPUTGROUP ="SQLOutputs" PICTURETEXT ="" PORTTYPE ="OUTPUT" PRECISION ="15" SCALE ="0">
                <TRANSFORMFIELDATTR NAME ="SQLT_PORT_ATTRIBUTE" VALUE ="2"/>
                <TRANSFORMFIELDATTR NAME ="SQLT_PORT_NATIVE_TYPE" VALUE ="number"/>
            </TRANSFORMFIELD>
            <TRANSFORMFIELD DATATYPE ="date/time" DEFAULTVALUE ="" DESCRIPTION ="" GROUP ="SQLOutputs" NAME ="START_DATE_output" OUTPUTGROUP ="SQLOutputs" PICTURETEXT ="" PORTTYPE ="OUTPUT" PRECISION ="29" SCALE ="9">
                <TRANSFORMFIELDATTR NAME ="SQLT_PORT_ATTRIBUTE" VALUE ="2"/>
                <TRANSFORMFIELDATTR NAME ="SQLT_PORT_NATIVE_TYPE" VALUE ="date"/>
            </TRANSFORMFIELD>
            <TRANSFORMFIELD DATATYPE ="date/time" DEFAULTVALUE ="" DESCRIPTION ="" GROUP ="SQLOutputs" NAME ="END_DATE_output" OUTPUTGROUP ="SQLOutputs" PICTURETEXT ="" PORTTYPE ="OUTPUT" PRECISION ="29" SCALE ="9">
                <TRANSFORMFIELDATTR NAME ="SQLT_PORT_ATTRIBUTE" VALUE ="2"/>
                <TRANSFORMFIELDATTR NAME ="SQLT_PORT_NATIVE_TYPE" VALUE ="date"/>
            </TRANSFORMFIELD>
            <TRANSFORMFIELD DATATYPE ="nstring" DEFAULTVALUE ="" DESCRIPTION ="" GROUP ="SQLOutputs" NAME ="JOB_ID_output" OUTPUTGROUP ="SQLOutputs" PICTURETEXT ="" PORTTYPE ="OUTPUT" PRECISION ="10" SCALE ="0">
                <TRANSFORMFIELDATTR NAME ="SQLT_PORT_ATTRIBUTE" VALUE ="2"/>
                <TRANSFORMFIELDATTR NAME ="SQLT_PORT_NATIVE_TYPE" VALUE ="nvarchar2"/>
            </TRANSFORMFIELD>
            <TRANSFORMFIELD DATATYPE ="nstring" DEFAULTVALUE ="" DESCRIPTION ="" GROUP ="SQLOutputs" NAME ="JOB_TITLE" OUTPUTGROUP ="SQLOutputs" PICTURETEXT ="" PORTTYPE ="OUTPUT" PRECISION ="50" SCALE ="0">
                <TRANSFORMFIELDATTR NAME ="SQLT_PORT_ATTRIBUTE" VALUE ="2"/>
                <TRANSFORMFIELDATTR NAME ="SQLT_PORT_NATIVE_TYPE" VALUE ="nvarchar2"/>
            </TRANSFORMFIELD>
            <TRANSFORMFIELD DATATYPE ="decimal" DEFAULTVALUE ="" DESCRIPTION ="" GROUP ="SQLOutputs" NAME ="MIN_SALARY" OUTPUTGROUP ="SQLOutputs" PICTURETEXT ="" PORTTYPE ="OUTPUT" PRECISION ="28" SCALE ="0">
                <TRANSFORMFIELDATTR NAME ="SQLT_PORT_ATTRIBUTE" VALUE ="2"/>
                <TRANSFORMFIELDATTR NAME ="SQLT_PORT_NATIVE_TYPE" VALUE ="number(p,s)"/>
            </TRANSFORMFIELD>
            <TRANSFORMFIELD DATATYPE ="decimal" DEFAULTVALUE ="" DESCRIPTION ="" GROUP ="SQLOutputs" NAME ="MAX_SALARY" OUTPUTGROUP ="SQLOutputs" PICTURETEXT ="" PORTTYPE ="OUTPUT" PRECISION ="28" SCALE ="0">
                <TRANSFORMFIELDATTR NAME ="SQLT_PORT_ATTRIBUTE" VALUE ="2"/>
                <TRANSFORMFIELDATTR NAME ="SQLT_PORT_NATIVE_TYPE" VALUE ="number(p,s)"/>
            </TRANSFORMFIELD>
            <TABLEATTRIBUTE NAME ="Language" VALUE ="C++"/>
            <TABLEATTRIBUTE NAME ="Module Identifier" VALUE ="sqltransform"/>
            <TABLEATTRIBUTE NAME ="Class Name" VALUE ="SQLPluginDriver"/>
            <TABLEATTRIBUTE NAME ="Function Identifier" VALUE =""/>
            <TABLEATTRIBUTE NAME ="Runtime Location" VALUE =""/>
            <TABLEATTRIBUTE NAME ="Tracing Level" VALUE ="Normal"/>
            <TABLEATTRIBUTE NAME ="Is Partitionable" VALUE ="Across Grid"/>
            <TABLEATTRIBUTE NAME ="Inputs Must Block" VALUE ="NO"/>
            <TABLEATTRIBUTE NAME ="Is Active" VALUE ="YES"/>
            <TABLEATTRIBUTE NAME ="Update Strategy Transformation" VALUE ="NO"/>
            <TABLEATTRIBUTE NAME ="Transformation Scope" VALUE ="Row"/>
            <TABLEATTRIBUTE NAME ="Generate Transaction" VALUE ="NO"/>
            <TABLEATTRIBUTE NAME ="Output Is Repeatable" VALUE ="Never"/>
            <TABLEATTRIBUTE NAME ="Requires Single Thread Per Partition" VALUE ="NO"/>
            <TABLEATTRIBUTE NAME ="Output Is Deterministic" VALUE ="YES"/>
            <TABLEATTRIBUTE NAME ="Preserves Data Set Boundary" VALUE ="No"/>
            <INITPROP DESCRIPTION ="" NAME ="Programmatic Identifier for Class Factory" USERDEFINED ="NO" VALUE =""/>
            <INITPROP DESCRIPTION ="" NAME ="Constructor" USERDEFINED ="NO" VALUE =""/>
            <METADATAEXTENSION COMPONENTVERSION ="1000000" DATATYPE ="STRING" DESCRIPTION ="" DOMAINNAME ="SQL_Transform" ISCLIENTEDITABLE ="NO" ISCLIENTVISIBLE ="NO" ISREUSABLE ="YES" ISSHAREREAD ="YES" ISSHAREWRITE ="YES" MAXLENGTH ="6" NAME ="Auto_Commit" VALUE ="FALSE" VENDORNAME ="INFORMATICA"/>
            <METADATAEXTENSION COMPONENTVERSION ="1000000" DATATYPE ="NUMERIC" DESCRIPTION ="" DOMAINNAME ="SQL_Transform" ISCLIENTEDITABLE ="NO" ISCLIENTVISIBLE ="NO" ISREUSABLE ="YES" ISSHAREREAD ="YES" ISSHAREWRITE ="YES" MAXLENGTH ="1" NAME ="Connection_Type" VALUE ="0" VENDORNAME ="INFORMATICA"/>
            <METADATAEXTENSION COMPONENTVERSION ="1000000" DATATYPE ="NUMERIC" DESCRIPTION ="" DOMAINNAME ="SQL_Transform" ISCLIENTEDITABLE ="NO" ISCLIENTVISIBLE ="NO" ISREUSABLE ="YES" ISSHAREREAD ="YES" ISSHAREWRITE ="YES" MAXLENGTH ="1" NAME ="DB_Type" VALUE ="2" VENDORNAME ="INFORMATICA"/>
            <METADATAEXTENSION COMPONENTVERSION ="1000000" DATATYPE ="STRING" DESCRIPTION ="" DOMAINNAME ="SQL_Transform" ISCLIENTEDITABLE ="NO" ISCLIENTVISIBLE ="NO" ISREUSABLE ="YES" ISSHAREREAD ="YES" ISSHAREWRITE ="YES" MAXLENGTH ="6" NAME ="Is_Continue_On_Error_Selected" VALUE ="FALSE" VENDORNAME ="INFORMATICA"/>
            <METADATAEXTENSION COMPONENTVERSION ="1000000" DATATYPE ="STRING" DESCRIPTION ="" DOMAINNAME ="SQL_Transform" ISCLIENTEDITABLE ="NO" ISCLIENTVISIBLE ="NO" ISREUSABLE ="YES" ISSHAREREAD ="YES" ISSHAREWRITE ="YES" MAXLENGTH ="6" NAME ="Is_Stats_Option_Selected" VALUE ="FALSE" VENDORNAME ="INFORMATICA"/>
            <METADATAEXTENSION COMPONENTVERSION ="1000000" DATATYPE ="NUMERIC" DESCRIPTION ="" DOMAINNAME ="SQL_Transform" ISCLIENTEDITABLE ="NO" ISCLIENTVISIBLE ="NO" ISREUSABLE ="YES" ISSHAREREAD ="YES" ISSHAREWRITE ="YES" MAXLENGTH ="0" NAME ="Max_Out_Row_Count" VALUE ="10000" VENDORNAME ="INFORMATICA"/>
            <METADATAEXTENSION COMPONENTVERSION ="1000000" DATATYPE ="NUMERIC" DESCRIPTION ="" DOMAINNAME ="SQL_Transform" ISCLIENTEDITABLE ="NO" ISCLIENTVISIBLE ="NO" ISREUSABLE ="YES" ISSHAREREAD ="YES" ISSHAREWRITE ="YES" MAXLENGTH ="6" NAME ="Max_conn_pool" VALUE ="10" VENDORNAME ="INFORMATICA"/>
            <METADATAEXTENSION COMPONENTVERSION ="1000000" DATATYPE ="STRING" DESCRIPTION ="" DOMAINNAME ="SQL_Transform" ISCLIENTEDITABLE ="NO" ISCLIENTVISIBLE ="NO" ISREUSABLE ="YES" ISSHAREREAD ="YES" ISSHAREWRITE ="YES" MAXLENGTH ="2147483647" NAME ="Query_Description" VALUE ="" VENDORNAME ="INFORMATICA"/>
            <METADATAEXTENSION COMPONENTVERSION ="1000000" DATATYPE ="NUMERIC" DESCRIPTION ="" DOMAINNAME ="SQL_Transform" ISCLIENTEDITABLE ="NO" ISCLIENTVISIBLE ="NO" ISREUSABLE ="YES" ISSHAREREAD ="YES" ISSHAREWRITE ="YES" MAXLENGTH ="1" NAME ="SQL_Mode" VALUE ="0" VENDORNAME ="INFORMATICA"/>
            <METADATAEXTENSION COMPONENTVERSION ="1000000" DATATYPE ="STRING" DESCRIPTION ="" DOMAINNAME ="SQL_Transform" ISCLIENTEDITABLE ="NO" ISCLIENTVISIBLE ="NO" ISREUSABLE ="YES" ISSHAREREAD ="YES" ISSHAREWRITE ="YES" MAXLENGTH ="2147483647" NAME ="SQL_Query" VALUE ="SELECTT JOB_TITLE, MIN_SALARY, MAX_SALARY FROM JOBS WHERE JOB_ID=?JOB_ID?" VENDORNAME ="INFORMATICA"/>
            <METADATAEXTENSION COMPONENTVERSION ="1000000" DATATYPE ="STRING" DESCRIPTION ="" DOMAINNAME ="SQL_Transform" ISCLIENTEDITABLE ="NO" ISCLIENTVISIBLE ="NO" ISREUSABLE ="YES" ISSHAREREAD ="YES" ISSHAREWRITE ="YES" MAXLENGTH ="1000" NAME ="Script_Locale" VALUE ="" VENDORNAME ="INFORMATICA"/>
            <METADATAEXTENSION COMPONENTVERSION ="1000000" DATATYPE ="STRING" DESCRIPTION ="" DOMAINNAME ="SQL_Transform" ISCLIENTEDITABLE ="NO" ISCLIENTVISIBLE ="NO" ISREUSABLE ="YES" ISSHAREREAD ="YES" ISSHAREWRITE ="YES" MAXLENGTH ="6" NAME ="Treat_DB_Conn_Failure_As_Fatal" VALUE ="FALSE" VENDORNAME ="INFORMATICA"/>
            <METADATAEXTENSION COMPONENTVERSION ="1000000" DATATYPE ="STRING" DESCRIPTION ="" DOMAINNAME ="SQL_Transform" ISCLIENTEDITABLE ="NO" ISCLIENTVISIBLE ="NO" ISREUSABLE ="YES" ISSHAREREAD ="YES" ISSHAREWRITE ="YES" MAXLENGTH ="6" NAME ="Use_conn_pool" VALUE ="FALSE" VENDORNAME ="INFORMATICA"/>
            <TRANSFORMFIELDATTRDEF DATATYPE ="STRING" DEFAULTVALUE ="0" DESCRIPTION ="" NAME ="SQLT_PORT_ATTRIBUTE" ORDER ="0" TYPE ="NUMERIC"/>
            <TRANSFORMFIELDATTRDEF DATATYPE ="STRING" DESCRIPTION ="" NAME ="SQLT_PORT_NATIVE_TYPE" ORDER ="1" TYPE ="STRING"/>
        </TRANSFORMATION>
        <INSTANCE DESCRIPTION ="" NAME ="DIMJOBS" TRANSFORMATION_NAME ="DIMJOBS" TRANSFORMATION_TYPE ="Target Definition" TYPE ="TARGET"/>
        <INSTANCE DBDNAME ="ODBC_HR" DESCRIPTION ="" NAME ="JOB_HISTORY" TRANSFORMATION_NAME ="JOB_HISTORY" TRANSFORMATION_TYPE ="Source Definition" TYPE ="SOURCE"/>
        <INSTANCE DESCRIPTION ="" NAME ="SQ_JOB_HISTORY" REUSABLE ="NO" TRANSFORMATION_NAME ="SQ_JOB_HISTORY" TRANSFORMATION_TYPE ="Source Qualifier" TYPE ="TRANSFORMATION">
            <ASSOCIATED_SOURCE_INSTANCE NAME ="JOB_HISTORY"/>
        </INSTANCE>
        <INSTANCE DESCRIPTION ="" NAME ="SQL_JOBHIST" REUSABLE ="NO" TRANSFORMATION_NAME ="SQL_JOBHIST" TRANSFORMATION_TYPE ="Custom Transformation" TYPE ="TRANSFORMATION"/>
        <CONNECTOR FROMFIELD ="EMPLOYEE_ID_output" FROMINSTANCE ="SQL_JOBHIST" FROMINSTANCETYPE ="Custom Transformation" TOFIELD ="EMPLOYEE_ID" TOINSTANCE ="DIMJOBS" TOINSTANCETYPE ="Target Definition"/>
        <CONNECTOR FROMFIELD ="START_DATE_output" FROMINSTANCE ="SQL_JOBHIST" FROMINSTANCETYPE ="Custom Transformation" TOFIELD ="START_DATE" TOINSTANCE ="DIMJOBS" TOINSTANCETYPE ="Target Definition"/>
        <CONNECTOR FROMFIELD ="END_DATE_output" FROMINSTANCE ="SQL_JOBHIST" FROMINSTANCETYPE ="Custom Transformation" TOFIELD ="END_DATE" TOINSTANCE ="DIMJOBS" TOINSTANCETYPE ="Target Definition"/>
        <CONNECTOR FROMFIELD ="JOB_ID_output" FROMINSTANCE ="SQL_JOBHIST" FROMINSTANCETYPE ="Custom Transformation" TOFIELD ="JOBKEY" TOINSTANCE ="DIMJOBS" TOINSTANCETYPE ="Target Definition"/>
        <CONNECTOR FROMFIELD ="JOB_TITLE" FROMINSTANCE ="SQL_JOBHIST" FROMINSTANCETYPE ="Custom Transformation" TOFIELD ="JOB_TITLE" TOINSTANCE ="DIMJOBS" TOINSTANCETYPE ="Target Definition"/>
        <CONNECTOR FROMFIELD ="MIN_SALARY" FROMINSTANCE ="SQL_JOBHIST" FROMINSTANCETYPE ="Custom Transformation" TOFIELD ="MIN_SALARY" TOINSTANCE ="DIMJOBS" TOINSTANCETYPE ="Target Definition"/>
        <CONNECTOR FROMFIELD ="MAX_SALARY" FROMINSTANCE ="SQL_JOBHIST" FROMINSTANCETYPE ="Custom Transformation" TOFIELD ="MAX_SALARY" TOINSTANCE ="DIMJOBS" TOINSTANCETYPE ="Target Definition"/>
        <CONNECTOR FROMFIELD ="EMPLOYEE_ID" FROMINSTANCE ="JOB_HISTORY" FROMINSTANCETYPE ="Source Definition" TOFIELD ="EMPLOYEE_ID" TOINSTANCE ="SQ_JOB_HISTORY" TOINSTANCETYPE ="Source Qualifier"/>
        <CONNECTOR FROMFIELD ="START_DATE" FROMINSTANCE ="JOB_HISTORY" FROMINSTANCETYPE ="Source Definition" TOFIELD ="START_DATE" TOINSTANCE ="SQ_JOB_HISTORY" TOINSTANCETYPE ="Source Qualifier"/>
        <CONNECTOR FROMFIELD ="END_DATE" FROMINSTANCE ="JOB_HISTORY" FROMINSTANCETYPE ="Source Definition" TOFIELD ="END_DATE" TOINSTANCE ="SQ_JOB_HISTORY" TOINSTANCETYPE ="Source Qualifier"/>
        <CONNECTOR FROMFIELD ="JOB_ID" FROMINSTANCE ="JOB_HISTORY" FROMINSTANCETYPE ="Source Definition" TOFIELD ="JOB_ID" TOINSTANCE ="SQ_JOB_HISTORY" TOINSTANCETYPE ="Source Qualifier"/>
        <CONNECTOR FROMFIELD ="DEPARTMENT_ID" FROMINSTANCE ="JOB_HISTORY" FROMINSTANCETYPE ="Source Definition" TOFIELD ="DEPARTMENT_ID" TOINSTANCE ="SQ_JOB_HISTORY" TOINSTANCETYPE ="Source Qualifier"/>
        <CONNECTOR FROMFIELD ="EMPLOYEE_ID" FROMINSTANCE ="SQ_JOB_HISTORY" FROMINSTANCETYPE ="Source Qualifier" TOFIELD ="EMPLOYEE_ID" TOINSTANCE ="SQL_JOBHIST" TOINSTANCETYPE ="Custom Transformation"/>
        <CONNECTOR FROMFIELD ="START_DATE" FROMINSTANCE ="SQ_JOB_HISTORY" FROMINSTANCETYPE ="Source Qualifier" TOFIELD ="START_DATE" TOINSTANCE ="SQL_JOBHIST" TOINSTANCETYPE ="Custom Transformation"/>
        <CONNECTOR FROMFIELD ="END_DATE" FROMINSTANCE ="SQ_JOB_HISTORY" FROMINSTANCETYPE ="Source Qualifier" TOFIELD ="END_DATE" TOINSTANCE ="SQL_JOBHIST" TOINSTANCETYPE ="Custom Transformation"/>
        <CONNECTOR FROMFIELD ="JOB_ID" FROMINSTANCE ="SQ_JOB_HISTORY" FROMINSTANCETYPE ="Source Qualifier" TOFIELD ="JOB_ID" TOINSTANCE ="SQL_JOBHIST" TOINSTANCETYPE ="Custom Transformation"/>
        <CONNECTOR FROMFIELD ="DEPARTMENT_ID" FROMINSTANCE ="SQ_JOB_HISTORY" FROMINSTANCETYPE ="Source Qualifier" TOFIELD ="DEPARTMENT_ID" TOINSTANCE ="SQL_JOBHIST" TOINSTANCETYPE ="Custom Transformation"/>
        <TARGETLOADORDER ORDER ="1" TARGETINSTANCE ="DIMJOBS"/>
        <ERPINFO/>
    </MAPPING>
</FOLDER>
</REPOSITORY>
</POWERMART>