<?xml version="1.0" encoding="Windows-1252"?>
<!DOCTYPE POWERMART SYSTEM "powrmart.dtd">
<POWERMART CREATION_DATE="04/03/2020 17:22:38" REPOSITORY_VERSION="182.91">
<REPOSITORY NAME="info_repo" VERSION="182" CODEPAGE="MS1252" DATABASETYPE="Oracle">
<FOLDER NAME="EXERCISE5" GROUP="" OWNER="Administrator" SHARED="NOTSHARED" DESCRIPTION="" PERMISSIONS="rwx---r--" UUID="455551d3-4c6d-4f76-844b-4163f1c82e2a">
    <SOURCE BUSINESSNAME ="" DATABASETYPE ="Oracle" DBDNAME ="ODBC_HR" DESCRIPTION ="" NAME ="EMPLOYEES" OBJECTVERSION ="1" OWNERNAME ="HR" VERSIONNUMBER ="1">
        <SOURCEFIELD BUSINESSNAME ="" DATATYPE ="number(p,s)" DESCRIPTION ="" FIELDNUMBER ="1" FIELDPROPERTY ="0" FIELDTYPE ="ELEMITEM" HIDDEN ="NO" KEYTYPE ="PRIMARY KEY" LENGTH ="8" LEVEL ="0" NAME ="EMPLOYEE_ID" NULLABLE ="NOTNULL" OCCURS ="0" OFFSET ="0" PHYSICALLENGTH ="6" PHYSICALOFFSET ="0" PICTURETEXT ="" PRECISION ="6" SCALE ="0" USAGE_FLAGS =""/>
        <SOURCEFIELD BUSINESSNAME ="" DATATYPE ="varchar2" DESCRIPTION ="" FIELDNUMBER ="2" FIELDPROPERTY ="0" FIELDTYPE ="ELEMITEM" HIDDEN ="NO" KEYTYPE ="NOT A KEY" LENGTH ="0" LEVEL ="0" NAME ="FIRST_NAME" NULLABLE ="NULL" OCCURS ="0" OFFSET ="8" PHYSICALLENGTH ="20" PHYSICALOFFSET ="6" PICTURETEXT ="" PRECISION ="20" SCALE ="0" USAGE_FLAGS =""/>
        <SOURCEFIELD BUSINESSNAME ="" DATATYPE ="varchar2" DESCRIPTION ="" FIELDNUMBER ="3" FIELDPROPERTY ="0" FIELDTYPE ="ELEMITEM" HIDDEN ="NO" KEYTYPE ="NOT A KEY" LENGTH ="0" LEVEL ="0" NAME ="LAST_NAME" NULLABLE ="NOTNULL" OCCURS ="0" OFFSET ="8" PHYSICALLENGTH ="25" PHYSICALOFFSET ="26" PICTURETEXT ="" PRECISION ="25" SCALE ="0" USAGE_FLAGS =""/>
        <SOURCEFIELD BUSINESSNAME ="" DATATYPE ="varchar2" DESCRIPTION ="" FIELDNUMBER ="4" FIELDPROPERTY ="0" FIELDTYPE ="ELEMITEM" HIDDEN ="NO" KEYTYPE ="NOT A KEY" LENGTH ="0" LEVEL ="0" NAME ="EMAIL" NULLABLE ="NOTNULL" OCCURS ="0" OFFSET ="8" PHYSICALLENGTH ="25" PHYSICALOFFSET ="51" PICTURETEXT ="" PRECISION ="25" SCALE ="0" USAGE_FLAGS =""/>
        <SOURCEFIELD BUSINESSNAME ="" DATATYPE ="varchar2" DESCRIPTION ="" FIELDNUMBER ="5" FIELDPROPERTY ="0" FIELDTYPE ="ELEMITEM" HIDDEN ="NO" KEYTYPE ="NOT A KEY" LENGTH ="0" LEVEL ="0" NAME ="PHONE_NUMBER" NULLABLE ="NULL" OCCURS ="0" OFFSET ="8" PHYSICALLENGTH ="20" PHYSICALOFFSET ="76" PICTURETEXT ="" PRECISION ="20" SCALE ="0" USAGE_FLAGS =""/>
        <SOURCEFIELD BUSINESSNAME ="" DATATYPE ="date" DESCRIPTION ="" FIELDNUMBER ="6" FIELDPROPERTY ="0" FIELDTYPE ="ELEMITEM" HIDDEN ="NO" KEYTYPE ="NOT A KEY" LENGTH ="19" LEVEL ="0" NAME ="HIRE_DATE" NULLABLE ="NOTNULL" OCCURS ="0" OFFSET ="8" PHYSICALLENGTH ="19" PHYSICALOFFSET ="96" PICTURETEXT ="" PRECISION ="19" SCALE ="0" USAGE_FLAGS =""/>
        <SOURCEFIELD BUSINESSNAME ="" DATATYPE ="varchar2" DESCRIPTION ="" FIELDNUMBER ="7" FIELDPROPERTY ="0" FIELDTYPE ="ELEMITEM" HIDDEN ="NO" KEYTYPE ="NOT A KEY" LENGTH ="0" LEVEL ="0" NAME ="JOB_ID" NULLABLE ="NOTNULL" OCCURS ="0" OFFSET ="27" PHYSICALLENGTH ="10" PHYSICALOFFSET ="115" PICTURETEXT ="" PRECISION ="10" SCALE ="0" USAGE_FLAGS =""/>
        <SOURCEFIELD BUSINESSNAME ="" DATATYPE ="number(p,s)" DESCRIPTION ="" FIELDNUMBER ="8" FIELDPROPERTY ="0" FIELDTYPE ="ELEMITEM" HIDDEN ="NO" KEYTYPE ="NOT A KEY" LENGTH ="10" LEVEL ="0" NAME ="SALARY" NULLABLE ="NULL" OCCURS ="0" OFFSET ="27" PHYSICALLENGTH ="8" PHYSICALOFFSET ="125" PICTURETEXT ="" PRECISION ="8" SCALE ="2" USAGE_FLAGS =""/>
        <SOURCEFIELD BUSINESSNAME ="" DATATYPE ="number(p,s)" DESCRIPTION ="" FIELDNUMBER ="9" FIELDPROPERTY ="0" FIELDTYPE ="ELEMITEM" HIDDEN ="NO" KEYTYPE ="NOT A KEY" LENGTH ="4" LEVEL ="0" NAME ="COMMISSION_PCT" NULLABLE ="NULL" OCCURS ="0" OFFSET ="37" PHYSICALLENGTH ="2" PHYSICALOFFSET ="133" PICTURETEXT ="" PRECISION ="2" SCALE ="2" USAGE_FLAGS =""/>
        <SOURCEFIELD BUSINESSNAME ="" DATATYPE ="number(p,s)" DESCRIPTION ="" FIELDNUMBER ="10" FIELDPROPERTY ="0" FIELDTYPE ="ELEMITEM" HIDDEN ="NO" KEYTYPE ="FOREIGN KEY" LENGTH ="8" LEVEL ="0" NAME ="MANAGER_ID" NULLABLE ="NULL" OCCURS ="0" OFFSET ="41" PHYSICALLENGTH ="6" PHYSICALOFFSET ="135" PICTURETEXT ="" PRECISION ="6" REFERENCEDDBD ="ODBC_HR" REFERENCEDFIELD ="EMPLOYEE_ID" REFERENCEDTABLE ="EMPLOYEES" SCALE ="0" USAGE_FLAGS =""/>
        <SOURCEFIELD BUSINESSNAME ="" DATATYPE ="number(p,s)" DESCRIPTION ="" FIELDNUMBER ="11" FIELDPROPERTY ="0" FIELDTYPE ="ELEMITEM" HIDDEN ="NO" KEYTYPE ="NOT A KEY" LENGTH ="6" LEVEL ="0" NAME ="DEPARTMENT_ID" NULLABLE ="NULL" OCCURS ="0" OFFSET ="49" PHYSICALLENGTH ="4" PHYSICALOFFSET ="141" PICTURETEXT ="" PRECISION ="4" SCALE ="0" USAGE_FLAGS =""/>
    </SOURCE>
    <TARGET BUSINESSNAME ="" CONSTRAINT ="" DATABASETYPE ="Oracle" DESCRIPTION ="" NAME ="TARGETDIMEMPLOYEESCD2" OBJECTVERSION ="1" TABLEOPTIONS ="" VERSIONNUMBER ="1">
        <TARGETFIELD BUSINESSNAME ="" DATATYPE ="number(p,s)" DESCRIPTION ="" FIELDNUMBER ="1" KEYTYPE ="PRIMARY KEY" NAME ="PM_PRIMARYKEY" NULLABLE ="NOTNULL" PICTURETEXT ="" PRECISION ="10" SCALE ="0"/>
        <TARGETFIELD BUSINESSNAME ="" DATATYPE ="number(p,s)" DESCRIPTION ="" FIELDNUMBER ="2" KEYTYPE ="NOT A KEY" NAME ="EMPLOYEE_ID" NULLABLE ="NOTNULL" PICTURETEXT ="" PRECISION ="6" SCALE ="0"/>
        <TARGETFIELD BUSINESSNAME ="" DATATYPE ="varchar2" DESCRIPTION ="" FIELDNUMBER ="3" KEYTYPE ="NOT A KEY" NAME ="FIRST_NAME" NULLABLE ="NULL" PICTURETEXT ="" PRECISION ="20" SCALE ="0"/>
        <TARGETFIELD BUSINESSNAME ="" DATATYPE ="varchar2" DESCRIPTION ="" FIELDNUMBER ="4" KEYTYPE ="NOT A KEY" NAME ="LAST_NAME" NULLABLE ="NOTNULL" PICTURETEXT ="" PRECISION ="25" SCALE ="0"/>
        <TARGETFIELD BUSINESSNAME ="" DATATYPE ="varchar2" DESCRIPTION ="" FIELDNUMBER ="5" KEYTYPE ="NOT A KEY" NAME ="EMAIL" NULLABLE ="NOTNULL" PICTURETEXT ="" PRECISION ="25" SCALE ="0"/>
        <TARGETFIELD BUSINESSNAME ="" DATATYPE ="varchar2" DESCRIPTION ="" FIELDNUMBER ="6" KEYTYPE ="NOT A KEY" NAME ="PHONE_NUMBER" NULLABLE ="NULL" PICTURETEXT ="" PRECISION ="20" SCALE ="0"/>
        <TARGETFIELD BUSINESSNAME ="" DATATYPE ="date" DESCRIPTION ="" FIELDNUMBER ="7" KEYTYPE ="NOT A KEY" NAME ="HIRE_DATE" NULLABLE ="NOTNULL" PICTURETEXT ="" PRECISION ="19" SCALE ="0"/>
        <TARGETFIELD BUSINESSNAME ="" DATATYPE ="varchar2" DESCRIPTION ="" FIELDNUMBER ="8" KEYTYPE ="NOT A KEY" NAME ="JOB_ID" NULLABLE ="NOTNULL" PICTURETEXT ="" PRECISION ="10" SCALE ="0"/>
        <TARGETFIELD BUSINESSNAME ="" DATATYPE ="number(p,s)" DESCRIPTION ="" FIELDNUMBER ="9" KEYTYPE ="NOT A KEY" NAME ="SALARY" NULLABLE ="NULL" PICTURETEXT ="" PRECISION ="8" SCALE ="2"/>
        <TARGETFIELD BUSINESSNAME ="" DATATYPE ="number(p,s)" DESCRIPTION ="" FIELDNUMBER ="10" KEYTYPE ="NOT A KEY" NAME ="COMMISSION_PCT" NULLABLE ="NULL" PICTURETEXT ="" PRECISION ="2" SCALE ="2"/>
        <TARGETFIELD BUSINESSNAME ="" DATATYPE ="number(p,s)" DESCRIPTION ="" FIELDNUMBER ="11" KEYTYPE ="NOT A KEY" NAME ="MANAGER_ID" NULLABLE ="NULL" PICTURETEXT ="" PRECISION ="6" SCALE ="0"/>
        <TARGETFIELD BUSINESSNAME ="" DATATYPE ="number(p,s)" DESCRIPTION ="" FIELDNUMBER ="12" KEYTYPE ="NOT A KEY" NAME ="DEPARTMENT_ID" NULLABLE ="NULL" PICTURETEXT ="" PRECISION ="4" SCALE ="0"/>
        <TARGETFIELD BUSINESSNAME ="" DATATYPE ="number(p,s)" DESCRIPTION ="" FIELDNUMBER ="13" KEYTYPE ="NOT A KEY" NAME ="PM_CURRENT_FLAG" NULLABLE ="NULL" PICTURETEXT ="" PRECISION ="10" SCALE ="0"/>
    </TARGET>
    <MAPPING DESCRIPTION ="" ISVALID ="YES" NAME ="m_emp_scdtype2" OBJECTVERSION ="1" VERSIONNUMBER ="1">
        <TRANSFORMATION DESCRIPTION ="" NAME ="SQ_EMPLOYEES" OBJECTVERSION ="1" REUSABLE ="NO" TYPE ="Source Qualifier" VERSIONNUMBER ="1">
            <TRANSFORMFIELD DATATYPE ="decimal" DEFAULTVALUE ="" DESCRIPTION ="" NAME ="EMPLOYEE_ID" PICTURETEXT ="" PORTTYPE ="INPUT/OUTPUT" PRECISION ="6" SCALE ="0"/>
            <TRANSFORMFIELD DATATYPE ="string" DEFAULTVALUE ="" DESCRIPTION ="" NAME ="FIRST_NAME" PICTURETEXT ="" PORTTYPE ="INPUT/OUTPUT" PRECISION ="20" SCALE ="0"/>
            <TRANSFORMFIELD DATATYPE ="string" DEFAULTVALUE ="" DESCRIPTION ="" NAME ="LAST_NAME" PICTURETEXT ="" PORTTYPE ="INPUT/OUTPUT" PRECISION ="25" SCALE ="0"/>
            <TRANSFORMFIELD DATATYPE ="string" DEFAULTVALUE ="" DESCRIPTION ="" NAME ="EMAIL" PICTURETEXT ="" PORTTYPE ="INPUT/OUTPUT" PRECISION ="25" SCALE ="0"/>
            <TRANSFORMFIELD DATATYPE ="string" DEFAULTVALUE ="" DESCRIPTION ="" NAME ="PHONE_NUMBER" PICTURETEXT ="" PORTTYPE ="INPUT/OUTPUT" PRECISION ="20" SCALE ="0"/>
            <TRANSFORMFIELD DATATYPE ="date/time" DEFAULTVALUE ="" DESCRIPTION ="" NAME ="HIRE_DATE" PICTURETEXT ="" PORTTYPE ="INPUT/OUTPUT" PRECISION ="29" SCALE ="9"/>
            <TRANSFORMFIELD DATATYPE ="string" DEFAULTVALUE ="" DESCRIPTION ="" NAME ="JOB_ID" PICTURETEXT ="" PORTTYPE ="INPUT/OUTPUT" PRECISION ="10" SCALE ="0"/>
            <TRANSFORMFIELD DATATYPE ="decimal" DEFAULTVALUE ="" DESCRIPTION ="" NAME ="SALARY" PICTURETEXT ="" PORTTYPE ="INPUT/OUTPUT" PRECISION ="8" SCALE ="2"/>
            <TRANSFORMFIELD DATATYPE ="decimal" DEFAULTVALUE ="" DESCRIPTION ="" NAME ="COMMISSION_PCT" PICTURETEXT ="" PORTTYPE ="INPUT/OUTPUT" PRECISION ="2" SCALE ="2"/>
            <TRANSFORMFIELD DATATYPE ="decimal" DEFAULTVALUE ="" DESCRIPTION ="" NAME ="MANAGER_ID" PICTURETEXT ="" PORTTYPE ="INPUT/OUTPUT" PRECISION ="6" SCALE ="0"/>
            <TRANSFORMFIELD DATATYPE ="decimal" DEFAULTVALUE ="" DESCRIPTION ="" NAME ="DEPARTMENT_ID" PICTURETEXT ="" PORTTYPE ="INPUT/OUTPUT" PRECISION ="4" SCALE ="0"/>
            <TABLEATTRIBUTE NAME ="Sql Query" VALUE =""/>
            <TABLEATTRIBUTE NAME ="User Defined Join" VALUE =""/>
            <TABLEATTRIBUTE NAME ="Source Filter" VALUE =""/>
            <TABLEATTRIBUTE NAME ="Number Of Sorted Ports" VALUE ="0"/>
            <TABLEATTRIBUTE NAME ="Tracing Level" VALUE ="Normal"/>
            <TABLEATTRIBUTE NAME ="Select Distinct" VALUE ="NO"/>
            <TABLEATTRIBUTE NAME ="Is Partitionable" VALUE ="NO"/>
            <TABLEATTRIBUTE NAME ="Pre SQL" VALUE =""/>
            <TABLEATTRIBUTE NAME ="Post SQL" VALUE =""/>
            <TABLEATTRIBUTE NAME ="Output is deterministic" VALUE ="NO"/>
            <TABLEATTRIBUTE NAME ="Output is repeatable" VALUE ="Never"/>
        </TRANSFORMATION>
        <TRANSFORMATION DESCRIPTION ="" NAME ="LKP_GetData" OBJECTVERSION ="1" REUSABLE ="NO" TYPE ="Lookup Procedure" VERSIONNUMBER ="1">
            <TRANSFORMFIELD DATATYPE ="decimal" DEFAULTVALUE ="" DESCRIPTION ="" NAME ="IN_EMPLOYEE_ID" PICTURETEXT ="" PORTTYPE ="INPUT" PRECISION ="6" SCALE ="0"/>
            <TRANSFORMFIELD DATATYPE ="decimal" DEFAULTVALUE ="" DESCRIPTION ="" NAME ="EMPLOYEE_ID" PICTURETEXT ="" PORTTYPE ="LOOKUP/OUTPUT" PRECISION ="6" SCALE ="0"/>
            <TRANSFORMFIELD DATATYPE ="decimal" DEFAULTVALUE ="" DESCRIPTION ="" NAME ="COMMISSION_PCT" PICTURETEXT ="" PORTTYPE ="LOOKUP/OUTPUT" PRECISION ="2" SCALE ="2"/>
            <TRANSFORMFIELD DATATYPE ="decimal" DEFAULTVALUE ="" DESCRIPTION ="" NAME ="DEPARTMENT_ID" PICTURETEXT ="" PORTTYPE ="LOOKUP/OUTPUT" PRECISION ="4" SCALE ="0"/>
            <TRANSFORMFIELD DATATYPE ="string" DEFAULTVALUE ="" DESCRIPTION ="" NAME ="EMAIL" PICTURETEXT ="" PORTTYPE ="LOOKUP/OUTPUT" PRECISION ="25" SCALE ="0"/>
            <TRANSFORMFIELD DATATYPE ="string" DEFAULTVALUE ="" DESCRIPTION ="" NAME ="JOB_ID" PICTURETEXT ="" PORTTYPE ="LOOKUP/OUTPUT" PRECISION ="10" SCALE ="0"/>
            <TRANSFORMFIELD DATATYPE ="decimal" DEFAULTVALUE ="" DESCRIPTION ="" NAME ="MANAGER_ID" PICTURETEXT ="" PORTTYPE ="LOOKUP/OUTPUT" PRECISION ="6" SCALE ="0"/>
            <TRANSFORMFIELD DATATYPE ="string" DEFAULTVALUE ="" DESCRIPTION ="" NAME ="PHONE_NUMBER" PICTURETEXT ="" PORTTYPE ="LOOKUP/OUTPUT" PRECISION ="20" SCALE ="0"/>
            <TRANSFORMFIELD DATATYPE ="decimal" DEFAULTVALUE ="" DESCRIPTION ="" NAME ="SALARY" PICTURETEXT ="" PORTTYPE ="LOOKUP/OUTPUT" PRECISION ="8" SCALE ="2"/>
            <TRANSFORMFIELD DATATYPE ="decimal" DEFAULTVALUE ="NULL" DESCRIPTION ="" NAME ="PM_PRIMARYKEY" PICTURETEXT ="" PORTTYPE ="LOOKUP/OUTPUT" PRECISION ="10" SCALE ="0"/>
            <TRANSFORMFIELD DATATYPE ="decimal" DEFAULTVALUE ="NULL" DESCRIPTION ="" NAME ="PM_CURRENT_FLAG" PICTURETEXT ="" PORTTYPE ="LOOKUP/OUTPUT" PRECISION ="10" SCALE ="0"/>
            <TABLEATTRIBUTE NAME ="Lookup Sql Override" VALUE =""/>
            <TABLEATTRIBUTE NAME ="Lookup table name" VALUE ="TARGETDIMEMPLOYEESCD2"/>
            <TABLEATTRIBUTE NAME ="Lookup Source Filter" VALUE =""/>
            <TABLEATTRIBUTE NAME ="Lookup caching enabled" VALUE ="YES"/>
            <TABLEATTRIBUTE NAME ="Lookup policy on multiple match" VALUE ="Use Last Value"/>
            <TABLEATTRIBUTE NAME ="Lookup condition" VALUE ="EMPLOYEE_ID = IN_EMPLOYEE_ID"/>
            <TABLEATTRIBUTE NAME ="Connection Information" VALUE ="$Target"/>
            <TABLEATTRIBUTE NAME ="Source Type" VALUE ="Database"/>
            <TABLEATTRIBUTE NAME ="Recache if Stale" VALUE ="NO"/>
            <TABLEATTRIBUTE NAME ="Tracing Level" VALUE ="Normal"/>
            <TABLEATTRIBUTE NAME ="Lookup cache directory name" VALUE ="$PMCacheDir"/>
            <TABLEATTRIBUTE NAME ="Lookup cache initialize" VALUE ="NO"/>
            <TABLEATTRIBUTE NAME ="Lookup cache persistent" VALUE ="NO"/>
            <TABLEATTRIBUTE NAME ="Lookup Data Cache Size" VALUE ="Auto"/>
            <TABLEATTRIBUTE NAME ="Lookup Index Cache Size" VALUE ="Auto"/>
            <TABLEATTRIBUTE NAME ="Dynamic Lookup Cache" VALUE ="NO"/>
            <TABLEATTRIBUTE NAME ="Synchronize Dynamic Cache" VALUE ="NO"/>
            <TABLEATTRIBUTE NAME ="Output Old Value On Update" VALUE ="NO"/>
            <TABLEATTRIBUTE NAME ="Update Dynamic Cache Condition" VALUE ="TRUE"/>
            <TABLEATTRIBUTE NAME ="Cache File Name Prefix" VALUE =""/>
            <TABLEATTRIBUTE NAME ="Re-cache from lookup source" VALUE ="NO"/>
            <TABLEATTRIBUTE NAME ="Insert Else Update" VALUE ="NO"/>
            <TABLEATTRIBUTE NAME ="Update Else Insert" VALUE ="NO"/>
            <TABLEATTRIBUTE NAME ="Datetime Format" VALUE =""/>
            <TABLEATTRIBUTE NAME ="Thousand Separator" VALUE ="None"/>
            <TABLEATTRIBUTE NAME ="Decimal Separator" VALUE ="."/>
            <TABLEATTRIBUTE NAME ="Case Sensitive String Comparison" VALUE ="NO"/>
            <TABLEATTRIBUTE NAME ="Null ordering" VALUE ="Null Is Highest Value"/>
            <TABLEATTRIBUTE NAME ="Sorted Input" VALUE ="NO"/>
            <TABLEATTRIBUTE NAME ="Lookup source is static" VALUE ="NO"/>
            <TABLEATTRIBUTE NAME ="Pre-build lookup cache" VALUE ="Auto"/>
            <TABLEATTRIBUTE NAME ="Subsecond Precision" VALUE ="6"/>
        </TRANSFORMATION>
        <TRANSFORMATION DESCRIPTION ="" NAME ="EXP_DetectChanges" OBJECTVERSION ="1" REUSABLE ="NO" TYPE ="Expression" VERSIONNUMBER ="1">
            <TRANSFORMFIELD DATATYPE ="integer" DEFAULTVALUE ="" DESCRIPTION ="" EXPRESSION ="IIF(NOT ISNULL(PM_PRIMARYKEY)&#xA;AND&#xA;(PM_CURRENT_FLAG = 1)&#xA;AND&#xA;(&#xA;DECODE(COMMISSION_PCT,PM_PREV_COMMISSION_PCT,1,0) = 0 &#xA;OR&#xA;DECODE(DEPARTMENT_ID,PM_PREV_DEPARTMENT_ID,1,0) = 0 &#xA;OR&#xA;DECODE(EMAIL,PM_PREV_EMAIL,1,0) = 0 &#xA;OR&#xA;DECODE(JOB_ID,PM_PREV_JOB_ID,1,0) = 0 &#xA;OR&#xA;DECODE(MANAGER_ID,PM_PREV_MANAGER_ID,1,0) = 0 &#xA;OR&#xA;DECODE(PHONE_NUMBER,PM_PREV_PHONE_NUMBER,1,0) = 0 &#xA;OR&#xA;DECODE(SALARY,PM_PREV_SALARY,1,0) = 0 &#xA;),TRUE,FALSE)" EXPRESSIONTYPE ="GENERAL" NAME ="ChangedFlag" PICTURETEXT ="" PORTTYPE ="OUTPUT" PRECISION ="10" SCALE ="0"/>
            <TRANSFORMFIELD DATATYPE ="integer" DEFAULTVALUE ="" DESCRIPTION ="" EXPRESSION ="IIF(ISNULL(PM_PRIMARYKEY),TRUE,FALSE)" EXPRESSIONTYPE ="GENERAL" NAME ="NewFlag" PICTURETEXT ="" PORTTYPE ="OUTPUT" PRECISION ="10" SCALE ="0"/>
            <TRANSFORMFIELD DATATYPE ="decimal" DEFAULTVALUE ="" DESCRIPTION ="" EXPRESSION ="PM_PRIMARYKEY" EXPRESSIONTYPE ="GENERAL" NAME ="PM_PRIMARYKEY" PICTURETEXT ="" PORTTYPE ="INPUT" PRECISION ="10" SCALE ="0"/>
            <TRANSFORMFIELD DATATYPE ="decimal" DEFAULTVALUE ="" DESCRIPTION ="" EXPRESSION ="COMMISSION_PCT" EXPRESSIONTYPE ="GENERAL" NAME ="COMMISSION_PCT" PICTURETEXT ="" PORTTYPE ="INPUT" PRECISION ="2" SCALE ="2"/>
            <TRANSFORMFIELD DATATYPE ="decimal" DEFAULTVALUE ="" DESCRIPTION ="" EXPRESSION ="COMMISSION_PCT1" EXPRESSIONTYPE ="GENERAL" NAME ="PM_PREV_COMMISSION_PCT" PICTURETEXT ="" PORTTYPE ="INPUT" PRECISION ="2" SCALE ="2"/>
            <TRANSFORMFIELD DATATYPE ="decimal" DEFAULTVALUE ="" DESCRIPTION ="" EXPRESSION ="DEPARTMENT_ID" EXPRESSIONTYPE ="GENERAL" NAME ="DEPARTMENT_ID" PICTURETEXT ="" PORTTYPE ="INPUT" PRECISION ="4" SCALE ="0"/>
            <TRANSFORMFIELD DATATYPE ="decimal" DEFAULTVALUE ="" DESCRIPTION ="" EXPRESSION ="DEPARTMENT_ID1" EXPRESSIONTYPE ="GENERAL" NAME ="PM_PREV_DEPARTMENT_ID" PICTURETEXT ="" PORTTYPE ="INPUT" PRECISION ="4" SCALE ="0"/>
            <TRANSFORMFIELD DATATYPE ="string" DEFAULTVALUE ="" DESCRIPTION ="" EXPRESSION ="EMAIL" EXPRESSIONTYPE ="GENERAL" NAME ="EMAIL" PICTURETEXT ="" PORTTYPE ="INPUT" PRECISION ="25" SCALE ="0"/>
            <TRANSFORMFIELD DATATYPE ="string" DEFAULTVALUE ="" DESCRIPTION ="" EXPRESSION ="EMAIL1" EXPRESSIONTYPE ="GENERAL" NAME ="PM_PREV_EMAIL" PICTURETEXT ="" PORTTYPE ="INPUT" PRECISION ="25" SCALE ="0"/>
            <TRANSFORMFIELD DATATYPE ="string" DEFAULTVALUE ="" DESCRIPTION ="" EXPRESSION ="JOB_ID" EXPRESSIONTYPE ="GENERAL" NAME ="JOB_ID" PICTURETEXT ="" PORTTYPE ="INPUT" PRECISION ="10" SCALE ="0"/>
            <TRANSFORMFIELD DATATYPE ="string" DEFAULTVALUE ="" DESCRIPTION ="" EXPRESSION ="JOB_ID1" EXPRESSIONTYPE ="GENERAL" NAME ="PM_PREV_JOB_ID" PICTURETEXT ="" PORTTYPE ="INPUT" PRECISION ="10" SCALE ="0"/>
            <TRANSFORMFIELD DATATYPE ="decimal" DEFAULTVALUE ="" DESCRIPTION ="" EXPRESSION ="MANAGER_ID" EXPRESSIONTYPE ="GENERAL" NAME ="MANAGER_ID" PICTURETEXT ="" PORTTYPE ="INPUT" PRECISION ="6" SCALE ="0"/>
            <TRANSFORMFIELD DATATYPE ="decimal" DEFAULTVALUE ="" DESCRIPTION ="" EXPRESSION ="MANAGER_ID1" EXPRESSIONTYPE ="GENERAL" NAME ="PM_PREV_MANAGER_ID" PICTURETEXT ="" PORTTYPE ="INPUT" PRECISION ="6" SCALE ="0"/>
            <TRANSFORMFIELD DATATYPE ="string" DEFAULTVALUE ="" DESCRIPTION ="" EXPRESSION ="PHONE_NUMBER" EXPRESSIONTYPE ="GENERAL" NAME ="PHONE_NUMBER" PICTURETEXT ="" PORTTYPE ="INPUT" PRECISION ="20" SCALE ="0"/>
            <TRANSFORMFIELD DATATYPE ="string" DEFAULTVALUE ="" DESCRIPTION ="" EXPRESSION ="PHONE_NUMBER1" EXPRESSIONTYPE ="GENERAL" NAME ="PM_PREV_PHONE_NUMBER" PICTURETEXT ="" PORTTYPE ="INPUT" PRECISION ="20" SCALE ="0"/>
            <TRANSFORMFIELD DATATYPE ="decimal" DEFAULTVALUE ="" DESCRIPTION ="" EXPRESSION ="SALARY" EXPRESSIONTYPE ="GENERAL" NAME ="SALARY" PICTURETEXT ="" PORTTYPE ="INPUT" PRECISION ="8" SCALE ="2"/>
            <TRANSFORMFIELD DATATYPE ="decimal" DEFAULTVALUE ="" DESCRIPTION ="" EXPRESSION ="SALARY1" EXPRESSIONTYPE ="GENERAL" NAME ="PM_PREV_SALARY" PICTURETEXT ="" PORTTYPE ="INPUT" PRECISION ="8" SCALE ="2"/>
            <TRANSFORMFIELD DATATYPE ="decimal" DEFAULTVALUE ="" DESCRIPTION ="" EXPRESSION ="PM_CURRENT_FLAG" EXPRESSIONTYPE ="GENERAL" NAME ="PM_CURRENT_FLAG" PICTURETEXT ="" PORTTYPE ="INPUT" PRECISION ="10" SCALE ="0"/>
            <TABLEATTRIBUTE NAME ="Tracing Level" VALUE ="Normal"/>
        </TRANSFORMATION>
        <TRANSFORMATION DESCRIPTION ="" NAME ="FIL_InsertNewRecord" OBJECTVERSION ="1" REUSABLE ="NO" TYPE ="Filter" VERSIONNUMBER ="1">
            <TRANSFORMFIELD DATATYPE ="decimal" DEFAULTVALUE ="" DESCRIPTION ="" NAME ="EMPLOYEE_ID" PICTURETEXT ="" PORTTYPE ="INPUT/OUTPUT" PRECISION ="6" SCALE ="0"/>
            <TRANSFORMFIELD DATATYPE ="string" DEFAULTVALUE ="" DESCRIPTION ="" NAME ="FIRST_NAME" PICTURETEXT ="" PORTTYPE ="INPUT/OUTPUT" PRECISION ="20" SCALE ="0"/>
            <TRANSFORMFIELD DATATYPE ="string" DEFAULTVALUE ="" DESCRIPTION ="" NAME ="LAST_NAME" PICTURETEXT ="" PORTTYPE ="INPUT/OUTPUT" PRECISION ="25" SCALE ="0"/>
            <TRANSFORMFIELD DATATYPE ="string" DEFAULTVALUE ="" DESCRIPTION ="" NAME ="EMAIL" PICTURETEXT ="" PORTTYPE ="INPUT/OUTPUT" PRECISION ="25" SCALE ="0"/>
            <TRANSFORMFIELD DATATYPE ="string" DEFAULTVALUE ="" DESCRIPTION ="" NAME ="PHONE_NUMBER" PICTURETEXT ="" PORTTYPE ="INPUT/OUTPUT" PRECISION ="20" SCALE ="0"/>
            <TRANSFORMFIELD DATATYPE ="date/time" DEFAULTVALUE ="" DESCRIPTION ="" NAME ="HIRE_DATE" PICTURETEXT ="" PORTTYPE ="INPUT/OUTPUT" PRECISION ="29" SCALE ="9"/>
            <TRANSFORMFIELD DATATYPE ="string" DEFAULTVALUE ="" DESCRIPTION ="" NAME ="JOB_ID" PICTURETEXT ="" PORTTYPE ="INPUT/OUTPUT" PRECISION ="10" SCALE ="0"/>
            <TRANSFORMFIELD DATATYPE ="decimal" DEFAULTVALUE ="" DESCRIPTION ="" NAME ="SALARY" PICTURETEXT ="" PORTTYPE ="INPUT/OUTPUT" PRECISION ="8" SCALE ="2"/>
            <TRANSFORMFIELD DATATYPE ="decimal" DEFAULTVALUE ="" DESCRIPTION ="" NAME ="COMMISSION_PCT" PICTURETEXT ="" PORTTYPE ="INPUT/OUTPUT" PRECISION ="2" SCALE ="2"/>
            <TRANSFORMFIELD DATATYPE ="decimal" DEFAULTVALUE ="" DESCRIPTION ="" NAME ="MANAGER_ID" PICTURETEXT ="" PORTTYPE ="INPUT/OUTPUT" PRECISION ="6" SCALE ="0"/>
            <TRANSFORMFIELD DATATYPE ="decimal" DEFAULTVALUE ="" DESCRIPTION ="" NAME ="DEPARTMENT_ID" PICTURETEXT ="" PORTTYPE ="INPUT/OUTPUT" PRECISION ="4" SCALE ="0"/>
            <TRANSFORMFIELD DATATYPE ="integer" DEFAULTVALUE ="" DESCRIPTION ="" NAME ="NewFlag" PICTURETEXT ="" PORTTYPE ="INPUT/OUTPUT" PRECISION ="10" SCALE ="0"/>
            <TABLEATTRIBUTE NAME ="Filter Condition" VALUE ="NewFlag"/>
            <TABLEATTRIBUTE NAME ="Tracing Level" VALUE ="Normal"/>
        </TRANSFORMATION>
        <TRANSFORMATION DESCRIPTION ="" NAME ="UPD_ForceInserts" OBJECTVERSION ="1" REUSABLE ="NO" TYPE ="Update Strategy" VERSIONNUMBER ="1">
            <TRANSFORMFIELD DATATYPE ="decimal" DEFAULTVALUE ="" DESCRIPTION ="" NAME ="EMPLOYEE_ID" PICTURETEXT ="" PORTTYPE ="INPUT/OUTPUT" PRECISION ="6" SCALE ="0"/>
            <TRANSFORMFIELD DATATYPE ="string" DEFAULTVALUE ="" DESCRIPTION ="" NAME ="FIRST_NAME" PICTURETEXT ="" PORTTYPE ="INPUT/OUTPUT" PRECISION ="20" SCALE ="0"/>
            <TRANSFORMFIELD DATATYPE ="string" DEFAULTVALUE ="" DESCRIPTION ="" NAME ="LAST_NAME" PICTURETEXT ="" PORTTYPE ="INPUT/OUTPUT" PRECISION ="25" SCALE ="0"/>
            <TRANSFORMFIELD DATATYPE ="string" DEFAULTVALUE ="" DESCRIPTION ="" NAME ="EMAIL" PICTURETEXT ="" PORTTYPE ="INPUT/OUTPUT" PRECISION ="25" SCALE ="0"/>
            <TRANSFORMFIELD DATATYPE ="string" DEFAULTVALUE ="" DESCRIPTION ="" NAME ="PHONE_NUMBER" PICTURETEXT ="" PORTTYPE ="INPUT/OUTPUT" PRECISION ="20" SCALE ="0"/>
            <TRANSFORMFIELD DATATYPE ="date/time" DEFAULTVALUE ="" DESCRIPTION ="" NAME ="HIRE_DATE" PICTURETEXT ="" PORTTYPE ="INPUT/OUTPUT" PRECISION ="29" SCALE ="9"/>
            <TRANSFORMFIELD DATATYPE ="string" DEFAULTVALUE ="" DESCRIPTION ="" NAME ="JOB_ID" PICTURETEXT ="" PORTTYPE ="INPUT/OUTPUT" PRECISION ="10" SCALE ="0"/>
            <TRANSFORMFIELD DATATYPE ="decimal" DEFAULTVALUE ="" DESCRIPTION ="" NAME ="SALARY" PICTURETEXT ="" PORTTYPE ="INPUT/OUTPUT" PRECISION ="8" SCALE ="2"/>
            <TRANSFORMFIELD DATATYPE ="decimal" DEFAULTVALUE ="" DESCRIPTION ="" NAME ="COMMISSION_PCT" PICTURETEXT ="" PORTTYPE ="INPUT/OUTPUT" PRECISION ="2" SCALE ="2"/>
            <TRANSFORMFIELD DATATYPE ="decimal" DEFAULTVALUE ="" DESCRIPTION ="" NAME ="MANAGER_ID" PICTURETEXT ="" PORTTYPE ="INPUT/OUTPUT" PRECISION ="6" SCALE ="0"/>
            <TRANSFORMFIELD DATATYPE ="decimal" DEFAULTVALUE ="" DESCRIPTION ="" NAME ="DEPARTMENT_ID" PICTURETEXT ="" PORTTYPE ="INPUT/OUTPUT" PRECISION ="4" SCALE ="0"/>
            <TABLEATTRIBUTE NAME ="Update Strategy Expression" VALUE ="DD_INSERT"/>
            <TABLEATTRIBUTE NAME ="Forward Rejected Rows" VALUE ="YES"/>
            <TABLEATTRIBUTE NAME ="Tracing Level" VALUE ="Normal"/>
        </TRANSFORMATION>
        <TRANSFORMATION DESCRIPTION ="" NAME ="SEQ_GenerateKeys" OBJECTVERSION ="1" REUSABLE ="NO" TYPE ="Sequence" VERSIONNUMBER ="1">
            <TRANSFORMFIELD DATATYPE ="bigint" DEFAULTVALUE ="ERROR(&apos;transformation error&apos;)" DESCRIPTION ="" NAME ="NEXTVAL" PICTURETEXT ="" PORTTYPE ="OUTPUT" PRECISION ="19" SCALE ="0"/>
            <TRANSFORMFIELD DATATYPE ="bigint" DEFAULTVALUE ="ERROR(&apos;transformation error&apos;)" DESCRIPTION ="" NAME ="CURRVAL" PICTURETEXT ="" PORTTYPE ="OUTPUT" PRECISION ="19" SCALE ="0"/>
            <TABLEATTRIBUTE NAME ="Start Value" VALUE ="0"/>
            <TABLEATTRIBUTE NAME ="Increment By" VALUE ="1"/>
            <TABLEATTRIBUTE NAME ="End Value" VALUE ="9223372036854775807"/>
            <TABLEATTRIBUTE NAME ="Current Value" VALUE ="108"/>
            <TABLEATTRIBUTE NAME ="Cycle" VALUE ="NO"/>
            <TABLEATTRIBUTE NAME ="Number of Cached Values" VALUE ="0"/>
            <TABLEATTRIBUTE NAME ="Reset" VALUE ="NO"/>
            <TABLEATTRIBUTE NAME ="Is Current Value Shared" VALUE ="NO"/>
            <TABLEATTRIBUTE NAME ="Tracing Level" VALUE ="Normal"/>
        </TRANSFORMATION>
        <TRANSFORMATION DESCRIPTION ="" NAME ="EXP_KeyProcessing_InsertNew" OBJECTVERSION ="1" REUSABLE ="NO" TYPE ="Expression" VERSIONNUMBER ="1">
            <TRANSFORMFIELD DATATYPE ="bigint" DEFAULTVALUE ="" DESCRIPTION ="" EXPRESSION ="NEXTVAL" EXPRESSIONTYPE ="GENERAL" NAME ="NEXTVAL" PICTURETEXT ="" PORTTYPE ="INPUT" PRECISION ="19" SCALE ="0"/>
            <TRANSFORMFIELD DATATYPE ="decimal" DEFAULTVALUE ="" DESCRIPTION ="" EXPRESSION ="NEXTVAL * 1000" EXPRESSIONTYPE ="GENERAL" NAME ="PM_PRIMARYKEY" PICTURETEXT ="" PORTTYPE ="OUTPUT" PRECISION ="10" SCALE ="0"/>
            <TRANSFORMFIELD DATATYPE ="decimal" DEFAULTVALUE ="" DESCRIPTION ="" EXPRESSION ="1" EXPRESSIONTYPE ="GENERAL" NAME ="PM_CURRENT_FLAG" PICTURETEXT ="" PORTTYPE ="OUTPUT" PRECISION ="10" SCALE ="0"/>
            <TABLEATTRIBUTE NAME ="Tracing Level" VALUE ="Normal"/>
        </TRANSFORMATION>
        <TRANSFORMATION DESCRIPTION ="" NAME ="FIL_InsertChangedRecord" OBJECTVERSION ="1" REUSABLE ="NO" TYPE ="Filter" VERSIONNUMBER ="1">
            <TRANSFORMFIELD DATATYPE ="decimal" DEFAULTVALUE ="" DESCRIPTION ="" NAME ="PM_PRIMARYKEY" PICTURETEXT ="" PORTTYPE ="INPUT/OUTPUT" PRECISION ="10" SCALE ="0"/>
            <TRANSFORMFIELD DATATYPE ="decimal" DEFAULTVALUE ="" DESCRIPTION ="" NAME ="EMPLOYEE_ID" PICTURETEXT ="" PORTTYPE ="INPUT/OUTPUT" PRECISION ="6" SCALE ="0"/>
            <TRANSFORMFIELD DATATYPE ="string" DEFAULTVALUE ="" DESCRIPTION ="" NAME ="FIRST_NAME" PICTURETEXT ="" PORTTYPE ="INPUT/OUTPUT" PRECISION ="20" SCALE ="0"/>
            <TRANSFORMFIELD DATATYPE ="string" DEFAULTVALUE ="" DESCRIPTION ="" NAME ="LAST_NAME" PICTURETEXT ="" PORTTYPE ="INPUT/OUTPUT" PRECISION ="25" SCALE ="0"/>
            <TRANSFORMFIELD DATATYPE ="string" DEFAULTVALUE ="" DESCRIPTION ="" NAME ="EMAIL" PICTURETEXT ="" PORTTYPE ="INPUT/OUTPUT" PRECISION ="25" SCALE ="0"/>
            <TRANSFORMFIELD DATATYPE ="string" DEFAULTVALUE ="" DESCRIPTION ="" NAME ="PHONE_NUMBER" PICTURETEXT ="" PORTTYPE ="INPUT/OUTPUT" PRECISION ="20" SCALE ="0"/>
            <TRANSFORMFIELD DATATYPE ="date/time" DEFAULTVALUE ="" DESCRIPTION ="" NAME ="HIRE_DATE" PICTURETEXT ="" PORTTYPE ="INPUT/OUTPUT" PRECISION ="29" SCALE ="9"/>
            <TRANSFORMFIELD DATATYPE ="string" DEFAULTVALUE ="" DESCRIPTION ="" NAME ="JOB_ID" PICTURETEXT ="" PORTTYPE ="INPUT/OUTPUT" PRECISION ="10" SCALE ="0"/>
            <TRANSFORMFIELD DATATYPE ="decimal" DEFAULTVALUE ="" DESCRIPTION ="" NAME ="SALARY" PICTURETEXT ="" PORTTYPE ="INPUT/OUTPUT" PRECISION ="8" SCALE ="2"/>
            <TRANSFORMFIELD DATATYPE ="decimal" DEFAULTVALUE ="" DESCRIPTION ="" NAME ="COMMISSION_PCT" PICTURETEXT ="" PORTTYPE ="INPUT/OUTPUT" PRECISION ="2" SCALE ="2"/>
            <TRANSFORMFIELD DATATYPE ="decimal" DEFAULTVALUE ="" DESCRIPTION ="" NAME ="MANAGER_ID" PICTURETEXT ="" PORTTYPE ="INPUT/OUTPUT" PRECISION ="6" SCALE ="0"/>
            <TRANSFORMFIELD DATATYPE ="decimal" DEFAULTVALUE ="" DESCRIPTION ="" NAME ="DEPARTMENT_ID" PICTURETEXT ="" PORTTYPE ="INPUT/OUTPUT" PRECISION ="4" SCALE ="0"/>
            <TRANSFORMFIELD DATATYPE ="integer" DEFAULTVALUE ="" DESCRIPTION ="" NAME ="ChangedFlag" PICTURETEXT ="" PORTTYPE ="INPUT/OUTPUT" PRECISION ="10" SCALE ="0"/>
            <TABLEATTRIBUTE NAME ="Filter Condition" VALUE ="ChangedFlag"/>
            <TABLEATTRIBUTE NAME ="Tracing Level" VALUE ="Normal"/>
        </TRANSFORMATION>
        <TRANSFORMATION DESCRIPTION ="" NAME ="UPD_ChangedInserts" OBJECTVERSION ="1" REUSABLE ="NO" TYPE ="Update Strategy" VERSIONNUMBER ="1">
            <TRANSFORMFIELD DATATYPE ="decimal" DEFAULTVALUE ="" DESCRIPTION ="" NAME ="PM_PRIMARYKEY" PICTURETEXT ="" PORTTYPE ="INPUT/OUTPUT" PRECISION ="10" SCALE ="0"/>
            <TRANSFORMFIELD DATATYPE ="decimal" DEFAULTVALUE ="" DESCRIPTION ="" NAME ="EMPLOYEE_ID" PICTURETEXT ="" PORTTYPE ="INPUT/OUTPUT" PRECISION ="6" SCALE ="0"/>
            <TRANSFORMFIELD DATATYPE ="string" DEFAULTVALUE ="" DESCRIPTION ="" NAME ="FIRST_NAME" PICTURETEXT ="" PORTTYPE ="INPUT/OUTPUT" PRECISION ="20" SCALE ="0"/>
            <TRANSFORMFIELD DATATYPE ="string" DEFAULTVALUE ="" DESCRIPTION ="" NAME ="LAST_NAME" PICTURETEXT ="" PORTTYPE ="INPUT/OUTPUT" PRECISION ="25" SCALE ="0"/>
            <TRANSFORMFIELD DATATYPE ="string" DEFAULTVALUE ="" DESCRIPTION ="" NAME ="EMAIL" PICTURETEXT ="" PORTTYPE ="INPUT/OUTPUT" PRECISION ="25" SCALE ="0"/>
            <TRANSFORMFIELD DATATYPE ="string" DEFAULTVALUE ="" DESCRIPTION ="" NAME ="PHONE_NUMBER" PICTURETEXT ="" PORTTYPE ="INPUT/OUTPUT" PRECISION ="20" SCALE ="0"/>
            <TRANSFORMFIELD DATATYPE ="date/time" DEFAULTVALUE ="" DESCRIPTION ="" NAME ="HIRE_DATE" PICTURETEXT ="" PORTTYPE ="INPUT/OUTPUT" PRECISION ="29" SCALE ="9"/>
            <TRANSFORMFIELD DATATYPE ="string" DEFAULTVALUE ="" DESCRIPTION ="" NAME ="JOB_ID" PICTURETEXT ="" PORTTYPE ="INPUT/OUTPUT" PRECISION ="10" SCALE ="0"/>
            <TRANSFORMFIELD DATATYPE ="decimal" DEFAULTVALUE ="" DESCRIPTION ="" NAME ="SALARY" PICTURETEXT ="" PORTTYPE ="INPUT/OUTPUT" PRECISION ="8" SCALE ="2"/>
            <TRANSFORMFIELD DATATYPE ="decimal" DEFAULTVALUE ="" DESCRIPTION ="" NAME ="COMMISSION_PCT" PICTURETEXT ="" PORTTYPE ="INPUT/OUTPUT" PRECISION ="2" SCALE ="2"/>
            <TRANSFORMFIELD DATATYPE ="decimal" DEFAULTVALUE ="" DESCRIPTION ="" NAME ="MANAGER_ID" PICTURETEXT ="" PORTTYPE ="INPUT/OUTPUT" PRECISION ="6" SCALE ="0"/>
            <TRANSFORMFIELD DATATYPE ="decimal" DEFAULTVALUE ="" DESCRIPTION ="" NAME ="DEPARTMENT_ID" PICTURETEXT ="" PORTTYPE ="INPUT/OUTPUT" PRECISION ="4" SCALE ="0"/>
            <TABLEATTRIBUTE NAME ="Update Strategy Expression" VALUE ="DD_INSERT"/>
            <TABLEATTRIBUTE NAME ="Forward Rejected Rows" VALUE ="YES"/>
            <TABLEATTRIBUTE NAME ="Tracing Level" VALUE ="Normal"/>
        </TRANSFORMATION>
        <TRANSFORMATION DESCRIPTION ="" NAME ="EXP_KeyProcessing_InsertChanged" OBJECTVERSION ="1" REUSABLE ="NO" TYPE ="Expression" VERSIONNUMBER ="1">
            <TRANSFORMFIELD DATATYPE ="decimal" DEFAULTVALUE ="" DESCRIPTION ="" EXPRESSION ="PM_PRIMARYKEY" EXPRESSIONTYPE ="GENERAL" NAME ="PM_PRIMARYKEY" PICTURETEXT ="" PORTTYPE ="INPUT" PRECISION ="10" SCALE ="0"/>
            <TRANSFORMFIELD DATATYPE ="decimal" DEFAULTVALUE ="" DESCRIPTION ="" EXPRESSION ="PM_PRIMARYKEY + 1" EXPRESSIONTYPE ="GENERAL" NAME ="NEW_PM_PRIMARYKEY" PICTURETEXT ="" PORTTYPE ="OUTPUT" PRECISION ="10" SCALE ="0"/>
            <TRANSFORMFIELD DATATYPE ="decimal" DEFAULTVALUE ="" DESCRIPTION ="" EXPRESSION ="1" EXPRESSIONTYPE ="GENERAL" NAME ="PM_CURRENT_FLAG" PICTURETEXT ="" PORTTYPE ="OUTPUT" PRECISION ="10" SCALE ="0"/>
            <TABLEATTRIBUTE NAME ="Tracing Level" VALUE ="Normal"/>
        </TRANSFORMATION>
        <TRANSFORMATION DESCRIPTION ="" NAME ="FIL_UpdateChangedRecord" OBJECTVERSION ="1" REUSABLE ="NO" TYPE ="Filter" VERSIONNUMBER ="1">
            <TRANSFORMFIELD DATATYPE ="decimal" DEFAULTVALUE ="" DESCRIPTION ="" NAME ="PM_PRIMARYKEY" PICTURETEXT ="" PORTTYPE ="INPUT/OUTPUT" PRECISION ="10" SCALE ="0"/>
            <TRANSFORMFIELD DATATYPE ="integer" DEFAULTVALUE ="" DESCRIPTION ="" NAME ="ChangedFlag" PICTURETEXT ="" PORTTYPE ="INPUT/OUTPUT" PRECISION ="10" SCALE ="0"/>
            <TABLEATTRIBUTE NAME ="Filter Condition" VALUE ="ChangedFlag"/>
            <TABLEATTRIBUTE NAME ="Tracing Level" VALUE ="Normal"/>
        </TRANSFORMATION>
        <TRANSFORMATION DESCRIPTION ="" NAME ="UPD_ChangedUpdate" OBJECTVERSION ="1" REUSABLE ="NO" TYPE ="Update Strategy" VERSIONNUMBER ="1">
            <TRANSFORMFIELD DATATYPE ="decimal" DEFAULTVALUE ="" DESCRIPTION ="" NAME ="PM_PRIMARYKEY" PICTURETEXT ="" PORTTYPE ="INPUT/OUTPUT" PRECISION ="10" SCALE ="0"/>
            <TABLEATTRIBUTE NAME ="Update Strategy Expression" VALUE ="DD_UPDATE"/>
            <TABLEATTRIBUTE NAME ="Forward Rejected Rows" VALUE ="YES"/>
            <TABLEATTRIBUTE NAME ="Tracing Level" VALUE ="Normal"/>
        </TRANSFORMATION>
        <TRANSFORMATION DESCRIPTION ="" NAME ="EXP_KeyProcessing_UpdateChanged" OBJECTVERSION ="1" REUSABLE ="NO" TYPE ="Expression" VERSIONNUMBER ="1">
            <TRANSFORMFIELD DATATYPE ="decimal" DEFAULTVALUE ="" DESCRIPTION ="" EXPRESSION ="PM_PRIMARYKEY" EXPRESSIONTYPE ="GENERAL" NAME ="PM_PRIMARYKEY" PICTURETEXT ="" PORTTYPE ="INPUT" PRECISION ="10" SCALE ="0"/>
            <TRANSFORMFIELD DATATYPE ="decimal" DEFAULTVALUE ="" DESCRIPTION ="" EXPRESSION ="0" EXPRESSIONTYPE ="GENERAL" NAME ="PM_CURRENT_FLAG" PICTURETEXT ="" PORTTYPE ="OUTPUT" PRECISION ="10" SCALE ="0"/>
            <TABLEATTRIBUTE NAME ="Tracing Level" VALUE ="Normal"/>
        </TRANSFORMATION>
        <INSTANCE DESCRIPTION ="" NAME ="TARGETDIMEMPLOYEESCD2" TRANSFORMATION_NAME ="TARGETDIMEMPLOYEESCD2" TRANSFORMATION_TYPE ="Target Definition" TYPE ="TARGET"/>
        <INSTANCE DESCRIPTION ="" NAME ="TARGETDIMEMPLOYEESCD21" TRANSFORMATION_NAME ="TARGETDIMEMPLOYEESCD2" TRANSFORMATION_TYPE ="Target Definition" TYPE ="TARGET"/>
        <INSTANCE DESCRIPTION ="" NAME ="TARGETDIMEMPLOYEESCD22" TRANSFORMATION_NAME ="TARGETDIMEMPLOYEESCD2" TRANSFORMATION_TYPE ="Target Definition" TYPE ="TARGET"/>
        <INSTANCE DESCRIPTION ="" NAME ="SQ_EMPLOYEES" REUSABLE ="NO" TRANSFORMATION_NAME ="SQ_EMPLOYEES" TRANSFORMATION_TYPE ="Source Qualifier" TYPE ="TRANSFORMATION">
            <ASSOCIATED_SOURCE_INSTANCE NAME ="EMPLOYEES"/>
        </INSTANCE>
        <INSTANCE DESCRIPTION ="" NAME ="LKP_GetData" REUSABLE ="NO" TRANSFORMATION_NAME ="LKP_GetData" TRANSFORMATION_TYPE ="Lookup Procedure" TYPE ="TRANSFORMATION"/>
        <INSTANCE DESCRIPTION ="" NAME ="EXP_DetectChanges" REUSABLE ="NO" TRANSFORMATION_NAME ="EXP_DetectChanges" TRANSFORMATION_TYPE ="Expression" TYPE ="TRANSFORMATION"/>
        <INSTANCE DESCRIPTION ="" NAME ="FIL_InsertNewRecord" REUSABLE ="NO" TRANSFORMATION_NAME ="FIL_InsertNewRecord" TRANSFORMATION_TYPE ="Filter" TYPE ="TRANSFORMATION"/>
        <INSTANCE DESCRIPTION ="" NAME ="UPD_ForceInserts" REUSABLE ="NO" TRANSFORMATION_NAME ="UPD_ForceInserts" TRANSFORMATION_TYPE ="Update Strategy" TYPE ="TRANSFORMATION"/>
        <INSTANCE DESCRIPTION ="" NAME ="SEQ_GenerateKeys" REUSABLE ="NO" TRANSFORMATION_NAME ="SEQ_GenerateKeys" TRANSFORMATION_TYPE ="Sequence" TYPE ="TRANSFORMATION"/>
        <INSTANCE DESCRIPTION ="" NAME ="EXP_KeyProcessing_InsertNew" REUSABLE ="NO" TRANSFORMATION_NAME ="EXP_KeyProcessing_InsertNew" TRANSFORMATION_TYPE ="Expression" TYPE ="TRANSFORMATION"/>
        <INSTANCE DESCRIPTION ="" NAME ="FIL_InsertChangedRecord" REUSABLE ="NO" TRANSFORMATION_NAME ="FIL_InsertChangedRecord" TRANSFORMATION_TYPE ="Filter" TYPE ="TRANSFORMATION"/>
        <INSTANCE DESCRIPTION ="" NAME ="UPD_ChangedInserts" REUSABLE ="NO" TRANSFORMATION_NAME ="UPD_ChangedInserts" TRANSFORMATION_TYPE ="Update Strategy" TYPE ="TRANSFORMATION"/>
        <INSTANCE DESCRIPTION ="" NAME ="EXP_KeyProcessing_InsertChanged" REUSABLE ="NO" TRANSFORMATION_NAME ="EXP_KeyProcessing_InsertChanged" TRANSFORMATION_TYPE ="Expression" TYPE ="TRANSFORMATION"/>
        <INSTANCE DBDNAME ="ODBC_HR" DESCRIPTION ="" NAME ="EMPLOYEES" TRANSFORMATION_NAME ="EMPLOYEES" TRANSFORMATION_TYPE ="Source Definition" TYPE ="SOURCE"/>
        <INSTANCE DESCRIPTION ="" NAME ="FIL_UpdateChangedRecord" REUSABLE ="NO" TRANSFORMATION_NAME ="FIL_UpdateChangedRecord" TRANSFORMATION_TYPE ="Filter" TYPE ="TRANSFORMATION"/>
        <INSTANCE DESCRIPTION ="" NAME ="UPD_ChangedUpdate" REUSABLE ="NO" TRANSFORMATION_NAME ="UPD_ChangedUpdate" TRANSFORMATION_TYPE ="Update Strategy" TYPE ="TRANSFORMATION"/>
        <INSTANCE DESCRIPTION ="" NAME ="EXP_KeyProcessing_UpdateChanged" REUSABLE ="NO" TRANSFORMATION_NAME ="EXP_KeyProcessing_UpdateChanged" TRANSFORMATION_TYPE ="Expression" TYPE ="TRANSFORMATION"/>
        <CONNECTOR FROMFIELD ="PM_PRIMARYKEY" FROMINSTANCE ="EXP_KeyProcessing_InsertNew" FROMINSTANCETYPE ="Expression" TOFIELD ="PM_PRIMARYKEY" TOINSTANCE ="TARGETDIMEMPLOYEESCD2" TOINSTANCETYPE ="Target Definition"/>
        <CONNECTOR FROMFIELD ="PM_CURRENT_FLAG" FROMINSTANCE ="EXP_KeyProcessing_InsertNew" FROMINSTANCETYPE ="Expression" TOFIELD ="PM_CURRENT_FLAG" TOINSTANCE ="TARGETDIMEMPLOYEESCD2" TOINSTANCETYPE ="Target Definition"/>
        <CONNECTOR FROMFIELD ="COMMISSION_PCT" FROMINSTANCE ="UPD_ForceInserts" FROMINSTANCETYPE ="Update Strategy" TOFIELD ="COMMISSION_PCT" TOINSTANCE ="TARGETDIMEMPLOYEESCD2" TOINSTANCETYPE ="Target Definition"/>
        <CONNECTOR FROMFIELD ="DEPARTMENT_ID" FROMINSTANCE ="UPD_ForceInserts" FROMINSTANCETYPE ="Update Strategy" TOFIELD ="DEPARTMENT_ID" TOINSTANCE ="TARGETDIMEMPLOYEESCD2" TOINSTANCETYPE ="Target Definition"/>
        <CONNECTOR FROMFIELD ="EMAIL" FROMINSTANCE ="UPD_ForceInserts" FROMINSTANCETYPE ="Update Strategy" TOFIELD ="EMAIL" TOINSTANCE ="TARGETDIMEMPLOYEESCD2" TOINSTANCETYPE ="Target Definition"/>
        <CONNECTOR FROMFIELD ="JOB_ID" FROMINSTANCE ="UPD_ForceInserts" FROMINSTANCETYPE ="Update Strategy" TOFIELD ="JOB_ID" TOINSTANCE ="TARGETDIMEMPLOYEESCD2" TOINSTANCETYPE ="Target Definition"/>
        <CONNECTOR FROMFIELD ="MANAGER_ID" FROMINSTANCE ="UPD_ForceInserts" FROMINSTANCETYPE ="Update Strategy" TOFIELD ="MANAGER_ID" TOINSTANCE ="TARGETDIMEMPLOYEESCD2" TOINSTANCETYPE ="Target Definition"/>
        <CONNECTOR FROMFIELD ="PHONE_NUMBER" FROMINSTANCE ="UPD_ForceInserts" FROMINSTANCETYPE ="Update Strategy" TOFIELD ="PHONE_NUMBER" TOINSTANCE ="TARGETDIMEMPLOYEESCD2" TOINSTANCETYPE ="Target Definition"/>
        <CONNECTOR FROMFIELD ="SALARY" FROMINSTANCE ="UPD_ForceInserts" FROMINSTANCETYPE ="Update Strategy" TOFIELD ="SALARY" TOINSTANCE ="TARGETDIMEMPLOYEESCD2" TOINSTANCETYPE ="Target Definition"/>
        <CONNECTOR FROMFIELD ="EMPLOYEE_ID" FROMINSTANCE ="UPD_ForceInserts" FROMINSTANCETYPE ="Update Strategy" TOFIELD ="EMPLOYEE_ID" TOINSTANCE ="TARGETDIMEMPLOYEESCD2" TOINSTANCETYPE ="Target Definition"/>
        <CONNECTOR FROMFIELD ="FIRST_NAME" FROMINSTANCE ="UPD_ForceInserts" FROMINSTANCETYPE ="Update Strategy" TOFIELD ="FIRST_NAME" TOINSTANCE ="TARGETDIMEMPLOYEESCD2" TOINSTANCETYPE ="Target Definition"/>
        <CONNECTOR FROMFIELD ="LAST_NAME" FROMINSTANCE ="UPD_ForceInserts" FROMINSTANCETYPE ="Update Strategy" TOFIELD ="LAST_NAME" TOINSTANCE ="TARGETDIMEMPLOYEESCD2" TOINSTANCETYPE ="Target Definition"/>
        <CONNECTOR FROMFIELD ="HIRE_DATE" FROMINSTANCE ="UPD_ForceInserts" FROMINSTANCETYPE ="Update Strategy" TOFIELD ="HIRE_DATE" TOINSTANCE ="TARGETDIMEMPLOYEESCD2" TOINSTANCETYPE ="Target Definition"/>
        <CONNECTOR FROMFIELD ="NEW_PM_PRIMARYKEY" FROMINSTANCE ="EXP_KeyProcessing_InsertChanged" FROMINSTANCETYPE ="Expression" TOFIELD ="PM_PRIMARYKEY" TOINSTANCE ="TARGETDIMEMPLOYEESCD21" TOINSTANCETYPE ="Target Definition"/>
        <CONNECTOR FROMFIELD ="PM_CURRENT_FLAG" FROMINSTANCE ="EXP_KeyProcessing_InsertChanged" FROMINSTANCETYPE ="Expression" TOFIELD ="PM_CURRENT_FLAG" TOINSTANCE ="TARGETDIMEMPLOYEESCD21" TOINSTANCETYPE ="Target Definition"/>
        <CONNECTOR FROMFIELD ="COMMISSION_PCT" FROMINSTANCE ="UPD_ChangedInserts" FROMINSTANCETYPE ="Update Strategy" TOFIELD ="COMMISSION_PCT" TOINSTANCE ="TARGETDIMEMPLOYEESCD21" TOINSTANCETYPE ="Target Definition"/>
        <CONNECTOR FROMFIELD ="DEPARTMENT_ID" FROMINSTANCE ="UPD_ChangedInserts" FROMINSTANCETYPE ="Update Strategy" TOFIELD ="DEPARTMENT_ID" TOINSTANCE ="TARGETDIMEMPLOYEESCD21" TOINSTANCETYPE ="Target Definition"/>
        <CONNECTOR FROMFIELD ="EMAIL" FROMINSTANCE ="UPD_ChangedInserts" FROMINSTANCETYPE ="Update Strategy" TOFIELD ="EMAIL" TOINSTANCE ="TARGETDIMEMPLOYEESCD21" TOINSTANCETYPE ="Target Definition"/>
        <CONNECTOR FROMFIELD ="JOB_ID" FROMINSTANCE ="UPD_ChangedInserts" FROMINSTANCETYPE ="Update Strategy" TOFIELD ="JOB_ID" TOINSTANCE ="TARGETDIMEMPLOYEESCD21" TOINSTANCETYPE ="Target Definition"/>
        <CONNECTOR FROMFIELD ="MANAGER_ID" FROMINSTANCE ="UPD_ChangedInserts" FROMINSTANCETYPE ="Update Strategy" TOFIELD ="MANAGER_ID" TOINSTANCE ="TARGETDIMEMPLOYEESCD21" TOINSTANCETYPE ="Target Definition"/>
        <CONNECTOR FROMFIELD ="PHONE_NUMBER" FROMINSTANCE ="UPD_ChangedInserts" FROMINSTANCETYPE ="Update Strategy" TOFIELD ="PHONE_NUMBER" TOINSTANCE ="TARGETDIMEMPLOYEESCD21" TOINSTANCETYPE ="Target Definition"/>
        <CONNECTOR FROMFIELD ="SALARY" FROMINSTANCE ="UPD_ChangedInserts" FROMINSTANCETYPE ="Update Strategy" TOFIELD ="SALARY" TOINSTANCE ="TARGETDIMEMPLOYEESCD21" TOINSTANCETYPE ="Target Definition"/>
        <CONNECTOR FROMFIELD ="EMPLOYEE_ID" FROMINSTANCE ="UPD_ChangedInserts" FROMINSTANCETYPE ="Update Strategy" TOFIELD ="EMPLOYEE_ID" TOINSTANCE ="TARGETDIMEMPLOYEESCD21" TOINSTANCETYPE ="Target Definition"/>
        <CONNECTOR FROMFIELD ="FIRST_NAME" FROMINSTANCE ="UPD_ChangedInserts" FROMINSTANCETYPE ="Update Strategy" TOFIELD ="FIRST_NAME" TOINSTANCE ="TARGETDIMEMPLOYEESCD21" TOINSTANCETYPE ="Target Definition"/>
        <CONNECTOR FROMFIELD ="LAST_NAME" FROMINSTANCE ="UPD_ChangedInserts" FROMINSTANCETYPE ="Update Strategy" TOFIELD ="LAST_NAME" TOINSTANCE ="TARGETDIMEMPLOYEESCD21" TOINSTANCETYPE ="Target Definition"/>
        <CONNECTOR FROMFIELD ="HIRE_DATE" FROMINSTANCE ="UPD_ChangedInserts" FROMINSTANCETYPE ="Update Strategy" TOFIELD ="HIRE_DATE" TOINSTANCE ="TARGETDIMEMPLOYEESCD21" TOINSTANCETYPE ="Target Definition"/>
        <CONNECTOR FROMFIELD ="PM_CURRENT_FLAG" FROMINSTANCE ="EXP_KeyProcessing_UpdateChanged" FROMINSTANCETYPE ="Expression" TOFIELD ="PM_CURRENT_FLAG" TOINSTANCE ="TARGETDIMEMPLOYEESCD22" TOINSTANCETYPE ="Target Definition"/>
        <CONNECTOR FROMFIELD ="PM_PRIMARYKEY" FROMINSTANCE ="UPD_ChangedUpdate" FROMINSTANCETYPE ="Update Strategy" TOFIELD ="PM_PRIMARYKEY" TOINSTANCE ="TARGETDIMEMPLOYEESCD22" TOINSTANCETYPE ="Target Definition"/>
        <CONNECTOR FROMFIELD ="EMPLOYEE_ID" FROMINSTANCE ="EMPLOYEES" FROMINSTANCETYPE ="Source Definition" TOFIELD ="EMPLOYEE_ID" TOINSTANCE ="SQ_EMPLOYEES" TOINSTANCETYPE ="Source Qualifier"/>
        <CONNECTOR FROMFIELD ="FIRST_NAME" FROMINSTANCE ="EMPLOYEES" FROMINSTANCETYPE ="Source Definition" TOFIELD ="FIRST_NAME" TOINSTANCE ="SQ_EMPLOYEES" TOINSTANCETYPE ="Source Qualifier"/>
        <CONNECTOR FROMFIELD ="LAST_NAME" FROMINSTANCE ="EMPLOYEES" FROMINSTANCETYPE ="Source Definition" TOFIELD ="LAST_NAME" TOINSTANCE ="SQ_EMPLOYEES" TOINSTANCETYPE ="Source Qualifier"/>
        <CONNECTOR FROMFIELD ="EMAIL" FROMINSTANCE ="EMPLOYEES" FROMINSTANCETYPE ="Source Definition" TOFIELD ="EMAIL" TOINSTANCE ="SQ_EMPLOYEES" TOINSTANCETYPE ="Source Qualifier"/>
        <CONNECTOR FROMFIELD ="PHONE_NUMBER" FROMINSTANCE ="EMPLOYEES" FROMINSTANCETYPE ="Source Definition" TOFIELD ="PHONE_NUMBER" TOINSTANCE ="SQ_EMPLOYEES" TOINSTANCETYPE ="Source Qualifier"/>
        <CONNECTOR FROMFIELD ="HIRE_DATE" FROMINSTANCE ="EMPLOYEES" FROMINSTANCETYPE ="Source Definition" TOFIELD ="HIRE_DATE" TOINSTANCE ="SQ_EMPLOYEES" TOINSTANCETYPE ="Source Qualifier"/>
        <CONNECTOR FROMFIELD ="JOB_ID" FROMINSTANCE ="EMPLOYEES" FROMINSTANCETYPE ="Source Definition" TOFIELD ="JOB_ID" TOINSTANCE ="SQ_EMPLOYEES" TOINSTANCETYPE ="Source Qualifier"/>
        <CONNECTOR FROMFIELD ="SALARY" FROMINSTANCE ="EMPLOYEES" FROMINSTANCETYPE ="Source Definition" TOFIELD ="SALARY" TOINSTANCE ="SQ_EMPLOYEES" TOINSTANCETYPE ="Source Qualifier"/>
        <CONNECTOR FROMFIELD ="COMMISSION_PCT" FROMINSTANCE ="EMPLOYEES" FROMINSTANCETYPE ="Source Definition" TOFIELD ="COMMISSION_PCT" TOINSTANCE ="SQ_EMPLOYEES" TOINSTANCETYPE ="Source Qualifier"/>
        <CONNECTOR FROMFIELD ="MANAGER_ID" FROMINSTANCE ="EMPLOYEES" FROMINSTANCETYPE ="Source Definition" TOFIELD ="MANAGER_ID" TOINSTANCE ="SQ_EMPLOYEES" TOINSTANCETYPE ="Source Qualifier"/>
        <CONNECTOR FROMFIELD ="DEPARTMENT_ID" FROMINSTANCE ="EMPLOYEES" FROMINSTANCETYPE ="Source Definition" TOFIELD ="DEPARTMENT_ID" TOINSTANCE ="SQ_EMPLOYEES" TOINSTANCETYPE ="Source Qualifier"/>
        <CONNECTOR FROMFIELD ="EMPLOYEE_ID" FROMINSTANCE ="SQ_EMPLOYEES" FROMINSTANCETYPE ="Source Qualifier" TOFIELD ="IN_EMPLOYEE_ID" TOINSTANCE ="LKP_GetData" TOINSTANCETYPE ="Lookup Procedure"/>
        <CONNECTOR FROMFIELD ="COMMISSION_PCT" FROMINSTANCE ="SQ_EMPLOYEES" FROMINSTANCETYPE ="Source Qualifier" TOFIELD ="COMMISSION_PCT" TOINSTANCE ="EXP_DetectChanges" TOINSTANCETYPE ="Expression"/>
        <CONNECTOR FROMFIELD ="DEPARTMENT_ID" FROMINSTANCE ="SQ_EMPLOYEES" FROMINSTANCETYPE ="Source Qualifier" TOFIELD ="DEPARTMENT_ID" TOINSTANCE ="EXP_DetectChanges" TOINSTANCETYPE ="Expression"/>
        <CONNECTOR FROMFIELD ="EMAIL" FROMINSTANCE ="SQ_EMPLOYEES" FROMINSTANCETYPE ="Source Qualifier" TOFIELD ="EMAIL" TOINSTANCE ="EXP_DetectChanges" TOINSTANCETYPE ="Expression"/>
        <CONNECTOR FROMFIELD ="JOB_ID" FROMINSTANCE ="SQ_EMPLOYEES" FROMINSTANCETYPE ="Source Qualifier" TOFIELD ="JOB_ID" TOINSTANCE ="EXP_DetectChanges" TOINSTANCETYPE ="Expression"/>
        <CONNECTOR FROMFIELD ="MANAGER_ID" FROMINSTANCE ="SQ_EMPLOYEES" FROMINSTANCETYPE ="Source Qualifier" TOFIELD ="MANAGER_ID" TOINSTANCE ="EXP_DetectChanges" TOINSTANCETYPE ="Expression"/>
        <CONNECTOR FROMFIELD ="PHONE_NUMBER" FROMINSTANCE ="SQ_EMPLOYEES" FROMINSTANCETYPE ="Source Qualifier" TOFIELD ="PHONE_NUMBER" TOINSTANCE ="EXP_DetectChanges" TOINSTANCETYPE ="Expression"/>
        <CONNECTOR FROMFIELD ="SALARY" FROMINSTANCE ="SQ_EMPLOYEES" FROMINSTANCETYPE ="Source Qualifier" TOFIELD ="SALARY" TOINSTANCE ="EXP_DetectChanges" TOINSTANCETYPE ="Expression"/>
        <CONNECTOR FROMFIELD ="EMPLOYEE_ID" FROMINSTANCE ="SQ_EMPLOYEES" FROMINSTANCETYPE ="Source Qualifier" TOFIELD ="EMPLOYEE_ID" TOINSTANCE ="FIL_InsertNewRecord" TOINSTANCETYPE ="Filter"/>
        <CONNECTOR FROMFIELD ="FIRST_NAME" FROMINSTANCE ="SQ_EMPLOYEES" FROMINSTANCETYPE ="Source Qualifier" TOFIELD ="FIRST_NAME" TOINSTANCE ="FIL_InsertNewRecord" TOINSTANCETYPE ="Filter"/>
        <CONNECTOR FROMFIELD ="LAST_NAME" FROMINSTANCE ="SQ_EMPLOYEES" FROMINSTANCETYPE ="Source Qualifier" TOFIELD ="LAST_NAME" TOINSTANCE ="FIL_InsertNewRecord" TOINSTANCETYPE ="Filter"/>
        <CONNECTOR FROMFIELD ="EMAIL" FROMINSTANCE ="SQ_EMPLOYEES" FROMINSTANCETYPE ="Source Qualifier" TOFIELD ="EMAIL" TOINSTANCE ="FIL_InsertNewRecord" TOINSTANCETYPE ="Filter"/>
        <CONNECTOR FROMFIELD ="PHONE_NUMBER" FROMINSTANCE ="SQ_EMPLOYEES" FROMINSTANCETYPE ="Source Qualifier" TOFIELD ="PHONE_NUMBER" TOINSTANCE ="FIL_InsertNewRecord" TOINSTANCETYPE ="Filter"/>
        <CONNECTOR FROMFIELD ="HIRE_DATE" FROMINSTANCE ="SQ_EMPLOYEES" FROMINSTANCETYPE ="Source Qualifier" TOFIELD ="HIRE_DATE" TOINSTANCE ="FIL_InsertNewRecord" TOINSTANCETYPE ="Filter"/>
        <CONNECTOR FROMFIELD ="JOB_ID" FROMINSTANCE ="SQ_EMPLOYEES" FROMINSTANCETYPE ="Source Qualifier" TOFIELD ="JOB_ID" TOINSTANCE ="FIL_InsertNewRecord" TOINSTANCETYPE ="Filter"/>
        <CONNECTOR FROMFIELD ="SALARY" FROMINSTANCE ="SQ_EMPLOYEES" FROMINSTANCETYPE ="Source Qualifier" TOFIELD ="SALARY" TOINSTANCE ="FIL_InsertNewRecord" TOINSTANCETYPE ="Filter"/>
        <CONNECTOR FROMFIELD ="COMMISSION_PCT" FROMINSTANCE ="SQ_EMPLOYEES" FROMINSTANCETYPE ="Source Qualifier" TOFIELD ="COMMISSION_PCT" TOINSTANCE ="FIL_InsertNewRecord" TOINSTANCETYPE ="Filter"/>
        <CONNECTOR FROMFIELD ="MANAGER_ID" FROMINSTANCE ="SQ_EMPLOYEES" FROMINSTANCETYPE ="Source Qualifier" TOFIELD ="MANAGER_ID" TOINSTANCE ="FIL_InsertNewRecord" TOINSTANCETYPE ="Filter"/>
        <CONNECTOR FROMFIELD ="DEPARTMENT_ID" FROMINSTANCE ="SQ_EMPLOYEES" FROMINSTANCETYPE ="Source Qualifier" TOFIELD ="DEPARTMENT_ID" TOINSTANCE ="FIL_InsertNewRecord" TOINSTANCETYPE ="Filter"/>
        <CONNECTOR FROMFIELD ="EMPLOYEE_ID" FROMINSTANCE ="SQ_EMPLOYEES" FROMINSTANCETYPE ="Source Qualifier" TOFIELD ="EMPLOYEE_ID" TOINSTANCE ="FIL_InsertChangedRecord" TOINSTANCETYPE ="Filter"/>
        <CONNECTOR FROMFIELD ="FIRST_NAME" FROMINSTANCE ="SQ_EMPLOYEES" FROMINSTANCETYPE ="Source Qualifier" TOFIELD ="FIRST_NAME" TOINSTANCE ="FIL_InsertChangedRecord" TOINSTANCETYPE ="Filter"/>
        <CONNECTOR FROMFIELD ="LAST_NAME" FROMINSTANCE ="SQ_EMPLOYEES" FROMINSTANCETYPE ="Source Qualifier" TOFIELD ="LAST_NAME" TOINSTANCE ="FIL_InsertChangedRecord" TOINSTANCETYPE ="Filter"/>
        <CONNECTOR FROMFIELD ="EMAIL" FROMINSTANCE ="SQ_EMPLOYEES" FROMINSTANCETYPE ="Source Qualifier" TOFIELD ="EMAIL" TOINSTANCE ="FIL_InsertChangedRecord" TOINSTANCETYPE ="Filter"/>
        <CONNECTOR FROMFIELD ="PHONE_NUMBER" FROMINSTANCE ="SQ_EMPLOYEES" FROMINSTANCETYPE ="Source Qualifier" TOFIELD ="PHONE_NUMBER" TOINSTANCE ="FIL_InsertChangedRecord" TOINSTANCETYPE ="Filter"/>
        <CONNECTOR FROMFIELD ="HIRE_DATE" FROMINSTANCE ="SQ_EMPLOYEES" FROMINSTANCETYPE ="Source Qualifier" TOFIELD ="HIRE_DATE" TOINSTANCE ="FIL_InsertChangedRecord" TOINSTANCETYPE ="Filter"/>
        <CONNECTOR FROMFIELD ="JOB_ID" FROMINSTANCE ="SQ_EMPLOYEES" FROMINSTANCETYPE ="Source Qualifier" TOFIELD ="JOB_ID" TOINSTANCE ="FIL_InsertChangedRecord" TOINSTANCETYPE ="Filter"/>
        <CONNECTOR FROMFIELD ="SALARY" FROMINSTANCE ="SQ_EMPLOYEES" FROMINSTANCETYPE ="Source Qualifier" TOFIELD ="SALARY" TOINSTANCE ="FIL_InsertChangedRecord" TOINSTANCETYPE ="Filter"/>
        <CONNECTOR FROMFIELD ="COMMISSION_PCT" FROMINSTANCE ="SQ_EMPLOYEES" FROMINSTANCETYPE ="Source Qualifier" TOFIELD ="COMMISSION_PCT" TOINSTANCE ="FIL_InsertChangedRecord" TOINSTANCETYPE ="Filter"/>
        <CONNECTOR FROMFIELD ="MANAGER_ID" FROMINSTANCE ="SQ_EMPLOYEES" FROMINSTANCETYPE ="Source Qualifier" TOFIELD ="MANAGER_ID" TOINSTANCE ="FIL_InsertChangedRecord" TOINSTANCETYPE ="Filter"/>
        <CONNECTOR FROMFIELD ="DEPARTMENT_ID" FROMINSTANCE ="SQ_EMPLOYEES" FROMINSTANCETYPE ="Source Qualifier" TOFIELD ="DEPARTMENT_ID" TOINSTANCE ="FIL_InsertChangedRecord" TOINSTANCETYPE ="Filter"/>
        <CONNECTOR FROMFIELD ="PM_PRIMARYKEY" FROMINSTANCE ="LKP_GetData" FROMINSTANCETYPE ="Lookup Procedure" TOFIELD ="PM_PRIMARYKEY" TOINSTANCE ="FIL_UpdateChangedRecord" TOINSTANCETYPE ="Filter"/>
        <CONNECTOR FROMFIELD ="PM_PRIMARYKEY" FROMINSTANCE ="LKP_GetData" FROMINSTANCETYPE ="Lookup Procedure" TOFIELD ="PM_PRIMARYKEY" TOINSTANCE ="EXP_DetectChanges" TOINSTANCETYPE ="Expression"/>
        <CONNECTOR FROMFIELD ="COMMISSION_PCT" FROMINSTANCE ="LKP_GetData" FROMINSTANCETYPE ="Lookup Procedure" TOFIELD ="PM_PREV_COMMISSION_PCT" TOINSTANCE ="EXP_DetectChanges" TOINSTANCETYPE ="Expression"/>
        <CONNECTOR FROMFIELD ="DEPARTMENT_ID" FROMINSTANCE ="LKP_GetData" FROMINSTANCETYPE ="Lookup Procedure" TOFIELD ="PM_PREV_DEPARTMENT_ID" TOINSTANCE ="EXP_DetectChanges" TOINSTANCETYPE ="Expression"/>
        <CONNECTOR FROMFIELD ="EMAIL" FROMINSTANCE ="LKP_GetData" FROMINSTANCETYPE ="Lookup Procedure" TOFIELD ="PM_PREV_EMAIL" TOINSTANCE ="EXP_DetectChanges" TOINSTANCETYPE ="Expression"/>
        <CONNECTOR FROMFIELD ="JOB_ID" FROMINSTANCE ="LKP_GetData" FROMINSTANCETYPE ="Lookup Procedure" TOFIELD ="PM_PREV_JOB_ID" TOINSTANCE ="EXP_DetectChanges" TOINSTANCETYPE ="Expression"/>
        <CONNECTOR FROMFIELD ="MANAGER_ID" FROMINSTANCE ="LKP_GetData" FROMINSTANCETYPE ="Lookup Procedure" TOFIELD ="PM_PREV_MANAGER_ID" TOINSTANCE ="EXP_DetectChanges" TOINSTANCETYPE ="Expression"/>
        <CONNECTOR FROMFIELD ="PHONE_NUMBER" FROMINSTANCE ="LKP_GetData" FROMINSTANCETYPE ="Lookup Procedure" TOFIELD ="PM_PREV_PHONE_NUMBER" TOINSTANCE ="EXP_DetectChanges" TOINSTANCETYPE ="Expression"/>
        <CONNECTOR FROMFIELD ="SALARY" FROMINSTANCE ="LKP_GetData" FROMINSTANCETYPE ="Lookup Procedure" TOFIELD ="PM_PREV_SALARY" TOINSTANCE ="EXP_DetectChanges" TOINSTANCETYPE ="Expression"/>
        <CONNECTOR FROMFIELD ="PM_CURRENT_FLAG" FROMINSTANCE ="LKP_GetData" FROMINSTANCETYPE ="Lookup Procedure" TOFIELD ="PM_CURRENT_FLAG" TOINSTANCE ="EXP_DetectChanges" TOINSTANCETYPE ="Expression"/>
        <CONNECTOR FROMFIELD ="PM_PRIMARYKEY" FROMINSTANCE ="LKP_GetData" FROMINSTANCETYPE ="Lookup Procedure" TOFIELD ="PM_PRIMARYKEY" TOINSTANCE ="FIL_InsertChangedRecord" TOINSTANCETYPE ="Filter"/>
        <CONNECTOR FROMFIELD ="ChangedFlag" FROMINSTANCE ="EXP_DetectChanges" FROMINSTANCETYPE ="Expression" TOFIELD ="ChangedFlag" TOINSTANCE ="FIL_UpdateChangedRecord" TOINSTANCETYPE ="Filter"/>
        <CONNECTOR FROMFIELD ="NewFlag" FROMINSTANCE ="EXP_DetectChanges" FROMINSTANCETYPE ="Expression" TOFIELD ="NewFlag" TOINSTANCE ="FIL_InsertNewRecord" TOINSTANCETYPE ="Filter"/>
        <CONNECTOR FROMFIELD ="ChangedFlag" FROMINSTANCE ="EXP_DetectChanges" FROMINSTANCETYPE ="Expression" TOFIELD ="ChangedFlag" TOINSTANCE ="FIL_InsertChangedRecord" TOINSTANCETYPE ="Filter"/>
        <CONNECTOR FROMFIELD ="EMPLOYEE_ID" FROMINSTANCE ="FIL_InsertNewRecord" FROMINSTANCETYPE ="Filter" TOFIELD ="EMPLOYEE_ID" TOINSTANCE ="UPD_ForceInserts" TOINSTANCETYPE ="Update Strategy"/>
        <CONNECTOR FROMFIELD ="FIRST_NAME" FROMINSTANCE ="FIL_InsertNewRecord" FROMINSTANCETYPE ="Filter" TOFIELD ="FIRST_NAME" TOINSTANCE ="UPD_ForceInserts" TOINSTANCETYPE ="Update Strategy"/>
        <CONNECTOR FROMFIELD ="LAST_NAME" FROMINSTANCE ="FIL_InsertNewRecord" FROMINSTANCETYPE ="Filter" TOFIELD ="LAST_NAME" TOINSTANCE ="UPD_ForceInserts" TOINSTANCETYPE ="Update Strategy"/>
        <CONNECTOR FROMFIELD ="EMAIL" FROMINSTANCE ="FIL_InsertNewRecord" FROMINSTANCETYPE ="Filter" TOFIELD ="EMAIL" TOINSTANCE ="UPD_ForceInserts" TOINSTANCETYPE ="Update Strategy"/>
        <CONNECTOR FROMFIELD ="PHONE_NUMBER" FROMINSTANCE ="FIL_InsertNewRecord" FROMINSTANCETYPE ="Filter" TOFIELD ="PHONE_NUMBER" TOINSTANCE ="UPD_ForceInserts" TOINSTANCETYPE ="Update Strategy"/>
        <CONNECTOR FROMFIELD ="HIRE_DATE" FROMINSTANCE ="FIL_InsertNewRecord" FROMINSTANCETYPE ="Filter" TOFIELD ="HIRE_DATE" TOINSTANCE ="UPD_ForceInserts" TOINSTANCETYPE ="Update Strategy"/>
        <CONNECTOR FROMFIELD ="JOB_ID" FROMINSTANCE ="FIL_InsertNewRecord" FROMINSTANCETYPE ="Filter" TOFIELD ="JOB_ID" TOINSTANCE ="UPD_ForceInserts" TOINSTANCETYPE ="Update Strategy"/>
        <CONNECTOR FROMFIELD ="SALARY" FROMINSTANCE ="FIL_InsertNewRecord" FROMINSTANCETYPE ="Filter" TOFIELD ="SALARY" TOINSTANCE ="UPD_ForceInserts" TOINSTANCETYPE ="Update Strategy"/>
        <CONNECTOR FROMFIELD ="COMMISSION_PCT" FROMINSTANCE ="FIL_InsertNewRecord" FROMINSTANCETYPE ="Filter" TOFIELD ="COMMISSION_PCT" TOINSTANCE ="UPD_ForceInserts" TOINSTANCETYPE ="Update Strategy"/>
        <CONNECTOR FROMFIELD ="MANAGER_ID" FROMINSTANCE ="FIL_InsertNewRecord" FROMINSTANCETYPE ="Filter" TOFIELD ="MANAGER_ID" TOINSTANCE ="UPD_ForceInserts" TOINSTANCETYPE ="Update Strategy"/>
        <CONNECTOR FROMFIELD ="DEPARTMENT_ID" FROMINSTANCE ="FIL_InsertNewRecord" FROMINSTANCETYPE ="Filter" TOFIELD ="DEPARTMENT_ID" TOINSTANCE ="UPD_ForceInserts" TOINSTANCETYPE ="Update Strategy"/>
        <CONNECTOR FROMFIELD ="NEXTVAL" FROMINSTANCE ="SEQ_GenerateKeys" FROMINSTANCETYPE ="Sequence" TOFIELD ="NEXTVAL" TOINSTANCE ="EXP_KeyProcessing_InsertNew" TOINSTANCETYPE ="Expression"/>
        <CONNECTOR FROMFIELD ="JOB_ID" FROMINSTANCE ="FIL_InsertChangedRecord" FROMINSTANCETYPE ="Filter" TOFIELD ="JOB_ID" TOINSTANCE ="UPD_ChangedInserts" TOINSTANCETYPE ="Update Strategy"/>
        <CONNECTOR FROMFIELD ="SALARY" FROMINSTANCE ="FIL_InsertChangedRecord" FROMINSTANCETYPE ="Filter" TOFIELD ="SALARY" TOINSTANCE ="UPD_ChangedInserts" TOINSTANCETYPE ="Update Strategy"/>
        <CONNECTOR FROMFIELD ="COMMISSION_PCT" FROMINSTANCE ="FIL_InsertChangedRecord" FROMINSTANCETYPE ="Filter" TOFIELD ="COMMISSION_PCT" TOINSTANCE ="UPD_ChangedInserts" TOINSTANCETYPE ="Update Strategy"/>
        <CONNECTOR FROMFIELD ="MANAGER_ID" FROMINSTANCE ="FIL_InsertChangedRecord" FROMINSTANCETYPE ="Filter" TOFIELD ="MANAGER_ID" TOINSTANCE ="UPD_ChangedInserts" TOINSTANCETYPE ="Update Strategy"/>
        <CONNECTOR FROMFIELD ="DEPARTMENT_ID" FROMINSTANCE ="FIL_InsertChangedRecord" FROMINSTANCETYPE ="Filter" TOFIELD ="DEPARTMENT_ID" TOINSTANCE ="UPD_ChangedInserts" TOINSTANCETYPE ="Update Strategy"/>
        <CONNECTOR FROMFIELD ="PM_PRIMARYKEY" FROMINSTANCE ="FIL_InsertChangedRecord" FROMINSTANCETYPE ="Filter" TOFIELD ="PM_PRIMARYKEY" TOINSTANCE ="UPD_ChangedInserts" TOINSTANCETYPE ="Update Strategy"/>
        <CONNECTOR FROMFIELD ="EMPLOYEE_ID" FROMINSTANCE ="FIL_InsertChangedRecord" FROMINSTANCETYPE ="Filter" TOFIELD ="EMPLOYEE_ID" TOINSTANCE ="UPD_ChangedInserts" TOINSTANCETYPE ="Update Strategy"/>
        <CONNECTOR FROMFIELD ="FIRST_NAME" FROMINSTANCE ="FIL_InsertChangedRecord" FROMINSTANCETYPE ="Filter" TOFIELD ="FIRST_NAME" TOINSTANCE ="UPD_ChangedInserts" TOINSTANCETYPE ="Update Strategy"/>
        <CONNECTOR FROMFIELD ="LAST_NAME" FROMINSTANCE ="FIL_InsertChangedRecord" FROMINSTANCETYPE ="Filter" TOFIELD ="LAST_NAME" TOINSTANCE ="UPD_ChangedInserts" TOINSTANCETYPE ="Update Strategy"/>
        <CONNECTOR FROMFIELD ="EMAIL" FROMINSTANCE ="FIL_InsertChangedRecord" FROMINSTANCETYPE ="Filter" TOFIELD ="EMAIL" TOINSTANCE ="UPD_ChangedInserts" TOINSTANCETYPE ="Update Strategy"/>
        <CONNECTOR FROMFIELD ="PHONE_NUMBER" FROMINSTANCE ="FIL_InsertChangedRecord" FROMINSTANCETYPE ="Filter" TOFIELD ="PHONE_NUMBER" TOINSTANCE ="UPD_ChangedInserts" TOINSTANCETYPE ="Update Strategy"/>
        <CONNECTOR FROMFIELD ="HIRE_DATE" FROMINSTANCE ="FIL_InsertChangedRecord" FROMINSTANCETYPE ="Filter" TOFIELD ="HIRE_DATE" TOINSTANCE ="UPD_ChangedInserts" TOINSTANCETYPE ="Update Strategy"/>
        <CONNECTOR FROMFIELD ="PM_PRIMARYKEY" FROMINSTANCE ="UPD_ChangedInserts" FROMINSTANCETYPE ="Update Strategy" TOFIELD ="PM_PRIMARYKEY" TOINSTANCE ="EXP_KeyProcessing_InsertChanged" TOINSTANCETYPE ="Expression"/>
        <CONNECTOR FROMFIELD ="PM_PRIMARYKEY" FROMINSTANCE ="FIL_UpdateChangedRecord" FROMINSTANCETYPE ="Filter" TOFIELD ="PM_PRIMARYKEY" TOINSTANCE ="UPD_ChangedUpdate" TOINSTANCETYPE ="Update Strategy"/>
        <CONNECTOR FROMFIELD ="PM_PRIMARYKEY" FROMINSTANCE ="UPD_ChangedUpdate" FROMINSTANCETYPE ="Update Strategy" TOFIELD ="PM_PRIMARYKEY" TOINSTANCE ="EXP_KeyProcessing_UpdateChanged" TOINSTANCETYPE ="Expression"/>
        <TARGETLOADORDER ORDER ="1" TARGETINSTANCE ="TARGETDIMEMPLOYEESCD2"/>
        <TARGETLOADORDER ORDER ="1" TARGETINSTANCE ="TARGETDIMEMPLOYEESCD21"/>
        <TARGETLOADORDER ORDER ="1" TARGETINSTANCE ="TARGETDIMEMPLOYEESCD22"/>
        <ERPINFO/>
    </MAPPING>
</FOLDER>
</REPOSITORY>
</POWERMART>